# target=instancias/pollock.png T=240 iters=5000 K=32 seed=auto
iter	segundos	MSE
0	0.00224579	10862.2
1	0.0199791	10856.1
2	0.0377583	10838.4
3	0.0559425	10837.5
4	0.0737796	10834.7
5	0.0915706	10784.3
6	0.109161	10746.3
7	0.126979	10746.2
8	0.145268	10732.9
9	0.163488	10726
10	0.181496	10716.3
11	0.200041	10711.2
12	0.218377	10700.6
13	0.236326	10700.6
14	0.254168	10681.7
15	0.27219	10631.3
16	0.29024	10630.4
17	0.308241	10620.8
18	0.326374	10602.4
19	0.344521	10515.1
20	0.362376	10503.5
21	0.381643	10503
22	0.400015	10500.3
23	0.418334	10488
24	0.437019	10481.3
25	0.455	10466.7
26	0.473319	10463.9
27	0.491235	10454.4
28	0.509922	10423.3
29	0.528294	10418.5
30	0.546727	10417.1
31	0.565235	10416
32	0.583525	10401.2
33	0.602023	10401.2
34	0.622493	10393
35	0.657609	10383
36	0.681552	10380.8
37	0.702965	10377.7
38	0.723374	10350
39	0.743034	10348.6
40	0.761628	10344
41	0.779755	10341.2
42	0.79789	10336.6
43	0.817312	10309.6
44	0.835833	10288.9
45	0.854144	10276.8
46	0.872797	10257.5
47	0.891286	10248.4
48	0.909949	10235.6
49	0.928616	10189.5
50	0.94784	10173.6
51	0.975789	10173.1
52	0.998972	10162.9
53	1.01872	10159
54	1.03914	10124.6
55	1.05836	10107.3
56	1.07818	10105.4
57	1.09782	10086.5
58	1.11792	10028.6
59	1.13871	10006.7
60	1.1614	9986.77
61	1.18284	9983.65
62	1.20204	9966.8
63	1.22131	9961.89
64	1.24174	9950.55
65	1.26164	9925.6
66	1.28364	9909.73
67	1.30282	9897.75
68	1.32187	9896.39
69	1.34159	9895.32
70	1.36117	9855.8
71	1.38067	9854.26
72	1.40111	9772.55
73	1.42074	9761.47
74	1.44057	9742.57
75	1.46067	9733.3
76	1.48413	9700.54
77	1.51979	9685.73
78	1.54313	9674.94
79	1.56318	9626.1
80	1.58335	9620.27
81	1.60365	9602.53
82	1.6242	9593.78
83	1.64452	9591.46
84	1.66594	9590.62
85	1.68622	9580.42
86	1.70747	9579.6
87	1.72769	9549.66
88	1.74876	9546.38
89	1.76918	9538.82
90	1.78903	9526.01
91	1.80966	9492.99
92	1.83146	9484.65
93	1.86007	9441.76
94	1.89575	9436.1
95	1.91678	9423.11
96	1.93814	9421.83
97	1.95873	9410.3
98	1.97883	9379.51
99	1.99867	9366.91
100	2.01871	9346.87
101	2.03898	9304.58
102	2.05912	9214.94
103	2.07973	9175.59
104	2.10021	9174.8
105	2.1205	9172.09
106	2.1407	9164.29
107	2.16107	9162.6
108	2.18186	9161.44
109	2.20245	9156.05
110	2.22264	9155.79
111	2.2429	9148.5
112	2.26319	9141.01
113	2.28479	9132.48
114	2.30586	9125.69
115	2.32637	9099.4
116	2.34698	9086.92
117	2.36771	9086.29
118	2.38848	9072.53
119	2.40923	9056.06
120	2.4302	9051.5
121	2.45083	9007.08
122	2.47143	8991.22
123	2.49254	8979.71
124	2.51367	8978.47
125	2.53414	8942.05
126	2.55471	8933.32
127	2.57561	8897.15
128	2.59631	8896.96
129	2.61752	8885.83
130	2.63851	8874.31
131	2.65933	8871.42
132	2.68067	8833.27
133	2.70167	8791.81
134	2.72282	8782.19
135	2.74429	8760.77
136	2.76503	8727.77
137	2.78598	8714
138	2.80686	8650.12
139	2.82827	8640.95
140	2.84931	8601.01
141	2.86992	8576.94
142	2.891	8552.43
143	2.912	8534.79
144	2.93299	8530.06
145	2.95436	8524.87
146	2.97579	8524.87
147	2.99784	8514.86
148	3.01875	8511.66
149	3.0399	8482.01
150	3.06198	8455.49
151	3.08454	8448.12
152	3.10574	8424.23
153	3.1269	8404.56
154	3.1486	8393.78
155	3.17032	8392.46
156	3.19209	8376.04
157	3.21416	8363.33
158	3.23549	8342.75
159	3.25701	8302.08
160	3.27969	8298.35
161	3.30207	8291.89
162	3.32344	8287.16
163	3.34527	8284.12
164	3.36749	8283.03
165	3.38906	8281.49
166	3.41041	8279.84
167	3.43188	8273.92
168	3.45338	8266.85
169	3.4747	8231.03
170	3.4961	8226.24
171	3.5178	8202.51
172	3.53965	8201.06
173	3.56128	8192.38
174	3.58288	8155.27
175	3.60448	8146.67
176	3.62644	8142.74
177	3.64914	8134.7
178	3.67109	8101.81
179	3.69277	8093.51
180	3.71476	8087.47
181	3.73691	8080.61
182	3.75871	8077.69
183	3.78045	8071.4
184	3.80229	8067.22
185	3.82394	8044.36
186	3.84574	8040.98
187	3.86782	8026.76
188	3.89015	8023.29
189	3.91172	8023.14
190	3.93407	8002.68
191	3.95625	7992.37
192	3.97869	7986.48
193	4.00136	7985.24
194	4.02407	7964.99
195	4.04739	7950.37
196	4.07056	7927.67
197	4.09289	7924.84
198	4.1149	7886.33
199	4.13825	7879.95
200	4.16015	7876.92
201	4.18281	7875.24
202	4.20522	7866.23
203	4.22732	7864.68
204	4.24997	7827.2
205	4.2721	7778.16
206	4.29422	7778.14
207	4.31607	7745.69
208	4.33834	7715.41
209	4.36052	7714.88
210	4.38331	7713.37
211	4.40525	7708.97
212	4.42722	7707.65
213	4.44981	7672.66
214	4.47208	7661.33
215	4.49425	7656.85
216	4.5164	7652.04
217	4.53843	7637.27
218	4.5608	7636.82
219	4.58316	7601.87
220	4.60534	7590.61
221	4.631	7549.48
222	4.67133	7543.74
223	4.70685	7532.73
224	4.73012	7526.51
225	4.75472	7524.68
226	4.78024	7523.9
227	4.80602	7521.39
228	4.8301	7496.28
229	4.85299	7469.52
230	4.87606	7459.42
231	4.89987	7451.85
232	4.92246	7432.51
233	4.94572	7431.68
234	4.96847	7426.71
235	4.99159	7425.09
236	5.01448	7404.11
237	5.03756	7395.09
238	5.05955	7343.72
239	5.08165	7338.38
240	5.10383	7337.97
241	5.12611	7337.16
242	5.14873	7322.23
243	5.17112	7321.57
244	5.19361	7321.29
245	5.21617	7319.77
246	5.23913	7319.3
247	5.26163	7319.2
248	5.28443	7303.35
249	5.3074	7302.9
250	5.33024	7301.8
251	5.35394	7295.57
252	5.37661	7286.04
253	5.39916	7285.87
254	5.42185	7272.04
255	5.44447	7268.56
257	5.48931	7267.8
258	5.51168	7255.97
259	5.53418	7231.3
260	5.55679	7192.23
261	5.57899	7192.15
262	5.60149	7187.05
263	5.62402	7184.9
264	5.65434	7184.62
265	5.68226	7162.21
266	5.705	7161.14
267	5.72763	7152.55
268	5.74999	7142.02
269	5.77261	7134.72
270	5.79536	7128.47
271	5.81822	7121.17
272	5.84073	7116
273	5.86325	7115.96
274	5.88665	7105.47
275	5.90967	7103.72
276	5.93233	7102.08
277	5.95555	7101.71
278	5.97864	7093.25
279	6.00161	7090.87
280	6.02414	7090.22
281	6.04763	7089.5
282	6.07182	7088.54
283	6.09436	7022.29
284	6.11727	7017.93
285	6.14029	7016.84
286	6.1633	7014.36
287	6.18828	7012
288	6.21244	7010.91
289	6.23559	6977.5
290	6.25899	6974.6
291	6.28195	6971.3
292	6.30482	6969.5
293	6.32749	6961.92
294	6.35072	6931.03
295	6.37422	6912.36
296	6.39739	6902.33
297	6.42047	6897.72
298	6.44357	6826.85
299	6.4666	6814.03
300	6.49081	6811.14
301	6.51421	6806.79
302	6.53717	6804.98
303	6.56054	6804.25
304	6.5837	6799.44
305	6.60737	6797.06
306	6.63041	6783.4
307	6.6538	6776.05
308	6.6776	6775.5
309	6.70056	6775.35
310	6.72475	6748.29
311	6.74772	6747.57
312	6.77059	6717
313	6.79354	6710.87
314	6.81689	6703.7
315	6.8414	6701.78
316	6.86528	6654.16
317	6.88826	6640.51
318	6.91164	6618.76
319	6.93535	6575.34
320	6.95887	6545
321	6.9824	6531.02
322	7.00662	6528.13
323	7.03051	6523.84
324	7.05448	6522.41
325	7.0781	6514.7
326	7.10175	6513.92
327	7.12536	6495.37
328	7.14906	6493.89
329	7.1727	6487.29
330	7.19641	6475.38
331	7.22056	6471.55
332	7.24462	6467.43
333	7.26818	6441.6
334	7.29242	6437.9
335	7.31659	6416.88
336	7.34084	6415.11
337	7.36472	6406.04
338	7.38817	6393.61
339	7.4117	6379.84
340	7.43519	6372.67
341	7.46003	6363.31
342	7.48372	6283.89
343	7.50747	6269.68
344	7.53165	6269.4
345	7.55563	6268.18
346	7.57958	6263.78
347	7.6033	6263.02
348	7.62741	6262.87
349	7.65132	6258.54
350	7.67513	6258.4
351	7.69887	6236.56
352	7.72307	6218.84
353	7.74818	6216.98
354	7.77232	6205.82
355	7.79702	6151.06
356	7.82242	6144.62
357	7.85256	6143.04
358	7.87657	6137.97
359	7.90094	6133.63
360	7.92536	6127.68
361	7.94912	6059.5
362	7.97377	6052.94
363	7.99854	6051.09
364	8.0225	6051.04
365	8.04658	6040.2
366	8.07077	6037.39
367	8.09511	6025.24
368	8.1195	6025.2
369	8.14382	6017.87
370	8.16868	6013.83
371	8.19272	6005.06
372	8.21709	5984.66
373	8.24126	5937.38
374	8.26647	5935.48
375	8.29185	5914.06
376	8.31646	5902.39
377	8.34116	5896.13
378	8.36574	5871.51
379	8.39085	5857.87
380	8.41689	5840.52
381	8.44192	5829.04
382	8.46736	5824.84
383	8.49169	5815.39
384	8.51686	5803.59
385	8.54146	5801.16
386	8.5666	5799.91
387	8.59138	5797.74
388	8.61642	5794.33
389	8.6411	5767.07
390	8.66558	5758.04
391	8.69034	5751.6
392	8.71515	5746.47
393	8.74083	5746.05
394	8.76609	5741.16
395	8.79106	5740.62
396	8.81639	5728.07
397	8.84153	5725.12
398	8.86657	5716.8
399	8.89181	5700.43
400	8.91666	5698.77
401	8.94149	5686.73
402	8.96664	5686.32
403	8.99137	5681.82
404	9.0163	5678.94
405	9.04135	5673.99
406	9.0666	5673.99
407	9.09166	5662.3
408	9.11667	5661.93
409	9.14186	5635.48
410	9.16767	5625.91
411	9.19338	5595.83
412	9.21889	5595.46
413	9.24386	5592.89
414	9.26887	5581.26
415	9.29427	5581.21
416	9.31993	5574.9
417	9.34505	5572.41
418	9.37011	5568.25
419	9.39545	5561.84
420	9.4211	5553.03
421	9.4465	5551.47
422	9.47407	5549.9
423	9.49956	5547.61
424	9.52443	5545.68
425	9.54931	5535.03
426	9.57459	5534.56
427	9.59953	5532.57
428	9.62474	5525.01
429	9.65058	5508.91
430	9.67568	5490.55
431	9.70061	5485.71
432	9.72592	5484.25
433	9.75113	5478.29
434	9.777	5431.23
435	9.80275	5420.48
436	9.82782	5404.05
437	9.8536	5387.9
438	9.87917	5385.12
439	9.90479	5384.55
440	9.92991	5384.35
441	9.9551	5383.46
442	9.98044	5379.06
443	10.0066	5378.78
444	10.0454	5355.12
445	10.077	5344.17
446	10.1044	5343.98
447	10.1296	5342.35
448	10.155	5336.11
449	10.1805	5335.83
450	10.2131	5334.1
451	10.2412	5329.67
452	10.2663	5326.58
453	10.2919	5324.91
454	10.3187	5321.47
455	10.3445	5319.98
456	10.3699	5318.47
457	10.3955	5307.84
458	10.4216	5307.65
459	10.4471	5292.72
460	10.4731	5290.51
461	10.4988	5282.11
462	10.5252	5281.11
463	10.5511	5267.85
464	10.5791	5262.45
465	10.6054	5262.04
466	10.6314	5261.67
467	10.657	5258.9
468	10.6826	5255.63
469	10.7078	5235.96
470	10.7338	5229.57
471	10.7597	5228.37
472	10.7852	5225.83
473	10.8104	5224.95
474	10.836	5223.74
475	10.8617	5222.09
476	10.8871	5220.37
477	10.9133	5219.2
478	10.9388	5211.41
479	10.9652	5204.26
480	10.9926	5203.87
481	11.0182	5203.02
482	11.044	5202.59
483	11.0703	5202.46
484	11.0966	5201.69
485	11.1229	5200.88
486	11.1501	5199.25
487	11.176	5199.22
488	11.2016	5188.23
489	11.2276	5188.15
490	11.2538	5184.78
491	11.2797	5183.37
492	11.3054	5180.83
493	11.3312	5180.16
494	11.3569	5172.64
495	11.383	5161.03
496	11.4086	5160.92
497	11.4341	5158.87
498	11.4604	5153.3
499	11.4863	5150.14
500	11.5125	5142.42
501	11.5387	5141.41
502	11.5651	5141.22
503	11.5911	5139.7
504	11.6175	5138.72
505	11.6438	5134.12
506	11.6705	5133.39
507	11.697	5117.24
508	11.7227	5107.45
509	11.749	5104.99
510	11.775	5104.38
511	11.8013	5097.9
512	11.8271	5091.78
513	11.8529	5091.58
514	11.879	5086.63
515	11.9051	5082.57
516	11.9312	5075.37
517	11.957	5074.89
518	11.9835	5072.25
519	12.0094	5070.74
520	12.0356	5070.68
521	12.0618	5068.99
522	12.0876	5068.32
523	12.1137	5040.78
524	12.1397	5039.87
525	12.1668	5029.35
526	12.1937	5017.25
527	12.2203	5009.47
528	12.2464	5008.98
529	12.273	4995.01
530	12.299	4989.05
531	12.3251	4986.95
532	12.3525	4985.09
533	12.3784	4982.38
534	12.4045	4980.72
535	12.4309	4973.35
536	12.4579	4970.29
537	12.4846	4966.31
538	12.5112	4945.67
539	12.5378	4936.38
540	12.5644	4931.92
541	12.5914	4929.85
542	12.6182	4928.63
543	12.6451	4925.13
544	12.672	4922.02
545	12.6984	4921.34
546	12.7249	4914.58
547	12.7515	4911.63
548	12.7789	4911.27
549	12.8075	4911.2
550	12.8345	4895.87
551	12.8613	4895.63
552	12.8881	4887.39
553	12.915	4885.92
554	12.942	4885.73
555	12.9689	4882.84
556	12.996	4856.06
557	13.0229	4849.74
558	13.0494	4842.63
559	13.0764	4832.15
560	13.1039	4827.98
561	13.1309	4825.3
562	13.1577	4821.73
563	13.1848	4821.32
564	13.2123	4819.46
565	13.2396	4812.19
566	13.267	4811.69
567	13.2945	4810.01
568	13.3219	4805.01
569	13.349	4804.52
570	13.376	4789.88
571	13.403	4788.88
572	13.43	4783.09
573	13.4571	4726.92
574	13.4842	4720.86
575	13.5113	4700.9
576	13.5393	4699.97
577	13.5662	4692.07
578	13.5932	4686.86
579	13.6204	4674.88
580	13.6476	4660.99
581	13.6751	4648.65
582	13.7025	4559.52
583	13.7296	4552.15
584	13.7571	4551.86
585	13.7848	4551.64
586	13.8127	4548.11
587	13.8401	4546.46
588	13.8675	4546.45
589	13.8951	4545.98
590	13.9227	4545.86
591	13.9502	4526.93
592	13.9776	4524.08
593	14.0051	4522.37
594	14.0335	4522.23
595	14.0606	4465.49
596	14.088	4461.45
597	14.1171	4461.22
598	14.1448	4459.54
599	14.1723	4455
600	14.1998	4452.14
601	14.2283	4379.29
602	14.2561	4367.08
603	14.2837	4366.42
604	14.3115	4366.35
605	14.3393	4353.59
606	14.3672	4351.45
607	14.3948	4349.12
608	14.4226	4349.08
609	14.4504	4347.43
610	14.4786	4344.91
611	14.5066	4332.46
612	14.5342	4304.38
613	14.5626	4287.42
614	14.5907	4285.37
615	14.6193	4282.38
616	14.6475	4281.31
617	14.6759	4276.05
618	14.704	4268.18
619	14.732	4262.16
620	14.7599	4251.89
621	14.7886	4247.08
622	14.8169	4246.63
623	14.845	4245.02
624	14.8734	4238.45
625	14.9017	4236.95
627	14.9586	4235.52
628	14.9891	4234.79
629	15.0185	4223.11
630	15.0591	4221.41
631	15.0891	4221.3
632	15.1191	4219.44
633	15.148	4218.86
634	15.1771	4217.25
635	15.2055	4216.74
636	15.2336	4208.73
637	15.2618	4199.55
638	15.2901	4192.78
639	15.3185	4185.65
640	15.3469	4185.31
641	15.3752	4183.03
642	15.4039	4182.67
643	15.4321	4181.4
644	15.4608	4176.18
645	15.489	4171.49
646	15.5174	4171.1
647	15.5461	4165.66
648	15.5745	4162.76
649	15.6033	4161.01
650	15.6317	4158.22
651	15.6603	4153.2
652	15.689	4152.52
653	15.7175	4151.79
654	15.746	4149.93
655	15.7746	4148.25
656	15.803	4146.92
657	15.8319	4143.85
658	15.8603	4138.11
659	15.8896	4135.69
660	15.9181	4134.78
661	15.9468	4133.4
662	15.9757	4133.34
664	16.0336	4133.3
665	16.0619	4132.45
666	16.0904	4132.34
667	16.1189	4131.9
668	16.1473	4129.01
669	16.1759	4119.15
670	16.2041	4084.63
671	16.2327	4081.66
672	16.2615	4081.37
673	16.2909	4081.2
674	16.3194	4057.4
675	16.3483	4049.01
676	16.3774	4036.81
677	16.4064	4036.64
678	16.435	4035.03
679	16.4642	4034.52
680	16.4936	4034.11
681	16.5222	4033.3
682	16.551	4032.52
683	16.5799	4032.28
684	16.6097	4029.49
685	16.6389	4025.59
686	16.6685	4025.56
687	16.6977	4024.53
688	16.7271	4024.21
689	16.7559	4024.18
690	16.7845	4023.11
692	16.8422	4022.77
693	16.871	4017.09
694	16.8998	4011.73
695	16.9285	4010.8
696	16.957	4009.86
697	16.9864	3978.56
698	17.016	3978.23
699	17.0453	3954.59
700	17.0743	3953.79
701	17.1031	3952.7
702	17.1318	3951.95
703	17.1614	3947.55
704	17.1919	3947.28
705	17.2214	3947
706	17.2508	3946.91
707	17.2804	3945.31
708	17.3142	3944.12
709	17.3433	3937.85
710	17.3722	3924.51
711	17.4016	3923.25
712	17.4354	3921.88
713	17.4676	3921.62
714	17.4987	3915.09
715	17.5306	3913.61
716	17.5654	3913.51
717	17.6056	3910.94
718	17.6483	3900.57
719	17.6937	3897.68
720	17.7646	3896.94
721	17.8071	3896.82
722	17.837	3893.21
723	17.8659	3893.13
724	17.8948	3893.07
726	17.9531	3892.97
728	18.0116	3884.87
729	18.0406	3884.76
730	18.0698	3884.42
731	18.0994	3883.82
732	18.1345	3881.06
733	18.1656	3878.48
734	18.1969	3876.32
735	18.2276	3869.11
736	18.2578	3869.09
737	18.2887	3868.62
738	18.3178	3867.13
739	18.3471	3865.33
740	18.3765	3864.08
741	18.4071	3860.9
742	18.4366	3860.74
743	18.4675	3860.51
744	18.498	3860.44
745	18.5282	3857.57
746	18.5577	3856.81
747	18.5868	3855.34
748	18.6167	3842.5
749	18.6457	3842.04
750	18.6752	3838.75
751	18.7045	3828.75
752	18.7344	3827.77
753	18.7655	3827.71
754	18.7945	3822.4
755	18.8243	3821.75
756	18.8534	3813.63
757	18.8827	3813.08
758	18.9127	3809.96
759	18.9429	3809.21
760	18.9724	3808.62
761	19.0019	3808.25
762	19.0323	3806.84
763	19.0624	3803.59
764	19.0921	3803.15
765	19.1214	3799.69
766	19.1514	3799.67
767	19.1812	3799.29
768	19.2105	3797.58
769	19.2397	3791.98
770	19.2697	3791.3
771	19.2992	3789.73
772	19.3293	3787.69
773	19.3599	3786.77
774	19.3911	3786.04
775	19.4202	3778.56
776	19.4496	3777.96
777	19.4789	3773.54
778	19.5086	3767.2
779	19.5384	3762.9
780	19.5684	3761.91
781	19.5975	3760.09
782	19.6267	3759.29
783	19.6561	3758.4
784	19.6858	3754.35
785	19.7158	3754.25
786	19.745	3751.04
787	19.7742	3747.47
788	19.8037	3747.26
789	19.833	3747.26
790	19.8624	3736.01
791	19.893	3735.76
792	19.9231	3726.61
793	19.9524	3722.05
794	19.9819	3722.03
795	20.0114	3721.24
796	20.0407	3706.96
797	20.0706	3703.85
798	20.1001	3702.01
799	20.1296	3696.06
800	20.159	3692.51
801	20.1881	3687.38
802	20.2178	3685.5
803	20.2471	3684.01
804	20.2767	3683.8
805	20.3064	3644.61
806	20.3357	3643.92
807	20.3652	3643.63
808	20.3947	3642.66
809	20.4245	3642.45
810	20.4541	3637.34
811	20.484	3636.81
812	20.5148	3632.58
813	20.5445	3618.77
814	20.5744	3618.16
815	20.6042	3606.78
816	20.6341	3604.85
817	20.6639	3598.55
818	20.695	3591.73
819	20.7474	3589.41
820	20.7995	3583.2
821	20.8297	3578.41
822	20.8601	3548.93
823	20.8899	3542.82
824	20.9203	3542.17
825	20.9527	3541.46
826	20.9826	3532.11
827	21.0138	3531.78
828	21.0442	3531.78
829	21.075	3530.33
830	21.1047	3530.24
831	21.1353	3518.79
832	21.166	3517.77
833	21.196	3515.45
834	21.2263	3515.26# target=instancias/pollock.png T=240 iters=5000 K=32 seed=auto
iter	segundos	MSE
0	0.00134054	10895.6
1	0.0203982	10872.8
2	0.0401124	10863.6
3	0.0602163	10861.3
4	0.0799028	10860.9
5	0.0991159	10850.3
6	0.11865	10845.8
7	0.138134	10838
8	0.157695	10819
9	0.177654	10807.8
10	0.196917	10795.4
11	0.216215	10795.4
12	0.235826	10734.9
13	0.255133	10723.4
14	0.275337	10700.4
15	0.29492	10700.3
16	0.314166	10695.6
17	0.333062	10685
18	0.352286	10660.2
19	0.371489	10660.1
20	0.390513	10644.8
21	0.409713	10644.8
22	0.429009	10644.7
23	0.448269	10642.4
24	0.468243	10612.3
25	0.487943	10583.1
26	0.50727	10582.7
27	0.526635	10581.4
28	0.54635	10542.8
29	0.583253	10537.2
30	0.613189	10519.4
31	0.637107	10449.6
32	0.668058	10448.8
33	0.71763	10413.9
34	0.742635	10393.2
35	0.763082	10368
36	0.785789	10367.1
37	0.808644	10352.9
38	0.829029	10344.6
39	0.850144	10301.1
40	0.87115	10286.4
41	0.891552	10255.8
42	0.911971	10254.8
43	0.933074	10254.8
44	0.95427	10246.4
45	0.977014	10240.2
46	0.997829	10239.5
47	1.01807	10230
48	1.03959	10228.6
49	1.06145	10211.1
50	1.08187	10199
51	1.10211	10179.3
52	1.12505	10167.5
53	1.15427	10141.4
54	1.1828	10141.3
55	1.20386	10128
56	1.22412	10108.1
57	1.24533	10101
58	1.26721	10085.6
59	1.28787	10037.8
60	1.30838	10034.6
61	1.33012	10034.4
62	1.35092	10031.5
63	1.37127	10015.7
64	1.39173	9994.79
65	1.41191	9982.98
66	1.43246	9980.37
67	1.45315	9956.9
68	1.47438	9953.06
69	1.49598	9952.25
70	1.51646	9948.22
71	1.53711	9933.34
72	1.55878	9929.56
73	1.58012	9856.88
74	1.60167	9856.81
75	1.62552	9851.66
76	1.64883	9824.29
77	1.67054	9819.16
78	1.69505	9731.78
79	1.71684	9702.76
80	1.73836	9688.03
81	1.7601	9687.13
82	1.78372	9683.4
83	1.80546	9680.63
84	1.82641	9667.22
85	1.84764	9611.57
86	1.8688	9601.53
87	1.89176	9589.56
88	1.91495	9587.41
89	1.93906	9587.34
90	1.9605	9586.77
91	1.98224	9577.85
92	2.00366	9574.58
93	2.02449	9565.99
94	2.04537	9548.23
95	2.06627	9547.82
96	2.08715	9543.34
97	2.10833	9520.74
98	2.13001	9496
99	2.15152	9495.93
100	2.17303	9490.94
101	2.1946	9486.86
102	2.21601	9483.89
103	2.23703	9418.52
104	2.2586	9412.65
105	2.28196	9384.61
106	2.30409	9378.45
107	2.32543	9375.93
108	2.34664	9364.32
109	2.36777	9343.74
110	2.38917	9341.69
111	2.41181	9326.88
112	2.43381	9321.22
113	2.45503	9310.15
114	2.47637	9300.01
115	2.49821	9298.34
116	2.52037	9296.98
117	2.54234	9296.97
118	2.56406	9243.7
119	2.58637	9235.16
120	2.60826	9228.46
121	2.63016	9208.97
122	2.65193	9186.89
123	2.67361	9184.14
124	2.69537	9178.15
125	2.71711	9155.85
126	2.73856	9147.07
127	2.76022	9112.24
128	2.78187	9082.7
129	2.80323	9058.61
130	2.82477	9050.72
131	2.84642	9049.68
132	2.86802	9045.09
133	2.88959	9040.98
134	2.91116	9032.7
135	2.93292	9003.87
136	2.95461	8984.07
137	2.97603	8978.6
138	2.99776	8967.42
139	3.01946	8951.59
140	3.04097	8950.81
141	3.06266	8941.72
142	3.08479	8939.32
143	3.10658	8937.46
144	3.12835	8910.04
145	3.15066	8908.27
146	3.17408	8906.26
147	3.19674	8852.32
148	3.21911	8844.26
149	3.24183	8838.34
150	3.26386	8837.23
151	3.28618	8836.95
152	3.30901	8829.65
153	3.33157	8822.59
154	3.35437	8812.02
155	3.3776	8789.02
156	3.39993	8770.85
157	3.42314	8731.38
158	3.44584	8702.73
159	3.46802	8657.34
160	3.49065	8651.6
161	3.51313	8636.96
162	3.53646	8593.45
163	3.55911	8553.08
164	3.58134	8513.77
165	3.60395	8502.98
166	3.62717	8501.95
167	3.65004	8487.61
168	3.67334	8481.6
169	3.69598	8480.74
170	3.71908	8474.73
171	3.74258	8468.36
172	3.76516	8464.49
173	3.78763	8464.28
174	3.80989	8461.2
175	3.8323	8454.46
176	3.85494	8453.96
177	3.87723	8445.42
178	3.89996	8435.68
179	3.92261	8435.44
180	3.94549	8434.62
181	3.9681	8426.59
182	3.99132	8421.16
183	4.01407	8403.85
184	4.03649	8363.87
185	4.05932	8354.03
186	4.08412	8344.48
187	4.10718	8342.73
188	4.12985	8333.59
189	4.15277	8319.93
190	4.17561	8319.04
191	4.19938	8260.22
192	4.22815	8256.2
193	4.2633	8246.39
194	4.29558	8238.13
195	4.3191	8205.05
196	4.34589	8159.73
197	4.36867	8158.08
198	4.39162	8156.51
199	4.41457	8142.37
200	4.43827	8136.77
201	4.4624	8118.43
202	4.48689	8109.88
203	4.51014	8083.96
204	4.53445	8046.54
205	4.55712	8042.94
206	4.58002	8042.64
207	4.60419	8039.51
208	4.62781	8035.71
209	4.65132	8032.65
210	4.67412	8021.34
211	4.69697	8015.63
212	4.72054	8006.59
213	4.745	8005.05
214	4.76825	8003.42
215	4.79111	7985.74
216	4.81461	7970.92
217	4.8377	7958.51
218	4.86098	7949.01
219	4.88402	7943.06
220	4.90841	7942.27
221	4.93986	7934.15
222	4.97248	7910.53
223	4.99522	7904.23
224	5.01845	7900.44
225	5.04986	7895.21
226	5.08069	7866.69
227	5.10644	7861.3
228	5.12965	7842.88
229	5.15447	7830.03
230	5.17764	7809.87
231	5.20074	7803.54
232	5.22413	7719.94
233	5.28558	7686.74
234	5.32045	7675.15
235	5.34931	7668.06
236	5.37292	7657.37
237	5.39738	7651.54
238	5.42068	7651.39
239	5.44359	7649.85
240	5.46811	7641.52
241	5.49297	7640
242	5.51627	7631
243	5.53934	7630.74
244	5.56273	7629.93
245	5.58666	7603.08
246	5.61022	7598.84
247	5.63372	7578.04
248	5.65737	7564.53
249	5.68132	7557.84
250	5.70644	7540.46
251	5.72978	7540.37
252	5.75365	7531.89
253	5.77726	7528.11
254	5.80218	7477.76
255	5.82628	7475.04
256	5.85119	7473.64
257	5.88513	7472.08
258	5.914	7454.64
259	5.93813	7453.96
260	5.98059	7447.18
261	6.01414	7447.16
262	6.03902	7447.14
263	6.06315	7439.7
264	6.08769	7433.64
265	6.11188	7428.13
266	6.13543	7425.39
267	6.1605	7424.94
268	6.18686	7411.59
269	6.21288	7408.32
270	6.24253	7395.43
271	6.26826	7364.54
272	6.29302	7363.68
273	6.31739	7340.36
274	6.34318	7329.42
275	6.382	7310.76
276	6.42187	7310.54
277	6.44669	7302.46
278	6.47266	7298.75
279	6.49868	7293.75
280	6.5225	7289.21
281	6.54693	7285.85
282	6.57048	7285.66
284	6.61855	7262.35
285	6.6436	7259.41
286	6.66806	7258.11
287	6.69274	7245.24
288	6.71684	7244.9
289	6.7411	7236.67
290	6.76493	7236.24
291	6.78973	7195.82
292	6.81997	7181.73
293	6.84483	7167.19
294	6.87075	7166.91
295	6.89622	7162.37
296	6.92034	7155.12
297	6.94554	7153.86
298	6.96984	7152.96
299	6.99437	7146.89
300	7.0195	7131.27
301	7.04345	7131.17
302	7.06762	7127.44
303	7.09213	7123.65
304	7.11735	7115.32
305	7.1446	7113.83
306	7.1762	7113.33
307	7.20361	7099.19
308	7.23008	7098.79
309	7.25476	7098.37
310	7.27966	7094.4
311	7.30544	7091.59
312	7.33107	7082.78
313	7.35543	7079.64
314	7.38041	7076.23
315	7.40506	7071.73
316	7.42935	7067.3
317	7.45376	7066.56
318	7.47796	7060.81
319	7.50256	7052.94
320	7.52675	7034.06
321	7.55181	7033.09
322	7.57632	7032.64
323	7.6017	7016.33
324	7.62608	7014.9
325	7.65039	7012.3
326	7.67488	7011.73
327	7.69983	7009.13
328	7.72433	7009.05
329	7.74889	7008.84
330	7.77302	7008.61
331	7.79725	7000.89
332	7.82237	6997.92
333	7.84686	6982.75
334	7.87159	6962.73
335	7.89641	6962.56
336	7.92159	6956.84
337	7.94701	6941.74
338	7.9718	6918.86
339	7.99637	6918.85
340	8.02124	6918.66
341	8.04612	6918.48
342	8.07086	6915.73
343	8.0955	6877.46
344	8.12252	6864.44
345	8.14742	6856.12
346	8.17344	6854.06
347	8.19856	6851.99
348	8.22414	6850.6
349	8.24972	6848.3
350	8.27592	6846.79
351	8.30518	6768.84
352	8.34849	6767.53
353	8.37656	6760
354	8.40459	6753.86
355	8.43053	6753.6
356	8.45638	6746.45
357	8.48268	6745.43
358	8.50843	6703.77
359	8.5341	6701.36
360	8.55999	6701.18
361	8.58577	6688.36
362	8.61073	6670.82
363	8.63622	6657.91
364	8.66239	6656.99
365	8.68756	6645.85
366	8.71293	6640.27
367	8.73923	6613.81
368	8.76497	6608.44
369	8.78992	6589.41
370	8.81591	6588.28
371	8.84407	6585.09
372	8.87098	6584.99
373	8.89637	6583.19
374	8.92184	6578.47
375	8.94752	6557.67
376	8.97629	6544.01
377	9.00721	6539.53
378	9.03415	6533.76
379	9.06058	6532.52
380	9.0862	6532.12
381	9.11224	6526.16
382	9.13793	6517.34
383	9.16329	6511.98
384	9.18883	6501.82
385	9.2153	6494.75
386	9.24047	6493.62
387	9.26587	6475.3
388	9.29188	6462.9
389	9.31774	6460.22
390	9.34358	6459.09
391	9.36914	6458.86
392	9.39503	6448.34
393	9.42096	6442.9
394	9.44646	6441.94
395	9.47206	6435.95
396	9.49789	6430.83
397	9.52378	6424.18
398	9.54966	6423.36
399	9.57587	6410.48
400	9.60242	6406.65
401	9.62976	6406.61
402	9.65513	6394.19
403	9.68132	6388.27
404	9.7076	6352.07
405	9.73382	6350.01
406	9.75957	6348.03
407	9.78524	6333.87
408	9.81099	6333.64
409	9.83715	6333.05
410	9.86284	6327.27
411	9.88869	6318.45
412	9.91547	6317.8
413	9.94222	6317.63
414	9.97086	6314.46
415	9.99695	6307.01
416	10.0233	6306.56
417	10.0491	6306.4
418	10.0748	6302.97
419	10.1013	6302.43
420	10.1285	6300.48
421	10.1557	6293.47
422	10.183	6287.11
423	10.2092	6275.18
424	10.235	6268.48
425	10.2614	6262.88
426	10.2889	6259.24
427	10.3154	6257.6
428	10.3423	6250.77
429	10.3685	6245.2
430	10.3948	6239.28
431	10.4219	6236.52
432	10.4478	6234.71
433	10.4747	6230.26
434	10.5087	6219.89
435	10.54	6181.79
436	10.5665	6180.81
437	10.5946	6178.54
438	10.6291	6174.52
439	10.6567	6163.78
440	10.6833	6163.62
441	10.7108	6150.7
442	10.7374	6145.57
443	10.7632	6129.9
444	10.7912	6092.66
445	10.8169	6090.67
446	10.8432	6088.84
447	10.8693	6087.04
448	10.8958	6085.72
449	10.922	6083.85
450	10.948	6077.12
451	10.9754	6075
452	11.0017	6063.01
453	11.03	6062.7
454	11.0584	6062.32
455	11.0859	6060.49
456	11.1122	6058.2
457	11.1386	6053.66
458	11.1651	6053.03
459	11.1928	6049.26
460	11.2191	6049.09
461	11.2457	6047.45
462	11.2727	6037.86
463	11.2989	6031.65
464	11.3254	6027.67
465	11.3522	6027.33
466	11.3796	6001.01
467	11.4058	5985.47
468	11.4322	5980.06
469	11.4587	5959.39
470	11.4849	5952.46
471	11.5111	5948.83
472	11.5374	5931.64
473	11.5643	5912.12
474	11.5907	5901.92
475	11.6171	5900.83
476	11.6439	5895.79
477	11.6707	5878.91
478	11.6976	5878.82
479	11.7237	5877.5
480	11.7499	5865.93
481	11.7764	5855.26
482	11.8028	5853.78
483	11.8296	5853.73
484	11.8559	5853.68
485	11.8825	5845.67
486	11.9091	5841.8
487	11.9356	5841.48
488	11.962	5817.03
489	11.9886	5815.97
490	12.0156	5792.39
491	12.0423	5792.28
492	12.0694	5779.73
493	12.0964	5778.63
494	12.1235	5766.56
495	12.1506	5766.19
496	12.1771	5765.03
497	12.2041	5764.91
498	12.2313	5763.95
499	12.2582	5763.69
500	12.2846	5761.8
501	12.3114	5761.75
502	12.3398	5760.99
503	12.3662	5759.97
504	12.3928	5750.15
505	12.4195	5748.79
506	12.4477	5748.27
507	12.4749	5748.26
508	12.5014	5740.81
509	12.5281	5738.96
510	12.5564	5732.91
511	12.5833	5721.53
512	12.6099	5716.17
513	12.6369	5709.79
514	12.6639	5701.72
515	12.691	5691.32
516	12.7182	5691.02
517	12.745	5689.49
518	12.772	5685.31
519	12.799	5684.59
520	12.8258	5683.6
521	12.8527	5674.79
522	12.8802	5672.87
523	12.9077	5672.85
524	12.9351	5663.61
525	12.9617	5660.13
526	12.99	5659.38
527	13.0247	5653.97
528	13.0525	5653.81
529	13.0797	5653.68
530	13.1095	5652.54
531	13.1367	5630.98
532	13.1644	5621.06
533	13.1919	5595.4
534	13.2193	5594.68
535	13.2474	5593.42
536	13.276	5586.18
537	13.3035	5584.98
538	13.3312	5583
539	13.3589	5578.85
540	13.3869	5574.05
541	13.4149	5573.93
542	13.4428	5567.01
543	13.47	5565.79
544	13.4977	5563.34
545	13.5257	5562.76
546	13.5533	5562.69
547	13.5808	5558.16
548	13.6082	5558.11
549	13.6357	5557.25
550	13.6637	5556.25
551	13.6915	5554.63
552	13.7192	5551.95
553	13.747	5549.89
554	13.7762	5549.84
555	13.8042	5545.73
556	13.832	5545.45
557	13.8597	5544.89
558	13.8877	5500.93
559	13.9157	5500.36
560	13.9432	5493.61
561	13.9708	5491.73
562	13.9994	5490.91
563	14.0274	5485.42
564	14.0554	5471.22
565	14.0832	5470.15
566	14.1111	5469.4
567	14.1392	5466.12
568	14.1671	5454.02
569	14.1951	5453.95
570	14.223	5453.84
571	14.2511	5452.2
572	14.2793	5451.47
573	14.3076	5442.84
574	14.3359	5435.36
575	14.3648	5432.3
576	14.393	5429.92
577	14.4213	5428.87
578	14.4512	5419.58
579	14.4797	5419.41
580	14.5078	5416.55
581	14.5364	5415.28
582	14.5648	5413.26
583	14.5934	5349.73
584	14.6215	5346.99
585	14.6502	5344.28
586	14.6785	5343.63
587	14.7068	5341.64
589	14.7798	5340.28
590	14.8116	5340.07
591	14.8419	5331.97
592	14.8811	5328.57
593	14.9148	5327.44
594	14.9804	5323.21
595	15.0107	5322.99
596	15.0428	5320.46
597	15.0731	5315.65
598	15.1026	5285.67
599	15.1327	5285.48
600	15.1625	5285.4
601	15.1932	5284.73
603	15.2519	5281.21
604	15.281	5280.54
605	15.3105	5263.68
606	15.3399	5259.59
607	15.3692	5243.61
608	15.3981	5242.34
609	15.4273	5220.45
610	15.4577	5216.11
611	15.4864	5216.05
612	15.5153	5210.76
613	15.5439	5208.9
614	15.5728	5207.25
615	15.6016	5206.24
616	15.6303	5194.89
617	15.6588	5191.2
618	15.6873	5184.3
619	15.7164	5183.04
620	15.7458	5182
621	15.7751	5178.95
622	15.8043	5163.92
623	15.8344	5163.72
624	15.864	5161.15
625	15.8935	5158.74
626	15.9229	5156.04
627	15.9538	5149.7
628	15.9842	5132.95
629	16.0132	5131.11
630	16.0444	5120.97
631	16.0934	5120.95
632	16.149	5115.01
633	16.1983	5110.17
634	16.2395	5109.75
635	16.2725	5105.93
636	16.303	5105.68
637	16.3327	5097.1
638	16.362	5096.43
639	16.3954	5071.08
640	16.4368	5070.37
641	16.4661	5069.99
642	16.4961	5050.01
643	16.5254	5045.12
644	16.5564	5038.39
645	16.5856	5037.75
646	16.6158	5036.58
647	16.6454	5027.86
648	16.6749	5026.87
649	16.7041	5026.22
650	16.7323	5021.04
651	16.7614	5020.21
652	16.79	5019.39
653	16.8188	5019.21
654	16.8467	5018.02
655	16.8755	5001.69
656	16.9041	5001.47
657	16.9322	4999.82
658	16.9605	4995.75
659	16.9901	4995.37
660	17.0181	4994.59
661	17.0464	4986.84
662	17.0762	4984.52
663	17.1047	4979.44
664	17.1326	4962.09
665	17.1616	4961.21
666	17.1908	4948.03
667	17.2192	4945.92
668	17.2477	4944.45
669	17.2762	4936.85
670	17.305	4935.82
671	17.3342	4913.75
672	17.3626	4906.8
673	17.3909	4906.38
674	17.4202	4904.59
675	17.4489	4883.23
676	17.4777	4882.25
677	17.506	4881.8
678	17.5347	4881.32
679	17.5634	4876.68
680	17.5923	4876.46
681	17.6233	4869.63
682	17.6517	4867.79
683	17.68	4835.93
684	17.7089	4830.07
685	17.7377	4827.86
686	17.7662	4825.54
687	17.7946	4824.9
688	17.8237	4824.36
689	17.8521	4820.98
690	17.8802	4817.25
691	17.909	4816.62
692	17.9375	4813.34
693	17.9657	4812.76
694	17.994	4812.71
695	18.0224	4810.75
696	18.0506	4809.15
697	18.0793	4807.97
698	18.1076	4805.91
699	18.1373	4803.82
700	18.1673	4803.64
701	18.1957	4803.59
702	18.2242	4799.96
703	18.2531	4792.38
704	18.2815	4790.47
705	18.3101	4788.45
706	18.3389	4781.77
707	18.3676	4765.59
708	18.3965	4758.19
709	18.4247	4744.82
710	18.4533	4744.09
711	18.4819	4742.23
712	18.5105	4738.5
713	18.5389	4735.46
714	18.5672	4733.02
715	18.5961	4732.64
716	18.626	4731.63
717	18.6548	4726.23
718	18.6837	4726.19
719	18.7122	4722.46
720	18.7411	4718.32
721	18.7705	4715.05
722	18.7996	4714.19
723	18.8278	4713.2
724	18.8568	4713.08
725	18.8852	4711.35
726	18.9142	4709.73
727	18.9433	4702.83
728	18.9729	4674.98
729	19.002	4674.01
730	19.0318	4670.57
731	19.0624	4670.54
732	19.0973	4656.13
733	19.1277	4653.49
734	19.1568	4647.81
735	19.1886	4643.84
736	19.2201	4643.3
737	19.2566	4643.22
738	19.3247	4639.83
739	19.363	4639.57
740	19.3924	4635.22
741	19.4225	4634.92
742	19.4518	4634.64
743	19.4807	4634.4
744	19.5115	4630.84
745	19.5415	4630.11
746	19.5719	4628.07
747	19.6017	4628.03
748	19.631	4626.32
749	19.6609	4625.21
750	19.6906	4625.16
751	19.7202	4586.42
752	19.7508	4579.16
753	19.7829	4577.64
754	19.8122	4566.72
755	19.8416	4555.81
756	19.8714	4555.36
757	19.9003	4551.96
758	19.9303	4550.27
759	19.9598	4549.86
760	19.9888	4539.64
761	20.0178	4536.11
762	20.0474	4533.33
763	20.0769	4533.28
764	20.1065	4523.56
765	20.1363	4521.37
766	20.166	4521.25
767	20.1958	4515.27
768	20.2262	4515.21
769	20.2564	4514.92
770	20.2863	4513.04
771	20.3157	4498.73
772	20.3453	4486.72
773	20.3772	4455.7
774	20.408	4455.62
775	20.4381	4455.34
776	20.4684	4452.3
777	20.4985	4452.13
778	20.5282	4451.88
779	20.5578	4443.15
781	20.6172	4443.12
782	20.6463	4438.21
783	20.6771	4438
784	20.7113	4435.69
785	20.7449	4435.6
786	20.7754	4434.43
787	20.8136	4431.48
788	20.8502	4430.83
789	20.881	4430.44
790	20.9104	4429.59
791	20.9421	4425.74
792	20.9721	4425.65
793	21.0023	4423.89
794	21.0323	4423.77
795	21.0623	4420.04
796	21.0921	4419.62
797	21.1214	4418.59
798	21.1513	4397.27
799	21.1814	4396.71
800	21.2114	4396.28
801	21.2424	4396.14
802	21.2744	4395.94
803	21.3059	4382.63
804	21.3359	4379.67
805	21.3665	4379.29
806	21.3961	4379.01
807	21.4263	4378.03
808	21.4565	4361.14
809	21.487	4361.09
810	21.5177	4361.03
811	21.5478	4360.66
812	21.5784	4359.81
813	21.609	4359.78
814	21.6384	4349.57
815	21.6685	4349.28
816	21.6986	4345.08
818	21.759	4333.57
819	21.7894	4333.53
820	21.8199	4332.89
821	21.8502	4332.75
822	21.882	4323.79
823	21.9136	4288.83
824	21.9451	4284.8
825	21.9761	4283.15
826	22.0066	4282.54
827	22.0377	4282
829	22.0975	4279.09
830	22.1275	4279
831	22.1572	4273.84
832	22.1873	4273.72
833	22.2172	4270.02
834	22.2485	4267.65
835	22.2909	4267.35
836	22.3366	4267.03
837	22.3671	4266.77
838	22.3976	4247.27
839	22.4276	4247.21
840	22.4584	4247.17
841	22.4884	4246.68
842	22.5185	4246.58
843	22.5491	4244.66
844	22.5797	4240.82
845	22.6102	4230.92
846	22.6404	4220.99
847	22.6701	4208.89
848	22.7009	4208.74
849	22.732	4200.87
850	22.7626	4200.19
851	22.793	4200.18
852	22.8235	4197.85
853	22.8539	4196.36
854	22.8844	4195.42
855	22.9155	4194.91
856	22.9455	4192.29
857	22.9756	4189.1
858	23.0058	4186.68
859	23.0358	4184.88
860	23.0656	4184.81
861	23.0959	4182.28
862	23.1266	4167.81
863	23.1632	4166.76
864	23.1982	4163.86
866	23.2596	4163.61
867	23.2902	4163.11
868	23.3213	4159.39
869	23.3512	4158.48
870	23.3815	4155.43
871	23.412	4155.09
872	23.4421	4153.62
873	23.472	4153.07
874	23.5025	4152.33
875	23.533	4151.87
876	23.5659	4146.25
877	23.601	4137.46
878	23.6338	4137.29
879	23.6646	4082.42
880	23.6953	4081.79
881	23.7256	4080.21
882	23.7556	4077.78
883	23.7863	4074.43
884	23.8177	4068.3
885	23.8477	4066.89
886	23.8777	4065.72
887	23.9087	4061.67
888	23.9391	4061.39
889	23.9699	4059.75
890	24.0002	4059.29
891	24.0308	4057.71
892	24.0618	4057.37
893	24.0936	4057.06
894	24.1238	4056
895	24.1547	4041.69
896	24.1854	4041.54
897	24.2175	4040.81
898	24.2476	4036.93
899	24.2779	4036.9
900	24.3096	4036.84
901	24.3406	4033.41
902	24.371	4031.28
903	24.4035	4025.99
904	24.436	4023.65
905	24.4698	4023.38
906	24.501	4020.94
907	24.5319	4017.45
908	24.5622	4017.34
909	24.593	4005.49
910	24.6243	4005.18
911	24.6548	3992.59
912	24.6852	3990.74
913	24.7161	3990.72
914	24.7469	3983.06
915	24.777	3982.75
916	24.8085	3975.84
917	24.8391	3975.37
918	24.8702	3975.16
919	24.9088	3967.21
920	24.9414	3967.18
921	24.9731	3964.09
922	25.0034	3960.5
923	25.0336	3938.67
924	25.0641	3929.02
925	25.0951	3927.25
926	25.1264	3923.47
927	25.158	3922.71
928	25.1894	3921.47
929	25.2202	3919.83
930	25.2511	3917.96
931	25.2829	3917.08
932	25.3132	3915.25
933	25.3436	3914.94
934	25.3741	3914.79
935	25.4044	3913.28
936	25.4348	3912.81
937	25.4654	3910.06
938	25.4962	3909.71
939	25.5272	3907.39
940	25.5588	3907.17
941	25.5893	3905.28
942	25.62	3904.41
943	25.6515	3903.91
944	25.6833	3902.03
945	25.7143	3901.85
946	25.7451	3896.74
947	25.7772	3890
948	25.8087	3882.94
949	25.8398	3873.18
950	25.871	3871.5
951	25.9033	3870.26
952	25.9354	3867.2
953	25.9674	3861.63
954	25.9979	3860.11
955	26.0288	3859.77
956	26.0618	3859.24
957	26.0954	3856.04
958	26.127	3855.73
959	26.1613	3855.42
960	26.2174	3853.71
961	26.2626	3851.86
962	26.3139	3848.68
963	26.3472	3844.42
964	26.3793	3844.31
965	26.4117	3841.69
966	26.4454	3840.72
967	26.4781	3840.25
968	26.509	3835.04
969	26.5415	3832.89
970	26.5734	3831
971	26.605	3830.63
972	26.6369	3817.48
973	26.668	3817.27
974	26.699	3808.26
975	26.7297	3807.33
976	26.7605	3805.85
977	26.7917	3805.81
978	26.8228	3804.33
979	26.8543	3801.23
980	26.8857	3799.89
981	26.9167	3799.63
982	26.9474	3799.61
983	26.9782	3799.53
984	27.0094	3799
985	27.0401	3798.55
986	27.0713	3797.68
987	27.1024	3797.66
988	27.1339	3793.45
989	27.1646	3792.01
990	27.1956	3791.81
991	27.2264	3782.01
992	27.2582	3780.13
993	27.2902	3779
994	27.321	3773.89
995	27.3523	3770.59
996	27.3833	3770.55
997	27.4146	3768.65
998	27.4455	3767.75
999	27.4769	3767.74
1000	27.5091	3767.16
1001	27.5406	3761.47
1002	27.5715	3760.99
1003	27.6022	3760.57
1004	27.6337	3754.33
1005	27.6645	3754.29
1006	27.6958	3753.67
1007	27.7275	3750.98
1008	27.7596	3750.87
1009	27.7916	3749.94
1010	27.8237	3749.56
1011	27.8558	3747.52
1012	27.9034	3746.02
1013	27.9351	3740.53
1014	27.9663	3740.5
1015	27.9982	3738.5
1016	28.0297	3736.86
1017	28.0614	3736.79
1018	28.0937	3736.48
1019	28.1256	3733.84
1020	28.1576	3733.76
1022	28.22	3729.66
1023	28.2521	3727.8
1024	28.285	3725.01
1025	28.3162	3724.68
1026	28.3475	3724.14
1027	28.3789	3721.5
1028	28.4109	3721.39
1029	28.4428	3720.86
1030	28.4751	3720.09
1031	28.508	3718.95
1032	28.5392	3718.88
1033	28.5717	3713.01
1034	28.6035	3712.98
1035	28.6353	3692.56
1036	28.6669	3691.7
1037	28.6983	3691.28
1038	28.7298	3686.91
1039	28.7611	3686.76
1040	28.7927	3686.35
1041	28.8241	3686.22
1042	28.8563	3685.94
1043	28.8888	3682.34
1044	28.9206	3681.32
1045	28.9523	3680.91
1046	28.9839	3680.52
1047	29.0158	3676.62
1048	29.0471	3659.61
1049	29.0786	3657.82
1050	29.1106	3657.77
1051	29.1425	3657.41
1052	29.1744	3657.15
1053	29.2071	3655.64
1054	29.2397	3652.03
1055	29.2721	3651.98
1056	29.3038	3650.93
1057	29.3356	3649.57
1058	29.3676	3639.37
1059	29.3989	3639.35
1060	29.431	3638.06
1061	29.4628	3638.03
1062	29.4953	3636.98
1063	29.527	3632.58
1064	29.5585	3631.16
1065	29.5902	3628.5
1066	29.622	3628.06
1067	29.6533	3625.7
1068	29.6852	3625.32
1069	29.7164	3621.09
1070	29.748	3620.95
1071	29.78	3609.96
1072	29.812	3609.62
1073	29.8439	3608.76
1074	29.8757	3606.41
1075	29.9074	3606.23
1076	29.9387	3602.75
1077	29.9704	3602.56
1078	30.0025	3600.65
1079	30.0338	3600.6
1080	30.0652	3600.56
1081	30.0966	3600.19
1083	30.1592	3598.96
1084	30.1912	3596.57
1085	30.2231	3592.67
1086	30.2548	3591.61
1087	30.2881	3587.38
1088	30.3209	3586.93
1089	30.354	3573.74
1090	30.3863	3573.29
1091	30.4191	3573.2
1092	30.4536	3572.78
1093	30.4866	3571.69
1094	30.518	3571.24
1095	30.5496	3570.44
1096	30.5853	3569.69
1097	30.625	3566.89
1098	30.6798	3562.3
1099	30.7163	3562.24
1100	30.75	3562.18
1101	30.7822	3559.44
1102	30.8147	3554.84
1103	30.8471	3554.82
1104	30.8803	3552.93
1105	30.9128	3552.92
1106	30.945	3552.75
1107	30.977	3551.62
1108	31.0092	3549.29
1109	31.0414	3548.07
1110	31.0803	3545.9
1111	31.1137	3545.6
1112	31.1465	3542.38
1113	31.1809	3541.7
1114	31.2141	3541.32
1115	31.2464	3539.68
1116	31.279	3539.46
1117	31.3114	3524.1
1118	31.3432	3523.81
1119	31.3754	3510.5
1120	31.4078	3509.73
1121	31.4402	3509.61
1122	31.4723	3503.05
1123	31.5043	3499.98
1124	31.5364	3496.75
1125	31.5682	3496.51
1126	31.6005	3495.69
1127	31.6323	3490.88
1128	31.6645	3488.04
1129	31.6963	3487.65
1130	31.729	3487.25
1131	31.7606	3486.81
1132	31.7924	3486.6
1133	31.8246	3486.32
1134	31.857	3485.69
1135	31.8889	3484.5
1136	31.9205	3484.45
1137	31.9526	3484.18
1138	31.9848	3481.53
1139	32.0163	3481.31
1140	32.0484	3481.17
1141	32.0806	3478.07
1142	32.1126	3474.7
1143	32.1451	3470.24
1144	32.1777	3468.39
1145	32.2098	3468.12
1146	32.2422	3465.85
1147	32.275	3464.35
1148	32.3069	3464.31
1149	32.3391	3462.1
1150	32.3708	3461.18
1151	32.4031	3459.5
1152	32.4356	3457.99
1153	32.4686	3457.22
1154	32.5013	3456.4
1155	32.5335	3454.26
1156	32.5661	3447.93
1157	32.5987	3447.52
1158	32.6317	3447.37
1159	32.6642	3441.76
1160	32.6971	3441.68
1161	32.7296	3441.32
1162	32.7613	3439.74
1163	32.7932	3437.8
1164	32.8251	3434.56
1166	32.8913	3430.43
1167	32.925	3427.67
1168	32.9574	3424.19
1169	32.9896	3423.33
1170	33.0223	3421.87
1171	33.0545	3421.52
1172	33.0875	3420.02
1173	33.12	3419.87
1174	33.1532	3419.71
1175	33.1852	3418.26
1176	33.2175	3417.89
1177	33.2502	3416.65
1178	33.2827	3416.45
1179	33.3147	3415.04
1180	33.347	3414.84
1181	33.3795	3414.69
1182	33.4115	3412.41
1183	33.4436	3411.25
1184	33.4762	3410.02
1185	33.5091	3409.73
1186	33.541	3407.5
1187	33.5731	3403.68
1188	33.6061	3401.17
1189	33.6388	3393.19
1190	33.6714	3391.74
1191	33.7041	3387.2
1192	33.7363	3384.87
1193	33.7686	3382.52
1194	33.8013	3377.11
1195	33.8341	3375.31
1196	33.8662	3374.34
1197	33.8983	3372.67
1198	33.9312	3372.01
1199	33.9642	3369.97
1200	33.9964	3368.67
1201	34.0287	3366.58
1202	34.0618	3364.55
1203	34.0938	3364.42
1204	34.1264	3364.37
1205	34.1585	3363.67
1206	34.1906	3362.08
1207	34.223	3361.72
1208	34.2554	3348.55
1209	34.2879	3347.99
1210	34.3209	3347.26
1211	34.3536	3347.1
1212	34.3861	3340.22
1213	34.4186	3340.12
1214	34.4515	3339.19
1215	34.4835	3338.18
1216	34.5156	3337.17
1217	34.554	3337.15
1218	34.5877	3335.95
1219	34.6212	3335.93
1220	34.6532	3334.97
1221	34.6856	3334.7
1222	34.7182	3334.69
1223	34.7501	3334.65
1224	34.7826	3334.35
1225	34.8146	3333.85
1226	34.8476	3333.82
1228	34.9129	3331.42
1229	34.9455	3329.88
1230	34.9784	3328.82
1231	35.0118	3327.64
1232	35.0446	3323.36
1233	35.0774	3322.23
1234	35.1129	3322.1
1235	35.1463	3320.15
1236	35.1798	3320.13
1238	35.2457	3317.91
1239	35.2785	3317.91
1240	35.3118	3316.91
1241	35.3448	3309.51
1242	35.3772	3308.82
1243	35.4101	3308.03
1244	35.4431	3307.28
1245	35.4757	3306.17
1246	35.5077	3305.74
1247	35.5408	3305.26
1248	35.5739	3305.23
1249	35.606	3305.07
1250	35.6381	3304.81
1251	35.6707	3299.85
1252	35.7036	3298.75
1253	35.7362	3295.62
1254	35.7699	3295.62
1255	35.8029	3295.43
1256	35.8352	3294.95
1257	35.8675	3294.84
1258	35.8996	3294.49
1259	35.9321	3292.26
1260	35.9644	3292.24
1261	35.9969	3292.22
1262	36.0298	3288.35
1263	36.062	3287.94
1264	36.0957	3287.28
1265	36.1281	3287.21
1267	36.1958	3285.1
1268	36.2328	3284.41
1269	36.2777	3282.59
1270	36.32	3281.49
1271	36.3542	3277.97
1272	36.3865	3277.96
1273	36.4195	3274.57
1274	36.4528	3274.52
1275	36.4849	3266.05
1276	36.5178	3265.96
1277	36.5508	3265.16
1278	36.584	3261.87
1279	36.6168	3260.32
1280	36.6493	3259.99
1281	36.6819	3259.8
1282	36.7151	3259.75
1283	36.7482	3257.77
1284	36.7808	3256.71
1286	36.8474	3256.49
1287	36.881	3254.8
1288	36.915	3254.32
1289	36.951	3254.27
1290	36.9846	3254.22
1291	37.0193	3250.35
1292	37.053	3249.98
1293	37.0864	3249.82
1294	37.12	3246.54
1295	37.1532	3246.44
1296	37.1875	3245.73
1297	37.2207	3245.33
1298	37.2537	3239.24
1299	37.2888	3239.22
1300	37.3234	3238.6
1301	37.3586	3238.56
1302	37.3911	3236.22
1303	37.4249	3224.82
1304	37.4583	3224.64
1305	37.4912	3221.98
1306	37.525	3221.89
1307	37.558	3221.82
1308	37.5915	3221.64
1309	37.6237	3219.89
1310	37.6564	3219.83
1311	37.6891	3218.22
1312	37.7215	3218.15
1313	37.7543	3216.68
1314	37.7879	3214.8
1315	37.8204	3213.52
1316	37.8536	3213.06
1317	37.8864	3212.99
1318	37.9196	3206.6
1319	37.9536	3206.55
1320	37.9867	3206.53
1321	38.0193	3206.28
1323	38.0858	3204.73
1324	38.119	3204.22
1325	38.1518	3199.71
1326	38.1851	3199.25
1327	38.2181	3198.08
1328	38.2513	3197.94
1329	38.2846	3193
1330	38.3184	3192.69
1331	38.3512	3192.63
1332	38.3841	3192.43
1333	38.4184	3190.56
1334	38.4512	3190.33
1335	38.4843	3190.3
1336	38.5173	3186.29
1337	38.5501	3185.02
1338	38.5833	3183.76
1339	38.6171	3183.54
1340	38.6496	3183.46
1341	38.6833	3181.96
1342	38.7162	3179.63
1343	38.7498	3179.57
1345	38.8155	3179.53
1346	38.8483	3179.39
1347	38.8809	3177.22
1348	38.9173	3175.36
1349	38.9523	3171.6
1350	38.9909	3167.24
1351	39.0269	3166.96
1352	39.0615	3166.11
1353	39.0949	3166.03
1354	39.1288	3165.98
1355	39.1624	3165.78
1356	39.1964	3165.11
1357	39.2323	3164.41
1358	39.265	3164.23
1359	39.2993	3133.41
1360	39.3375	3132.55
1361	39.3728	3132.41
1362	39.41	3131.63
1363	39.457	3123.05
1364	39.4941	3121.22
1365	39.5279	3120.84
1366	39.5605	3120.05
1367	39.5936	3117.14
1368	39.6265	3116.03
1369	39.6593	3115.78
1371	39.7253	3115.77
1372	39.7579	3115.59
1373	39.7917	3115.37
1374	39.8243	3115.24
1375	39.8572	3112.97
1376	39.8899	3112.58
1377	39.9234	3112.46
1378	39.9566	3111.98
1379	39.9895	3111.95
1380	40.0239	3111.87
1381	40.057	3109.63
1382	40.0897	3108.41
1383	40.1226	3104.23
1384	40.1557	3099.15
1385	40.1883	3099.09
1386	40.2215	3097.38
1387	40.2546	3093.32
1388	40.2875	3092.42
1389	40.3208	3091.45
1390	40.3539	3090.96
1391	40.3869	3085.3
1392	40.4203	3083.21
1393	40.4531	3082.98
1394	40.4873	3080.44
1395	40.5214	3080.07
1396	40.5546	3079.1
1397	40.5871	3079.03
1398	40.6202	3078.93
1399	40.6543	3077.46
1400	40.6868	3077.36
1401	40.7199	3077.04
1403	40.7855	3073.3
1404	40.8185	3072.56
1405	40.8514	3072.25
1406	40.8846	3071.83
1407	40.9188	3069.68
1408	40.9519	3064.34
1409	40.9847	3064.06
1410	41.0176	3062.24
1411	41.051	3061.46
1412	41.0844	3056.48
1413	41.1179	3056.38
1414	41.1515	3056.32
1415	41.1843	3055.15
1416	41.2171	3054.75
1417	41.2501	3053.8
1418	41.2836	3052.79
1419	41.3168	3051.32
1420	41.3494	3049.21
1421	41.3833	3048.97
1422	41.4166	3047.03
1423	41.4492	3046.55
1424	41.4822	3045.49
1425	41.515	3045.36
1426	41.5479	3039.5
1427	41.5804	3032.59
1428	41.6132	3026.04
1429	41.6478	3021.89
1430	41.682	3020.28
1431	41.7164	3019.8
1432	41.7495	3018.46
1433	41.782	3017.98
1434	41.8157	3016.05
1435	41.8495	3015.36
1436	41.8826	3014.88
1437	41.9158	3014.82
1438	41.949	3013.26
1439	41.9825	3012.58
1440	42.0155	3011.91
1441	42.0489	3011.44
1442	42.0818	3011.19
1443	42.115	3011.08
1444	42.1484	3011.03
1445	42.1812	3010.71
1446	42.2142	3010.49
1447	42.2473	3009.99
1448	42.2805	3003.36
1449	42.3133	3003.1
1450	42.3461	3001.29
1451	42.3798	3001.14
1452	42.4124	3000.32
1453	42.4462	3000.17
1454	42.4794	2999.82
1455	42.5121	2999.74
1456	42.5447	2999.39
1457	42.5784	2999.39
1458	42.6116	2999.24
1459	42.6448	2999.22
1460	42.6788	2998.48
1461	42.7122	2998.31
1462	42.7456	2998.31
1463	42.7802	2998.3
1464	42.8127	2998.12
1465	42.8458	2997.71
1466	42.8796	2997.69
1468	42.9447	2996.87
1469	42.9777	2996.27
1470	43.0107	2996.02
1471	43.0435	2995.19
1472	43.0767	2991.69
1473	43.1097	2991.45
1474	43.1425	2991.41
1475	43.1759	2989.58
1476	43.2094	2989.57
1477	43.2421	2989.08
1478	43.2754	2988.88
1480	43.3419	2986.52
1481	43.3748	2985.67
1482	43.4076	2984.59
1483	43.4403	2980.55
1484	43.4731	2978.34
1485	43.5063	2977.21
1486	43.5398	2976.95
1487	43.5729	2976.86
1488	43.6062	2976.8
1489	43.6394	2976.35
1490	43.6724	2976.12
1492	43.7384	2975.66
1493	43.771	2972.71
1494	43.8046	2972.69
1495	43.8379	2972.57
1496	43.8732	2971.54
1497	43.907	2971.44
1498	43.9403	2971.3
1499	43.973	2969.15
1500	44.0064	2969.02
1501	44.0394	2969.01
1502	44.0726	2967.46
1503	44.1059	2967.2
1504	44.139	2966.98
1505	44.1717	2966.94
1506	44.2045	2966.89
1507	44.2383	2965.05
1508	44.272	2964.7
1509	44.3052	2964.5
1510	44.3406	2963.78
1511	44.3741	2963.07
1512	44.407	2963.05
1513	44.4407	2960.89
1514	44.474	2960.86
1515	44.5076	2956.26
1516	44.5412	2956.19
1517	44.5744	2955.41
1518	44.6074	2952.23
1519	44.6402	2952.08
1520	44.6739	2949.89
1521	44.7074	2949.79
1522	44.74	2949.76
1523	44.7736	2946.13
1524	44.8063	2945.71
1525	44.8395	2945.53
1526	44.8732	2945.34
1527	44.9064	2944.49
1528	44.9393	2944.42
1529	44.9728	2944.36
1531	45.0538	2942.95
1533	45.1216	2941.78
1534	45.1544	2941.36
1535	45.1877	2941.3
1536	45.2204	2940.46
1537	45.253	2940.17
1538	45.286	2935.5
1539	45.3187	2935.48
1540	45.3523	2935.4
1541	45.386	2935.38
1542	45.4188	2933.94
1543	45.4516	2925.4
1544	45.485	2925.2
1545	45.5177	2923.93
1546	45.5517	2923.87
1547	45.5848	2923.76
1548	45.6183	2923.64
1549	45.6516	2922.71
1550	45.6843	2922.66
1551	45.717	2920.8
1552	45.7512	2920.75
1553	45.7853	2919.59
1554	45.818	2918.44
1555	45.8507	2917.89
1556	45.8843	2917.72
1557	45.9173	2917.63
1558	45.9506	2905.48
1559	45.9841	2905.43
1560	46.0173	2905.41
1561	46.0515	2905.19
1562	46.0855	2905.1
1563	46.1188	2903.03
1564	46.1574	2902.83
1565	46.1938	2899.32
1566	46.2266	2892.8
1567	46.2604	2892.45
1569	46.3278	2891.51
1570	46.3614	2891.22
1571	46.3946	2891.19
1572	46.4277	2890.98
1573	46.4606	2890.48
1574	46.4938	2890.31
1575	46.5271	2890
1576	46.5612	2889.78
1577	46.5947	2889.12
1578	46.6279	2888.27
1579	46.6609	2888.09
1580	46.6937	2888.04
1581	46.7268	2887.01
1582	46.7595	2882.98
1584	46.8256	2878.45
1585	46.859	2878.07
1586	46.8922	2877.93
1588	46.9578	2876.04
1589	46.9904	2875.71
1590	47.0234	2871.7
1591	47.0575	2871.15
1592	47.0912	2870.77
1593	47.1242	2870.61
1595	47.1905	2869.66
1596	47.224	2869.5
1597	47.2574	2869.04
1599	47.3238	2854.75
1600	47.3575	2853.9
1602	47.4239	2853.18
1603	47.4575	2852.46
1604	47.4903	2851.28
1605	47.5239	2851.28
1606	47.5569	2850.59
1607	47.5896	2848.39
1608	47.6224	2848.29
1609	47.6555	2848.28
1611	47.7227	2848.21
1612	47.7561	2847.99
1613	47.7893	2847.7
1614	47.8227	2847.6
1615	47.8558	2846.08
1616	47.8889	2845.61
1618	47.955	2845.21
1619	47.9878	2845.14
1620	48.0204	2844.83
1621	48.0533	2843.23
1622	48.0862	2843
1623	48.1191	2840.01
1624	48.1524	2838.04
1625	48.1858	2837.65
1626	48.2185	2836.7
1627	48.2535	2835.44
1628	48.2874	2834.24
1629	48.3213	2834.16
1630	48.355	2833.37
1631	48.3881	2831.32
1632	48.4216	2829.6
1633	48.4553	2829.23
1634	48.4882	2827.04
1636	48.5546	2824.25
1639	48.6541	2823
1640	48.6866	2822.99
1641	48.719	2822.73
1643	48.7827	2817.89
1644	48.8154	2816.57
1645	48.8475	2816.18
1647	48.912	2815.18
1648	48.9442	2813.18
1649	48.9764	2812.72
1650	49.0083	2811.76
1651	49.0405	2811.38
1652	49.0729	2810.06
1653	49.105	2810.02
1654	49.1372	2810
1655	49.1689	2809.16
1656	49.2005	2808.38
1657	49.2324	2808.05
1658	49.265	2807.94
1659	49.2975	2807.35
1660	49.33	2807.09
1661	49.3636	2806.93
1662	49.397	2806.43
1663	49.4296	2804.18
1664	49.4626	2801.71
1665	49.4951	2800.93
1666	49.5271	2799.21
1667	49.5604	2797.79
1668	49.5932	2795.86
1669	49.6251	2794.61
1670	49.6573	2794.5
1671	49.6904	2794.42
1672	49.7227	2793.21
1674	49.788	2792.94
1675	49.8203	2792.79
1676	49.8522	2792.54
1677	49.8848	2792.44
1678	49.917	2792.11
1679	49.9491	2791.4
1680	49.9818	2791.08
1681	50.0153	2790.93
1682	50.048	2790.53
1683	50.0803	2790.45
1684	50.1135	2789.33
1685	50.1471	2789.17
1686	50.1791	2787.27
1687	50.2112	2785.34
1688	50.2437	2784.28
1689	50.2758	2784.13
1690	50.3085	2784.07
1691	50.343	2783.71
1692	50.3755	2783.65
1693	50.4099	2783.52
1694	50.4422	2783.17
1695	50.4743	2782.92
1696	50.5065	2780.94
1697	50.5389	2780.93
1698	50.5709	2780.71
1699	50.6035	2780.69
1700	50.6358	2780.27
1701	50.6679	2780
1703	50.7323	2779.89
1704	50.765	2779.69
1705	50.7984	2779.52
1706	50.8308	2779.49
1707	50.8626	2779.48
1708	50.8954	2778.86
1709	50.9279	2778.48
1710	50.9602	2778.22
1711	50.9923	2774.88
1712	51.0257	2772.83
1713	51.0852	2772.68
1715	51.1685	2770.91
1716	51.2012	2770.9
1717	51.2344	2770.55
1718	51.2783	2770.31
1720	51.3436	2770
1721	51.3769	2769.73
1722	51.4096	2769.67
1723	51.442	2767.34
1724	51.4748	2763.51
1725	51.5076	2762.5
1726	51.5407	2762.3
1727	51.574	2762.25
1728	51.6066	2762.22
1729	51.6399	2762.16
1730	51.6729	2762.05
1731	51.7053	2760.84
1732	51.7386	2760.59
1733	51.7723	2759.38
1734	51.8054	2759.36
1735	51.8392	2758.9
1736	51.872	2758.57
1737	51.9044	2758.27
1738	51.9373	2758.06
1739	51.9712	2757.28
1740	52.0037	2757.24
1741	52.0361	2757.17
1742	52.0687	2755.9
1743	52.1009	2755.62
1744	52.1337	2755.44
1745	52.1661	2755.4
1746	52.1984	2755.36
1747	52.2317	2753.9
1748	52.2638	2753.86
1749	52.2969	2753.7
1750	52.3293	2753.16
1751	52.3619	2752.45
1752	52.3947	2752.44
1753	52.4276	2751.23
1754	52.4605	2751.23
1755	52.4935	2750.56
1756	52.5277	2750.56
1757	52.5612	2749.84
1758	52.5937	2747.61
1759	52.6263	2747.59
1760	52.659	2747.35
1761	52.6926	2747.32
1762	52.7257	2747.31
1763	52.7583	2746.64
1764	52.7909	2745.85
1765	52.8247	2745.61
1766	52.8574	2745.35
1767	52.89	2744.5
1768	52.9233	2743.91
1769	52.9559	2743.04
1770	52.9891	2743.02
1771	53.0224	2742.75
1772	53.0552	2742.62
1773	53.0888	2741.59
1774	53.1218	2741.05
1775	53.1543	2741.02
1776	53.1869	2740.31
1777	53.22	2740.21
1778	53.2526	2736.43
1779	53.2848	2736.4
1780	53.3179	2736.27
1781	53.3506	2736.24
1782	53.3829	2735.74
1783	53.4158	2728.88
1784	53.4489	2728.66
1785	53.4818	2727.98
1786	53.5146	2727.88
1787	53.5478	2727.84
1788	53.58	2727.69
1789	53.6129	2727.02
1790	53.6452	2726.98
1791	53.6779	2725.4
1792	53.7105	2725.34
1793	53.7432	2724.5
1794	53.777	2723.64
1795	53.8106	2723.47
1796	53.8435	2723.19
1797	53.878	2723.1
1798	53.9108	2709.82
1799	53.9437	2709.79
1800	53.9769	2709.75
1801	54.0094	2709.6
1802	54.0417	2709.54
1803	54.0744	2707.77
1804	54.108	2707.73
1805	54.141	2705.86
1806	54.1743	2705.55
1807	54.2074	2705.17
1809	54.2732	2704.32
1810	54.3067	2702.71
1811	54.3396	2702.66
1812	54.372	2702.59
1813	54.4052	2702.33
1814	54.4385	2702.02
1816	54.5055	2700.76
1817	54.5388	2700.36
1818	54.5712	2699.44
1819	54.6042	2699.32
1820	54.6385	2698.88
1821	54.6723	2698.18
1822	54.7061	2694.87
1824	54.7731	2693.69
1825	54.8065	2693.07
1826	54.8399	2692.93
1828	54.9063	2689.99
1829	54.9391	2689.3
1830	54.9724	2686.82
1831	55.0063	2686.31
1833	55.0729	2686.17
1834	55.1065	2686.16
1835	55.1397	2685.48
1836	55.1726	2685.08
1837	55.2057	2684.72
1839	55.2712	2680.31
1840	55.3047	2679.76
1842	55.3704	2678.97
1843	55.4036	2676.89
1844	55.4361	2676.51
1845	55.4693	2676.43
1846	55.5022	2676
1847	55.5354	2673.29
1848	55.5681	2673.19
1851	55.6668	2673.06
1852	55.7008	2672.88
1853	55.7335	2672.67
1854	55.7668	2672.59
1855	55.801	2670.39
1856	55.8339	2670.01
1857	55.8669	2669.85
1858	55.901	2669.44
1859	55.9343	2669.4
1860	55.9671	2669.38
1861	56.0006	2667.95
1862	56.0336	2666.5
1863	56.0678	2662.52
1864	56.1013	2661.08
1865	56.1341	2660.94
1866	56.1679	2660.39
1867	56.2017	2659.18
1868	56.235	2659.01
1869	56.2691	2658.98
1870	56.3028	2656.65
1872	56.3689	2655.12
1873	56.4036	2655.04
1874	56.4595	2653.18
1875	56.4941	2653.07
1876	56.5271	2651.78
1879	56.6264	2650.69
1880	56.6594	2650.66
1881	56.6925	2650.47
1883	56.7588	2649.79
1884	56.7915	2648.14
1885	56.8247	2648.07
1886	56.8601	2647.79
1887	56.895	2646.77
1888	56.9284	2645.21
1889	56.9613	2644.94
1890	56.9955	2644.44
1891	57.0292	2644.08
1892	57.062	2640.74
1893	57.0958	2640.7
1894	57.1294	2640.66
1895	57.1626	2640.36
1897	57.2296	2639.96
1898	57.2633	2639.82
1899	57.2973	2639.56
1900	57.3302	2639.48
1901	57.3629	2639.39
1902	57.3967	2638.95
1903	57.4305	2637.75
1904	57.4633	2636.94
1905	57.4966	2636.88
1907	57.5786	2634.68
1908	57.6131	2632.59
1909	57.6503	2632.1
1911	57.7191	2631.8
1912	57.7526	2631.02
1914	57.8459	2630.18
1915	57.883	2630.14
1916	57.9161	2629.71
1917	57.9498	2629.66
1918	57.983	2629.36
1919	58.0168	2627.14
1920	58.0511	2626.91
1921	58.085	2626.65
1922	58.1194	2626.36
1923	58.1538	2626.29
1924	58.1877	2625.95
1925	58.2217	2625.89
1926	58.2551	2624.88
1927	58.2881	2624.69
1928	58.3219	2623.58
1929	58.3549	2623.45
1930	58.3889	2623.33
1931	58.4231	2623.22
1932	58.456	2621.12
1933	58.4893	2621.02
1934	58.5236	2620.87
1935	58.5574	2620.74
1936	58.5914	2620.55
1937	58.626	2620.53
1938	58.6599	2620.41
1939	58.6965	2620.02
1940	58.7349	2619.77
1941	58.7837	2619.52
1942	58.8269	2619.5
1943	58.8688	2619.46
1944	58.9087	2619.38
1945	58.9426	2618.55
1946	58.9781	2618.52
1948	59.0554	2618.28
1949	59.0912	2618.06
1950	59.1277	2617.79
1951	59.1616	2616.63
1952	59.1959	2615.05
1953	59.2302	2614.84
1955	59.2978	2613.59
1956	59.331	2613.59
1957	59.3645	2613.39
1958	59.3976	2612.24
1959	59.4313	2612.23
1961	59.4966	2611.46
1962	59.5295	2611.44
1963	59.563	2609.73
1964	59.5965	2608.07
1965	59.6296	2607.77
1966	59.6635	2607.6
1967	59.6972	2607.49
1968	59.7298	2607.35
1969	59.7626	2607.31
1970	59.7962	2607.24
1971	59.8291	2603.08
1972	59.8619	2602.83
1973	59.8952	2602.25
1974	59.928	2602.25
1975	59.9614	2602.24
1976	59.9943	2600.72
1977	60.0277	2600.59
1978	60.0603	2600.51
1979	60.0941	2599.79
1980	60.1282	2599.72
1981	60.1616	2599.71
1982	60.1957	2598.8
1983	60.2294	2598.47
1984	60.2629	2598.26
1985	60.2955	2598.24
1987	60.3624	2596.97
1988	60.3956	2596.91
1989	60.4292	2596.79
1990	60.4622	2596.29
1991	60.4951	2595.66
1992	60.528	2595.65
1993	60.5608	2595.24
1995	60.6292	2594.28
1996	60.6633	2593.71
1997	60.6972	2593.08
1998	60.7312	2591.47
2000	60.7971	2591.3
2001	60.8311	2591.28
2002	60.8639	2591.27
2003	60.8976	2591
2004	60.9316	2590.69
2005	60.9648	2590.27
2006	60.9983	2590.06
2007	61.0321	2589.41
2008	61.0659	2589.07
2009	61.0996	2588.68
2010	61.1336	2588.68
2011	61.1665	2588.49
2012	61.2	2588.47
2013	61.235	2588.3
2014	61.2689	2588.1
2015	61.3017	2588.09
2016	61.3345	2587.57
2017	61.3683	2587.51
2018	61.401	2584.1
2019	61.4344	2584.07
2020	61.4671	2583.48
2021	61.5006	2583.25
2023	61.5699	2578.44
2024	61.6083	2578.42
2025	61.644	2577.72
2026	61.6789	2577.63
2027	61.7127	2577.56
2028	61.7455	2577.41
2030	61.8135	2577.37
2031	61.8468	2576.44
2032	61.8817	2576.22
2033	61.9215	2575.97
2034	61.9584	2574.91
2035	61.9967	2574.66
2036	62.0307	2574.45
2037	62.0806	2574.38
2038	62.1227	2566.33
2039	62.1588	2566.3
2040	62.1952	2566.28
2041	62.2329	2566.16
2042	62.2754	2566.13
2043	62.3099	2565.37
2045	62.378	2564.05
2046	62.4112	2563.94
2049	62.5134	2563.19
2050	62.5482	2562.95
2051	62.5838	2562.89
2052	62.6202	2562.88
2053	62.6536	2562.85
2054	62.6878	2562.61
2056	62.754	2562.49
2057	62.788	2562.08
2058	62.8217	2561.79
2059	62.8555	2561.68
2060	62.8891	2561.61
2061	62.9226	2561.33
2062	62.9558	2552.21
2064	63.0232	2552.06
2065	63.0562	2551.93
2066	63.0899	2551.83
2068	63.1569	2551.11
2069	63.19	2550.98
2070	63.2327	2550.54
2071	63.2979	2550.01
2072	63.3347	2549.99
2073	63.3708	2549.87
2075	63.4425	2548.56
2077	63.51	2548.38
2079	63.5766	2544.19
2080	63.6097	2543.68
2081	63.643	2543.66
2083	63.7106	2543.15
2084	63.7442	2542.91
2086	63.8113	2542.48
2087	63.8455	2541.98
2088	63.8794	2541.89
2089	63.9131	2540.2
2092	64.0123	2539.92
2093	64.0458	2539.72
2094	64.0803	2539.65
2095	64.1135	2538.18
2096	64.1466	2537.95
2097	64.18	2537.91
2098	64.2147	2537.67
2099	64.2475	2537.64
2100	64.2817	2537.45
2101	64.3151	2536.61
2103	64.3817	2533.33
2104	64.416	2531.99
2105	64.4599	2531.83
2106	64.5036	2531.37
2107	64.5405	2530.01
2108	64.5752	2528.17
2109	64.6095	2528.15
2110	64.643	2527.6
2111	64.6768	2526.93
2112	64.7122	2525.87
2113	64.7466	2525.62
2114	64.7799	2523.39
2115	64.8131	2523.11
2116	64.8464	2522.92
2119	64.9462	2521.93
2121	65.0124	2521.78
2123	65.0786	2521.53
2124	65.1123	2521.12
2125	65.1467	2520.94
2126	65.1805	2520.68
2127	65.2144	2519.93
2128	65.2477	2518.99
2129	65.2824	2518.78
2130	65.3157	2518.51
2131	65.3486	2518.16
2132	65.3823	2517.82
2133	65.4162	2517.68
2134	65.4491	2517.66
2136	65.5173	2517.64
2137	65.5508	2517.34
2138	65.5847	2517.14
2139	65.6205	2516.71
2140	65.6554	2516.61
2141	65.6893	2516.52
2142	65.7229	2516.14
2143	65.7566	2515.37
2144	65.7902	2513.7
2145	65.8234	2513.24
2146	65.857	2513.06
2147	65.8908	2509.86
2148	65.9246	2507.9
2151	66.0251	2507.86
2152	66.0585	2507.11
2154	66.126	2505.7
2156	66.1922	2505.43
2157	66.2259	2505.39
2158	66.2593	2505.12
2159	66.2925	2504.27
2160	66.3265	2503.72
2161	66.3598	2503.55
2162	66.3926	2503.14
2163	66.4275	2503.1
2164	66.4615	2503.08
2165	66.495	2503.06
2166	66.5287	2502.84
2167	66.5621	2502.7
2168	66.5956	2502.05
2169	66.6287	2501.98
2171	66.6948	2501.21
2172	66.728	2500.72
2173	66.7616	2500.54
2174	66.7952	2500.44
2175	66.8287	2500.34
2176	66.8621	2500.17
2177	66.8956	2499.8
2178	66.929	2499.67
2179	66.9626	2499.32
2180	66.997	2498.57
2181	67.031	2498.34
2182	67.0644	2498.33
2183	67.0974	2498.29
2184	67.1312	2498.29
2185	67.1641	2498.05
2186	67.1976	2498.03
2187	67.2315	2498.03
2188	67.2651	2497.84
2189	67.2992	2497.21
2190	67.333	2497.05
2191	67.366	2496.22
2192	67.4023	2495.58
2193	67.4397	2495.15
2195	67.5063	2494.27
2196	67.5402	2494.27
2197	67.5736	2494.21
2198	67.6071	2494.09
2200	67.6737	2494
2201	67.7072	2493.42
2202	67.7406	2493.41
2203	67.7744	2492.97
2204	67.8092	2491.53
2205	67.8427	2491.1
2206	67.8764	2490.96
2207	67.9099	2490.62
2208	67.9438	2490.52
2209	67.9774	2490.48
2210	68.0109	2490.44
2211	68.0443	2490.41
2212	68.078	2490.23
2213	68.1114	2489.86
2214	68.1451	2489.82
2216	68.2128	2489.59
2217	68.246	2489.45
2218	68.28	2488.3
2219	68.314	2488.07
2220	68.3479	2488.07
2221	68.3828	2488.02
2222	68.4315	2487.75
2223	68.4721	2487.36
2224	68.5056	2487.21
2225	68.539	2487.19
2226	68.5736	2487.16
2227	68.6071	2486.45
2228	68.6413	2486.4
2229	68.6749	2486.32
2230	68.7082	2486.04
2231	68.7416	2485.69
2232	68.7789	2485.69
2233	68.8378	2485.3
2234	68.8827	2484.93
2235	68.9169	2483.81
2236	68.9507	2483.75
2237	68.9849	2483.27
2238	69.0187	2482.05
2239	69.0525	2482.04
2240	69.0856	2481.94
2241	69.1189	2481.91
2242	69.1523	2481.88
2243	69.1856	2481.49
2244	69.2187	2479.96
2245	69.2525	2478.35
2246	69.2861	2478.21
2247	69.3196	2477.85
2248	69.3528	2477.72
2249	69.386	2477.64
2250	69.4192	2477.61
2251	69.4528	2477.53
2252	69.4862	2477.52
2253	69.5194	2477.41
2254	69.5528	2477.07
2255	69.587	2477.06
2256	69.6227	2476.65
2258	69.7072	2473.63
2259	69.7588	2473.61
2260	69.8047	2472.55
2261	69.8388	2472.44
2262	69.8727	2472.26
2263	69.9069	2469.2
2264	69.941	2469.18
2265	69.9762	2468.58
2266	70.0145	2468.49
2267	70.0526	2468.44
2268	70.0872	2468.33
2270	70.1555	2468.31
2271	70.1892	2467.74
2272	70.2229	2467.73
2273	70.2561	2467.64
2274	70.2904	2466.66
2275	70.3247	2466.43
2276	70.3587	2466.31
2277	70.3919	2466.25
2278	70.4252	2464.91
2279	70.4596	2464.89
2280	70.4932	2464.88
2281	70.5268	2464.8
2283	70.5944	2464.44
2284	70.6275	2464.44
2285	70.6606	2463.68
2286	70.694	2463.35
2287	70.7275	2463.27
2289	70.7952	2462.72
2290	70.8287	2462.59
2291	70.8618	2462.54
2292	70.895	2462.53
2293	70.9288	2462.47
2295	70.9957	2462.39
2296	71.0291	2461.32
2297	71.0636	2461.01
2298	71.0968	2460.85
2299	71.1315	2460.76
2300	71.1646	2460.67
2301	71.1982	2460.39
2302	71.2321	2459.8
2303	71.2661	2459.8
2304	71.2994	2459.77
2305	71.3325	2459.71
2306	71.3659	2459.62
2307	71.3993	2459.48
2308	71.4329	2459.1
2309	71.4669	2459.09
2310	71.5001	2458.02
2311	71.5333	2457.44
2313	71.6016	2457.32
2315	71.669	2456.11
2316	71.7028	2455.99
2317	71.7358	2455.92
2318	71.7698	2455.92
2319	71.8036	2453.05
2320	71.8371	2452.85
2321	71.8714	2452.8
2323	71.938	2451.63
2324	71.9716	2451.49
2325	72.0049	2451.45
2326	72.0381	2447.68
2328	72.1057	2446.81
2329	72.1388	2446.55
2330	72.1741	2446.48
2331	72.2094	2446.35
2332	72.2428	2446.02
2333	72.2763	2445.82
2334	72.3103	2445.38
2335	72.3442	2444.72
2336	72.3772	2444.59
2337	72.411	2444.34
2338	72.4443	2444.18
2339	72.4776	2444.15
2340	72.5114	2444.03
2341	72.545	2443.33
2342	72.5783	2443.06
2343	72.6132	2440.59
2344	72.6482	2438.85
2345	72.682	2438.7
2346	72.7153	2438.46
2347	72.7487	2437.39
2348	72.782	2437.16
2349	72.8153	2437.13
2350	72.849	2436.8
2351	72.8824	2436.13
2352	72.9158	2435.34
2353	72.9499	2435.28
2354	72.9841	2433.61
2356	73.052	2432.96
2357	73.0858	2432.61
2359	73.1647	2431.98
2360	73.1992	2431.91
2361	73.2332	2431.75
2363	73.3011	2431.45
2364	73.3347	2429.7
2365	73.3804	2429.57
2366	73.4164	2429.38
2367	73.45	2428.7
2368	73.4835	2428.39
2369	73.5168	2428.25
2370	73.5505	2427.95
2371	73.5835	2427.66
2372	73.6175	2426.68
2373	73.6512	2426.5
2374	73.6847	2426.49
2377	73.7871	2426.15
2378	73.822	2426.08
2379	73.8572	2425.91
2380	73.8911	2425.83
2381	73.9349	2425.78
2382	73.9706	2425.47
2383	74.0047	2424.86
2384	74.0394	2424.4
2385	74.0733	2423.2
2386	74.1069	2422.61
2387	74.1406	2421.7
2388	74.1743	2420.53
2389	74.2078	2420.07
2391	74.2755	2419.88
2392	74.3086	2419.11
2394	74.3778	2418.94
2395	74.4115	2418.88
2396	74.4447	2418.72
2398	74.5121	2418.56
2399	74.5452	2418.1
2400	74.5784	2417.89
2401	74.6139	2417.76
2402	74.6487	2417.47
2403	74.682	2417.45
2404	74.7154	2417.42
2405	74.7488	2417.4
2406	74.7821	2417.17
2407	74.8158	2417.05
2408	74.849	2416.51
2409	74.8826	2416.45
2411	74.9495	2416.26
2412	74.9826	2416.04
2413	75.0164	2415.96
2414	75.0503	2415.63
2415	75.0835	2415.54
2416	75.1187	2415.43
2417	75.1526	2415.41
2418	75.1861	2414.92
2419	75.2203	2414.74
2420	75.2536	2414.56
2421	75.2867	2414.34
2422	75.3203	2414.34
2423	75.3628	2414.32
2424	75.4101	2414.28
2425	75.4456	2414.15
2426	75.4789	2414.14
2428	75.5576	2413.94
2429	75.5921	2413.63
2430	75.6261	2413.36
2431	75.6605	2412.47
2432	75.6942	2411.19
2433	75.7278	2410.46
2435	75.7949	2409.6
2436	75.8283	2409.59
2437	75.8612	2409.28
2441	75.9965	2408.61
2442	76.0318	2408.55
2443	76.0722	2404.49
2444	76.111	2403.18
2445	76.1485	2403.13
2446	76.196	2402.99
2447	76.232	2402.9
2448	76.2679	2402.79
2449	76.3013	2402.77
2450	76.3344	2402.72
2451	76.3697	2401.99
2453	76.4366	2401.54
2454	76.4705	2401.52
2455	76.5043	2401.04
2456	76.5396	2400.36
2457	76.5769	2400.26
2458	76.6113	2399.93
2459	76.6445	2399.62
2460	76.6781	2399.53
2461	76.711	2399.51
2462	76.7448	2399.19
2463	76.7791	2398.78
2464	76.8125	2398.61
2465	76.8455	2398.61
2467	76.9121	2397.63
2468	76.9453	2397.46
2469	76.9782	2397.37
2470	77.0113	2397.13
2471	77.0445	2396.81
2472	77.0782	2396.8
2473	77.1114	2396.6
2474	77.1445	2396.56
2475	77.1778	2395.89
2476	77.2119	2395.84
2477	77.2464	2395.58
2478	77.2806	2394.69
2479	77.315	2394.55
2480	77.3487	2394.44
2481	77.3828	2394.39
2482	77.4186	2394.38
2483	77.4537	2394.2
2484	77.4884	2393.55
2485	77.5232	2393.2
2486	77.5569	2393.07
2487	77.5902	2392.79
2488	77.6235	2392.68
2489	77.6565	2392.61
2490	77.6901	2392.51
2491	77.7233	2392.45
2492	77.757	2392.32
2493	77.7905	2392.21
2494	77.8241	2392.2
2495	77.8583	2392.1
2496	77.8935	2391.89
2497	77.9265	2391.87
2498	77.9597	2389.38
2499	77.9937	2389.35
2500	78.0271	2389.19
2501	78.0603	2389.14
2503	78.1277	2387.16
2505	78.195	2386.55
2506	78.229	2386.5
2507	78.2641	2386.47
2508	78.3132	2386.41
2509	78.3945	2386.08
2510	78.4365	2386.05
2511	78.4827	2385.53
2512	78.5169	2385.51
2513	78.55	2385.46
2514	78.5852	2379.79
2515	78.6199	2379.61
2516	78.6539	2378.95
2517	78.6887	2378.89
2518	78.7235	2377.71
2519	78.759	2377.63
2520	78.7949	2377.62
2521	78.83	2377.49
2522	78.8634	2377.48
2523	78.8975	2377.12
2524	78.9313	2377.07
2525	78.9659	2376.18
2526	78.9995	2375.96
2527	79.0341	2375.84
2528	79.0687	2375.69
2529	79.1031	2375.18
2530	79.1364	2375.03
2531	79.1706	2375.01
2532	79.2049	2374.96
2533	79.2394	2374.93
2534	79.2735	2374.88
2535	79.3113	2374.85
2536	79.3467	2374.69
2537	79.3858	2374.25
2538	79.4202	2374.23
2539	79.4547	2374.16
2540	79.4893	2373.83
2541	79.5234	2373.52
2542	79.5579	2373.3
2543	79.5918	2373.28
2544	79.6295	2371.54
2545	79.6627	2371.48
2546	79.6964	2371.42
2547	79.7298	2371.16
2548	79.7631	2370.76
2550	79.8308	2370.05
2551	79.8652	2369.49
2552	79.8988	2368.77
2553	79.9322	2368.71
2555	79.9988	2368.34
2556	80.0318	2368.2
2557	80.0656	2368.13
2558	80.099	2368.12
2559	80.1324	2365.86
2560	80.1656	2365.74
2561	80.1987	2365.63
2563	80.2648	2365.51
2564	80.2984	2365.16
2566	80.3688	2364.6
2568	80.4478	2364.47
2570	80.516	2364.32
2571	80.5496	2363.91
2572	80.5832	2363.61
2573	80.6162	2363.4
2574	80.6495	2363.37
2575	80.6835	2362.69
2576	80.7167	2362.69
2577	80.7499	2362.36
2579	80.8167	2362.35
2580	80.8506	2362.28
2581	80.8839	2361.46
2583	80.9513	2359.23
2584	80.9867	2358.53
2585	81.0198	2358.38
2586	81.0531	2358.22
2587	81.0866	2357.3
2588	81.1201	2356.36
2589	81.1537	2356.35
2590	81.1879	2355.31
2591	81.2214	2355.02
2592	81.2549	2354.19
2593	81.2883	2354.04
2594	81.3215	2352.63
2596	81.3885	2351.04
2597	81.422	2349.8
2599	81.4892	2349.25
2600	81.5223	2349.2
2601	81.5559	2349.12
2603	81.6228	2348.95
2604	81.656	2348.68
2605	81.6886	2348.66
2606	81.7217	2348.58
2607	81.7543	2348.13
2608	81.7864	2345.21
2609	81.8188	2345.2
2610	81.8515	2344.95
2611	81.8838	2344.71
2612	81.9162	2344.13
2613	81.9486	2344.08
2614	81.9806	2344.04
2617	82.0784	2343.34
2619	82.1433	2343.26
2620	82.1763	2343.25
2621	82.2089	2343.21
2622	82.2421	2342.98
2623	82.2744	2342.51
2624	82.3072	2342.28
2625	82.3401	2341.92
2626	82.3726	2341.64
2627	82.4053	2340.85
2628	82.4385	2339.94
2629	82.4714	2339.46
2631	82.5363	2339.35
2632	82.5689	2338.81
2634	82.634	2338.68
2635	82.6676	2336.41
2636	82.7006	2336.32
2637	82.7336	2336.31
2638	82.7664	2336.19
2639	82.799	2335.82
2640	82.8317	2335.68
2641	82.8647	2335.54
2642	82.8975	2335.32
2643	82.9304	2335.31
2644	82.9628	2335.31
2645	82.9957	2334.83
2646	83.0284	2334.71
2647	83.0607	2334.6
2648	83.0953	2333.93
2649	83.1289	2333.81
2651	83.195	2333.6
2652	83.227	2333.39
2653	83.2601	2333.32
2654	83.294	2332.99
2655	83.3268	2332.93
2656	83.3599	2332.8
2657	83.3921	2332.8
2658	83.4243	2332.62
2659	83.4579	2332.61
2660	83.4909	2332.37
2661	83.5237	2332.13
2662	83.5572	2332.11
2663	83.5899	2332.1
2665	83.6548	2331.98
2666	83.6875	2331.98
2668	83.7579	2331.68
2669	83.8057	2331.51
2670	83.8396	2331.32
2671	83.8744	2330.8
2672	83.9079	2330.29
2673	83.9415	2329.13
2675	84.0205	2328.73
2676	84.0571	2328.73
2677	84.0903	2328.58
2678	84.123	2328.48
2679	84.1565	2328.38
2680	84.1896	2328.29
2681	84.2223	2327.93
2682	84.2557	2327.92
2683	84.2886	2327.64
2684	84.3213	2326.64
2685	84.3538	2326.63
2686	84.3864	2326.52
2687	84.4189	2326.4
2688	84.4511	2326.31
2689	84.4844	2326.28
2690	84.5171	2326.27
2691	84.55	2324.82
2692	84.583	2324.76
2693	84.6159	2324.58
2694	84.6491	2324.55
2695	84.6824	2324.45
2696	84.7164	2324.28
2697	84.7496	2324.18
2698	84.7831	2324.12
2699	84.816	2323.59
2700	84.85	2323.53
2701	84.8833	2323.51
2702	84.9167	2323
2703	84.9489	2322.8
2704	84.9818	2322.69
2705	85.0155	2322.68
2706	85.0484	2322.67
2707	85.081	2321.51
2708	85.1144	2321.46
2709	85.1477	2321.42
2710	85.1801	2321.21
2711	85.2139	2320.92
2712	85.2483	2320.9
2714	85.316	2320.66
2715	85.3486	2320.21
2716	85.3813	2320.19
2717	85.4143	2319.79
2718	85.447	2318.76
2719	85.4802	2318.68
2720	85.5137	2318.58
2721	85.5471	2318.55
2722	85.58	2318.52
2723	85.6133	2318.13
2724	85.6464	2317.97
2725	85.6799	2317.83
2726	85.7135	2317.72
2727	85.7463	2317.65
2728	85.7797	2317.49
2729	85.815	2317.43
2730	85.8478	2317.35
2731	85.882	2317.33
2732	85.9148	2317.32
2733	85.9477	2317.31
2734	85.9811	2317.3
2735	86.014	2317.16
2736	86.0465	2316.77
2737	86.0796	2316.75
2738	86.1126	2314.61
2739	86.1464	2314.59
2740	86.1795	2314.56
2741	86.2125	2314.52
2742	86.2454	2314.38
2743	86.2784	2312.31
2744	86.3115	2312.27
2745	86.3442	2311.87
2746	86.377	2311.82
2748	86.4437	2311.76
2749	86.4769	2311.73
2750	86.5104	2311.7
2751	86.5429	2311.29
2752	86.5756	2311.2
2754	86.6425	2310.16
2755	86.6762	2310.09
2756	86.7094	2309.74
2757	86.7425	2309.67
2758	86.7759	2309.41
2759	86.8093	2309.4
2760	86.8426	2309.39
2761	86.8755	2309.35
2763	86.9619	2309.16
2765	87.0294	2309.08
2766	87.065	2308.9
2768	87.139	2307.31
2769	87.1722	2307.03
2770	87.2061	2306.94
2772	87.2741	2306.93
2774	87.341	2306.91
2775	87.3759	2306.9
2776	87.412	2306.76
2777	87.446	2306.33
2778	87.4789	2306.18
2779	87.5125	2306.13
2780	87.5461	2306.08
2781	87.5786	2305.99
2782	87.6114	2305.11
2783	87.6442	2305.07
2784	87.6771	2304.89
2785	87.7101	2304.87
2786	87.7432	2304.81
2789	87.8417	2304.8
2790	87.8749	2303.97
2791	87.9092	2302.81
2792	87.9432	2301.6
2793	87.9759	2301.11
2795	88.0429	2300.3
2796	88.0758	2300.23
2797	88.1087	2300.15
2799	88.1745	2298.2
2800	88.2076	2298.04
2803	88.3079	2298
2804	88.3414	2297.95
2805	88.3748	2297.82
2806	88.4081	2297.54
2808	88.4745	2297.49
2810	88.5399	2296.74
2811	88.5729	2296.29
2812	88.6061	2296.11
2813	88.6386	2295.93
2814	88.6718	2295.92
2815	88.7048	2293.76
2816	88.7375	2293.7
2817	88.7723	2293.3
2818	88.8057	2293.03
2819	88.8387	2292.97
2820	88.8718	2292.9
2821	88.9051	2291.75
2823	88.9713	2289.96
2824	89.004	2289.22
2825	89.037	2289.08
2826	89.07	2289.05
2827	89.1041	2288.15
2828	89.1373	2286.4
2829	89.1703	2286.39
2830	89.2036	2286.18
2832	89.2711	2285.26
2833	89.3041	2285.21
2834	89.3374	2284.13
2835	89.3704	2283.97
2836	89.4032	2283.58
2837	89.4371	2283.33
2839	89.5039	2282.98
2840	89.5379	2282.93
2841	89.5748	2282.34
2843	89.6434	2282.32
2844	89.6778	2281.48
2846	89.7454	2281.46
2847	89.779	2281.02
2848	89.8122	2280
2849	89.8454	2279.95
2850	89.8784	2279.47
2851	89.9122	2279.24
2852	89.9459	2279.1
2853	89.979	2279.02
2854	90.0129	2279.01
2857	90.114	2278.65
2858	90.1477	2278.64
2860	90.2148	2278.59
2861	90.2477	2278.58
2862	90.296	2278.48
2863	90.3296	2278
2864	90.3628	2277.83
2865	90.3957	2277.7
2866	90.4294	2277.57
2867	90.4627	2275.54
2868	90.496	2274.84
2869	90.5293	2274.63
2870	90.5633	2272.25
2871	90.5962	2270.84
2872	90.6295	2270.56
2874	90.696	2270.52
2875	90.7294	2270.49
2876	90.7628	2270.44
2878	90.83	2270.29
2879	90.8635	2269.93
2880	90.8967	2269.78
2881	90.9297	2269.59
2882	90.9629	2269.43
2884	91.0291	2269.42
2885	91.0624	2269.21
2886	91.0984	2269.11
2887	91.1335	2269.03
2888	91.1688	2268.53
2889	91.2028	2268.46
2891	91.2705	2268.23
2893	91.3374	2268.18
2894	91.3717	2267.93
2895	91.4057	2267.89
2896	91.4389	2267.82
2897	91.4719	2267.79
2898	91.5057	2267.38
2899	91.5397	2267.36
2900	91.5731	2267.07
2901	91.6059	2266.86
2902	91.6392	2266.86
2903	91.6728	2266.84
2904	91.7068	2266.84
2905	91.7419	2266.78
2906	91.7775	2266.76
2908	91.8435	2266.57
2909	91.8782	2266.44
2910	91.9121	2264.87
2911	91.9457	2264.34
2912	91.9794	2263.85
2913	92.0129	2263.73
2915	92.0833	2263.42
2916	92.1198	2263.4
2917	92.1535	2263.29
2918	92.1869	2263.2
2921	92.2885	2262.64
2922	92.3223	2262.6
2923	92.3572	2262
2924	92.3903	2261.02
2925	92.4232	2260.99
2926	92.4566	2260.89
2927	92.4905	2260.81
2928	92.5239	2260.69
2929	92.5572	2260.65
2931	92.6235	2260.43
2933	92.6911	2260.39
2934	92.7247	2260.38
2935	92.7584	2260.33
2936	92.7915	2260.19
2937	92.8258	2260.12
2938	92.8593	2260
2939	92.8935	2258.97
2941	92.9597	2258.93
2942	92.9933	2258.62
2943	93.027	2258.47
2944	93.0605	2258.35
2945	93.0939	2258.31
2946	93.127	2258.26
2947	93.1608	2255.56
2948	93.1942	2255.53
2949	93.227	2255.47
2950	93.2598	2255.35
2951	93.293	2255.14
2952	93.3269	2255.13
2954	93.3937	2255.13
2955	93.4275	2254.92
2956	93.4608	2254.9
2957	93.4937	2254.69
2958	93.5271	2254.41
2959	93.5609	2254.36
2960	93.594	2254.26
2961	93.6277	2254.25
2962	93.6614	2254.23
2963	93.6944	2253.09
2964	93.7282	2253.01
2965	93.7612	2252.96
2966	93.7947	2252.83
2968	93.862	2252.74
2969	93.8966	2252.69
2970	93.9316	2252.65
2971	93.9646	2252.56
2973	94.0313	2252.49
2974	94.0655	2252.48
2975	94.0986	2251.96
2976	94.1325	2251.64
2978	94.1998	2249.87
2979	94.2332	2249.84
2980	94.2674	2249.79
2981	94.3007	2249.74
2982	94.3348	2249.68
2983	94.3689	2248.67
2985	94.4353	2248.26
2986	94.4692	2248.21
2987	94.5025	2248.09
2990	94.6033	2248.08
2991	94.6367	2247.72
2992	94.671	2247.65
2993	94.705	2247.56
2994	94.7385	2246.85
2995	94.7727	2246.79
2996	94.8057	2246.59
2997	94.841	2246.53
2998	94.8781	2246.25
3000	94.9452	2246.24
3001	94.9936	2246.2
3003	95.0705	2246.15
3004	95.1043	2246.09
3005	95.1379	2246
3006	95.172	2245.85
3007	95.2058	2245.83
3009	95.2719	2245.51
3010	95.3055	2245.49
3011	95.3403	2245.48
3012	95.374	2245.47
3013	95.4075	2245.46
3014	95.441	2245.43
3015	95.4744	2245.42
3016	95.5081	2245.07
3017	95.5426	2244.78
3019	95.6144	2244.74
3020	95.6707	2244.7
3021	95.7091	2244.55
3022	95.7444	2244.48
3024	95.8133	2244.46
3025	95.8473	2244.44
3026	95.8813	2244.41
3027	95.915	2244.34
3028	95.9492	2244.24
3030	96.0172	2243.58
3031	96.0517	2243.28
3032	96.0871	2241.66
3033	96.1218	2241.64
3035	96.1954	2241.05
3036	96.2322	2240.99
3037	96.2697	2240.9
3038	96.3047	2240.78
3039	96.3383	2239.37
3040	96.373	2239.35
3041	96.4066	2239.31
3042	96.4399	2239.25
3043	96.4739	2239.11
3044	96.5082	2239.04
3045	96.5415	2238.67
3046	96.5755	2238.55
3048	96.6433	2238.52
3050	96.7101	2238.34
3051	96.7449	2238.09
3052	96.7783	2237.93
3053	96.8124	2237.76
3054	96.8482	2237.76
3055	96.8868	2236.47
3056	96.9225	2236.45
3057	96.9571	2236.2
3058	96.9904	2235.84
3059	97.0235	2235.82
3060	97.0573	2235.77
3061	97.0925	2235.43
3063	97.1609	2234.02
3064	97.1952	2233.66
3065	97.2281	2233.51
3067	97.2959	2232.78
3068	97.329	2232.53
3070	97.3954	2232.37
3072	97.4613	2231.64
3073	97.4946	2231.64
3074	97.5276	2230.91
3075	97.5609	2230.84
3076	97.594	2230.75
3077	97.6282	2230.56
3079	97.6961	2230.24
3081	97.7647	2230.18
3082	97.7988	2230.13
3085	97.8999	2230.11
3086	97.9331	2230.1
3087	97.9679	2229.71
3088	98.0017	2228.94
3089	98.0523	2228.94
3090	98.0901	2228.76
3091	98.1231	2228.58
3092	98.1563	2228.46
3093	98.1902	2228.42
3094	98.2247	2228.39
3096	98.3006	2228.3
3097	98.3348	2227.89
3098	98.3688	2227.86
3100	98.4364	2227.79
3102	98.5021	2227.67
3103	98.5352	2227.22
3104	98.5687	2227.12
3105	98.6018	2227.03
3106	98.6353	2226
3107	98.6691	2225.18
3108	98.7025	2225
3109	98.7354	2224.86
3111	98.8026	2224.71
3112	98.8363	2224.61
3114	98.9043	2224.6
3117	99.0045	2224.59
3118	99.0376	2224.56
3119	99.0711	2224.37
3120	99.1049	2224.29
3122	99.1712	2224.19
3123	99.2051	2224.18
3124	99.238	2224.17
3125	99.2714	2224.05
3126	99.3046	2223.96
3127	99.3378	2223.24
3128	99.3723	2222.95
3129	99.4071	2222.92
3131	99.4787	2222.71
3133	99.5753	2222.66
3134	99.6446	2222.38
3137	99.7621	2222.37
3138	99.7963	2222.25
3139	99.8347	2222.23
3140	99.8681	2222.05
3141	99.9016	2221.87
3142	99.9364	2220.77
3145	100.048	2220.68
3146	100.084	2220.68
3148	100.151	2220.49
3149	100.185	2220.44
3150	100.218	2219.93
3151	100.252	2219.48
3152	100.286	2219.12
3154	100.353	2218.89
3155	100.387	2218.51
3156	100.421	2218.5
3157	100.456	2218.48
3158	100.49	2218.45
3159	100.524	2218.44
3160	100.557	2218.41
3161	100.592	2218.21
3162	100.628	2218.21
3163	100.662	2217.51
3164	100.695	2216.53
3165	100.729	2216.5
3166	100.762	2216.4
3167	100.795	2216.29
3168	100.831	2216.2
3169	100.869	2216.17
3171	100.939	2216.15
3173	101.006	2216.14
3174	101.039	2216.1
3176	101.107	2216.03
3177	101.141	2215.96
3178	101.175	2215.9
3179	101.209	2215.62
3181	101.277	2215.61
3182	101.31	2215.25
3183	101.349	2215.14
3184	101.388	2214.95
3185	101.422	2214.91
3186	101.455	2214.89
3187	101.489	2214.02
3188	101.523	2214.01
3189	101.556	2213.94
3190	101.591	2213.71
3191	101.625	2213.47
3194	101.725	2213.47
3195	101.759	2213.11
3196	101.792	2213.09
3197	101.826	2213
3198	101.86	2212.37
3199	101.893	2212.32
3200	101.926	2212.25
3201	101.965	2212.22
3202	102.004	2212.2
3203	102.039	2212.01
3204	102.073	2211.98
3206	102.14	2211.91
3208	102.207	2211.83
3209	102.24	2211.8
3210	102.274	2211.75
3211	102.308	2211.64
3213	102.375	2211.58
3214	102.408	2211.57
3215	102.442	2211.19
3216	102.476	2210.92
3218	102.544	2209.39
3219	102.577	2209.38
3220	102.611	2209.35
3221	102.646	2209.3
3222	102.682	2209.28
3223	102.716	2208.27
3225	102.784	2207.96
3226	102.819	2207.9
3227	102.857	2207.83
3228	102.895	2207.76
3229	102.93	2207.45
3230	102.965	2207.44
3231	102.998	2207.16
3232	103.032	2207.11
3233	103.066	2207.09
3234	103.1	2206.64
3235	103.134	2206.59
3236	103.168	2206.42
3237	103.202	2206.37
3238	103.235	2205.88
3240	103.303	2205.87
3246	103.518	2205.54
3247	103.553	2205.37
3249	103.621	2205.31
3250	103.654	2205.3
3251	103.688	2205.29
3252	103.722	2205.28
3253	103.757	2205.27
3254	103.791	2205.25
3256	103.858	2205.12
3257	103.895	2204.81
3259	104.002	2204.76
3260	104.036	2204.72
3261	104.07	2204.65
3262	104.104	2204.59
3264	104.174	2204.44
3265	104.209	2204.43
3268	104.314	2204.41
3270	104.383	2203.81
3271	104.416	2203.56
3272	104.452	2202.97
3273	104.486	2202.94
3275	104.554	2202.57
3276	104.587	2202.55
3277	104.622	2202.49
3278	104.657	2202.44
3279	104.691	2201.18
3280	104.725	2201.17
3282	104.795	2201.15
3283	104.83	2200.99
3285	104.901	2199.88
3288	105.035	2199.84
3290	105.11	2199.57
3291	105.148	2199.37
3292	105.183	2199.27
3293	105.217	2199.13
3295	105.285	2197.6
3297	105.351	2197.28
3298	105.386	2196.69
3299	105.42	2196.67
3300	105.454	2196.66
3301	105.488	2195.81
3303	105.556	2194.47
3305	105.623	2194.34
3306	105.657	2194.34
3307	105.691	2193.64
3308	105.726	2192.81
3310	105.793	2192.64
3312	105.861	2191.94
3313	105.894	2191.94
3314	105.929	2190.98
3315	105.963	2190.98
3316	105.997	2190.89
3317	106.031	2190.78
3319	106.098	2190.55
3320	106.132	2190.5
3321	106.165	2190.46
3322	106.199	2190.42
3326	106.334	2190.24
3327	106.368	2189.97
3328	106.402	2187.87
3329	106.437	2187.85
3330	106.473	2187.7
3331	106.508	2187.52
3332	106.55	2187.41
3334	106.62	2187.23
3336	106.688	2187.18
3337	106.722	2186.86
3338	106.756	2186.67
3340	106.824	2186.66
3342	106.892	2186.59
3343	106.925	2186.26
3346	107.026	2186.14
3347	107.062	2185.5
3348	107.097	2185.4
3349	107.131	2185.31
3352	107.233	2185.31
3354	107.301	2185.3
3356	107.368	2185.22
3357	107.402	2185.2
3358	107.437	2185.18
3359	107.471	2185.17
3360	107.505	2185.14
3361	107.539	2185.08
3362	107.573	2184.96
3364	107.641	2184.94
3365	107.674	2184.84
3366	107.708	2184.77
3367	107.742	2184.68
3368	107.776	2184.33
3369	107.81	2184.3
3370	107.844	2184.3
3371	107.878	2184.07
3373	107.945	2184
3374	107.978	2183.74
3375	108.012	2183.73
3377	108.079	2183.73
3378	108.114	2183.73
3379	108.148	2183.71
3380	108.181	2183.51
3381	108.215	2183.36
3382	108.251	2183.12
3383	108.285	2183.08
3384	108.318	2183.04
3385	108.353	2182.99
3388	108.454	2182.88
3389	108.488	2182.87
3390	108.523	2182.7
3391	108.556	2182.38
3392	108.591	2182.17
3393	108.625	2182.14
3394	108.659	2182.06
3395	108.694	2181.82
3396	108.729	2181.8
3397	108.763	2181.73
3398	108.798	2181.72
3399	108.832	2181.71
3401	108.9	2181.52
3402	108.933	2181.26
3403	108.966	2180.99
3404	109	2180.15
3405	109.033	2180.11
3406	109.067	2180.02
3407	109.101	2179.93
3408	109.134	2179.84
3409	109.168	2179.46
3410	109.202	2178.73
3411	109.236	2178.7
3412	109.271	2178.69
3414	109.341	2178.65
3415	109.375	2178.6
3417	109.443	2178.54
3418	109.476	2178.48
3419	109.509	2178.3
3420	109.543	2178.28
3421	109.578	2178.28
3422	109.612	2177.95
3423	109.646	2177.92
3424	109.68	2177.76
3425	109.714	2177.71
3427	109.793	2177.07
3428	109.833	2176.99
3429	109.868	2176.9
3430	109.902	2176.79
3431	109.936	2176.55
3434	110.04	2176.52
3435	110.074	2176.24
3436	110.109	2176.24
3437	110.142	2176.07
3438	110.176	2176.02
3439	110.211	2175.98
3440	110.252	2175.84
3442	110.326	2175.82
3443	110.361	2175.64
3446	110.463	2175.54
3447	110.497	2175.48
3448	110.531	2175.44
3449	110.566	2175.41
3450	110.602	2175.4
3451	110.636	2175.27
3453	110.707	2175.23
3454	110.741	2175.23
3455	110.776	2175.08
3456	110.812	2174.03
3457	110.846	2174.03
3458	110.881	2172.68
3459	110.914	2172.67
3461	110.982	2172.63
3463	111.049	2172.21
3465	111.116	2171.98
3466	111.15	2171.95
3467	111.183	2171.91
3468	111.217	2171.89
3469	111.25	2171.75
3470	111.284	2171.73
3471	111.32	2171.47
3472	111.355	2171.28
3473	111.389	2171.24
3474	111.423	2170.89
3475	111.469	2170.88
3476	111.508	2170.75
3477	111.548	2170.72
3479	111.617	2170.71
3481	111.694	2170.69
3485	111.832	2170.67
3486	111.867	2170.47
3489	111.969	2170.37
3491	112.038	2170.33
3492	112.072	2170.33
3493	112.106	2170.24
3494	112.144	2170.24
3496	112.256	2170.17
3497	112.291	2169.95
3499	112.359	2169.91
3500	112.393	2169.9
3501	112.427	2169.89
3502	112.461	2169.71
3503	112.496	2169.71
3505	112.569	2169.61
3507	112.64	2169.61
3510	112.742	2169.25
3511	112.776	2169.06
3512	112.81	2168.69
3513	112.843	2168.68
3515	112.912	2168.15
3516	112.946	2168.11
3518	113.013	2168.09
3519	113.047	2167.07
3521	113.115	2167.04
3523	113.184	2167
3524	113.217	2166.98
3525	113.25	2166.89
3526	113.284	2166.88
3528	113.352	2166.68
3531	113.453	2166.58
3532	113.487	2166.49
3533	113.521	2166.38
3534	113.555	2166.38
3535	113.594	2165.28
3537	113.668	2165.12
3538	113.702	2165.04
3539	113.734	2165.04
3541	113.802	2164.61
3543	113.866	2163.54
3544	113.899	2163.48
3545	113.932	2163.36
3547	113.996	2162.76
3548	114.031	2162.52
3549	114.07	2162.51
3550	114.106	2162.4
3552	114.173	2161.7
3553	114.207	2161.68
3554	114.241	2161.13
3556	114.309	2160.98
3557	114.343	2160.77
3559	114.409	2160.65
3560	114.442	2160.61
3561	114.475	2160.57
3563	114.541	2160.53
3564	114.575	2160.52
3565	114.616	2160.47
3566	114.65	2160.47
3567	114.684	2160.23
3568	114.717	2159.86
3569	114.751	2159.82
3570	114.784	2159.67
3571	114.818	2159.52
3573	114.901	2159.48
3574	114.945	2159.45
3577	115.063	2159.14
3578	115.096	2158.57
3580	115.163	2158.57
3581	115.195	2158.56
3582	115.229	2158.51
3583	115.262	2158.23
3585	115.328	2158.21
3586	115.362	2157.92
3587	115.395	2157.41
3588	115.428	2157.35
3590	115.495	2157.22
3591	115.528	2157.22
3592	115.561	2157.19
3596	115.694	2157.04
3597	115.727	2157.03
3599	115.794	2157.01
3600	115.83	2157.01
3601	115.863	2157.01
3602	115.897	2156.95
3604	115.962	2156.93
3605	115.996	2156.85
3606	116.029	2156.78
3607	116.062	2156.02
3608	116.096	2155.74
3610	116.161	2155.71
3611	116.194	2155.54
3613	116.26	2155.48
3614	116.294	2155.12
3615	116.327	2155.11
3617	116.418	2155.11
3619	116.485	2155.1
3620	116.517	2155
3621	116.551	2154.85
3622	116.584	2154.82
3623	116.618	2154.81
3624	116.652	2154.78
3625	116.686	2154.73
3626	116.719	2154.71
3628	116.786	2154.61
3629	116.819	2154.55
3630	116.853	2154.4
3631	116.886	2154.11
3632	116.919	2153.88
3634	116.985	2153.79
3635	117.018	2153.57
3637	117.084	2153.54
3638	117.117	2153.53
3639	117.158	2153.52
3641	117.242	2153.44
3642	117.28	2153.43
3643	117.314	2153.24
3644	117.347	2152.42
3645	117.381	2152.39
3646	117.414	2152.29
3647	117.448	2152.2
3648	117.481	2152.1
3649	117.515	2152.07
3650	117.548	2152.02
3651	117.581	2151.93
3652	117.614	2151.93
3654	117.679	2151.89
3657	117.778	2151.86
3659	117.845	2151.8
3660	117.879	2151.78
3661	117.912	2151.76
3662	117.946	2151.66
3663	117.981	2151.64
3664	118.015	2151.52
3665	118.048	2151.49
3667	118.115	2150.94
3668	118.149	2150.91
3669	118.182	2150.85
3670	118.216	2150.54
3671	118.259	2150.32
3672	118.297	2150.31
3674	118.363	2150.3
3675	118.396	2150.09
3677	118.462	2149.98
3678	118.496	2149.59
3680	118.561	2149.49
3681	118.595	2149.34
3682	118.628	2149.31
3683	118.661	2149.18
3685	118.728	2148.46
3686	118.762	2148.36
3688	118.829	2148.31
3689	118.863	2148.29
3690	118.896	2148.28
3691	118.929	2148.18
3692	118.963	2148.12
3693	118.996	2148.08
3694	119.029	2148.07
3695	119.062	2147.97
3696	119.096	2147.66
3697	119.129	2147.61
3698	119.162	2146.55
3699	119.196	2146.54
3701	119.263	2146.52
3703	119.329	2146.23
3704	119.362	2146.22
3705	119.395	2146.02
3706	119.43	2145.98
3707	119.469	2145.94
3708	119.512	2145.91
3710	119.6	2145.9
3711	119.685	2145.65
3712	119.728	2145.64
3713	119.764	2145.6
3714	119.802	2145.25
3716	119.875	2145.18
3717	119.915	2145.15
3719	119.986	2145.14
3720	120.023	2145.13
3724	120.164	2145.1
3726	120.232	2144.85
3727	120.268	2144.83
3729	120.337	2144.62
3731	120.404	2144.6
3734	120.506	2144.59
3736	120.574	2144.56
3737	120.608	2144.34
3740	120.709	2144.31
3742	120.783	2143.77
3743	120.818	2143.76
3745	120.885	2143.72
3746	120.918	2143.69
3747	120.952	2143.67
3750	121.054	2143.32
3751	121.088	2143.1
3752	121.121	2142.82
3753	121.155	2142.81
3755	121.222	2142.39
3756	121.257	2142.38
3757	121.291	2142.36
3759	121.36	2141.38
3760	121.394	2141.34
3762	121.463	2141.3
3764	121.531	2141.29
3765	121.565	2141.22
3768	121.665	2141.12
3771	121.767	2141.06
3772	121.801	2140.99
3773	121.835	2140.9
3774	121.868	2140.9
3775	121.902	2140.07
3777	121.969	2139.94
3778	122.002	2139.54
3779	122.036	2139.54
3780	122.07	2139.54
3781	122.104	2139.22
3783	122.171	2138.42
3784	122.206	2138.41
3785	122.24	2138.31
3786	122.279	2138.3
3787	122.314	2137.78
3788	122.348	2137.54
3789	122.383	2137.53
3790	122.418	2137.44
3792	122.487	2137.02
3793	122.525	2137.01
3794	122.56	2136.6
3795	122.595	2136.58
3796	122.628	2136.43
3797	122.661	2136.25
3798	122.696	2136.22
3799	122.73	2136.05
3800	122.764	2136.04
3802	122.83	2136.04
3803	122.864	2136
3806	122.965	2135.65
3807	122.998	2135.55
3808	123.032	2134.84
3810	123.111	2134.78
3811	123.149	2134.64
3813	123.219	2134.48
3814	123.253	2134.46
3816	123.32	2134.42
3817	123.354	2134.23
3818	123.389	2134.07
3819	123.424	2134.06
3820	123.458	2134.05
3823	123.563	2133.81
3827	123.711	2133.37
3829	123.778	2133.36
3831	123.845	2133.31
3832	123.879	2133.26
3834	123.946	2133.26
3835	123.98	2133.25
3836	124.014	2133.23
3842	124.216	2133.04
3843	124.251	2133.03
3845	124.321	2132.99
3846	124.354	2132.94
3847	124.387	2131.45
3848	124.421	2131.14
3849	124.455	2131.12
3850	124.491	2131.07
3851	124.524	2130.93
3853	124.592	2130.88
3854	124.626	2130.64
3857	124.727	2130.63
3858	124.76	2130.42
3859	124.794	2130.42
3860	124.826	2130.38
3861	124.86	2130.26
3862	124.893	2130.21
3863	124.926	2130.2
3867	125.062	2130.19
3868	125.096	2130.1
3869	125.13	2130.04
3870	125.163	2129.95
3871	125.197	2129.69
3872	125.23	2129.45
3874	125.298	2129.37
3875	125.331	2129.3
3877	125.398	2129.21
3878	125.431	2128.95
3879	125.465	2128.89
3880	125.499	2128.86
3881	125.532	2128.65
3882	125.565	2128.65
3883	125.6	2128.47
3884	125.633	2127.88
3886	125.701	2127.82
3887	125.734	2127.72
3888	125.767	2127.65
3889	125.801	2127.61
3890	125.835	2127.57
3893	125.936	2127.55
3894	125.969	2127.51
3895	126.003	2127.5
3896	126.037	2127.49
3897	126.07	2127.46
3898	126.103	2127.46
3899	126.138	2127.07
3900	126.172	2127.07
3901	126.206	2127.05
3902	126.239	2127
3904	126.306	2126.89
3905	126.34	2126.88
3907	126.407	2126.58
3908	126.44	2126.21
3909	126.474	2126.08
3910	126.507	2125.95
3911	126.542	2125.49
3912	126.576	2125.42
3914	126.643	2125.4
3915	126.679	2125.22
3917	126.747	2125.1
3918	126.781	2124.9
3919	126.816	2124.73
3920	126.849	2124.66
3921	126.882	2124.63
3922	126.916	2124.55
3923	126.95	2124.51
3924	126.984	2124.5
3925	127.018	2123.63
3926	127.052	2123.01
3927	127.086	2122.99
3928	127.12	2122.97
3929	127.153	2122.95
3930	127.187	2122.93
3931	127.221	2122.91
3932	127.255	2122.87
3933	127.289	2122.87
3934	127.323	2122.86
3935	127.357	2122.75
3936	127.391	2122.5
3937	127.424	2122.48
3938	127.458	2121.58
3939	127.493	2121.58
3941	127.56	2121.51
3943	127.626	2121.49
3945	127.694	2121.27
3946	127.727	2121.24
3947	127.76	2121.23
3948	127.795	2121.02
3949	127.829	2120.92
3950	127.863	2120.91
3951	127.896	2120.38
3952	127.931	2120.36
3953	127.964	2120.01
3954	127.998	2119.73
3956	128.065	2119.62
3957	128.098	2119.6
3958	128.131	2119.58
3959	128.165	2119.57
3964	128.334	2119.53
3965	128.368	2119.26
3966	128.402	2119.1
3967	128.436	2119.05
3969	128.503	2118.88
3970	128.537	2118.87
3971	128.571	2118.86
3973	128.638	2118.84
3974	128.672	2118.84
3976	128.738	2118.58
3977	128.772	2118.49
3978	128.807	2118.49
3979	128.843	2118.48
3982	128.946	2118.22
3985	129.046	2118.18
3987	129.112	2118.13
3989	129.178	2118.11
3990	129.212	2117.79
3991	129.245	2117.67
3992	129.278	2117.55
3993	129.312	2117.54
3995	129.379	2117.19
3996	129.413	2117.16
3997	129.446	2117.06
3999	129.513	2116.36
4000	129.547	2115.92
4002	129.614	2115.87
4004	129.68	2115.85
4008	129.814	2115.79
4009	129.848	2115.78
4010	129.881	2115.69
4011	129.914	2115.63
4012	129.948	2115.6
4013	129.982	2115.55
4015	130.049	2114.72
4016	130.082	2114.59
4017	130.115	2114.46
4018	130.15	2114.28
4021	130.25	2110.93
4022	130.284	2110.84
4023	130.318	2110.06
4024	130.353	2110.01
4025	130.39	2109.91
4026	130.426	2109.9
4027	130.46	2109.4
4028	130.495	2109.18
4029	130.53	2109.18
4030	130.564	2109.04
4032	130.63	2108.6
4033	130.664	2108.58
4034	130.697	2108.15
4035	130.731	2108.12
4036	130.764	2107.95
4037	130.798	2107.83
4038	130.831	2107.76
4039	130.865	2107.7
4040	130.898	2107.69
4042	130.966	2107.63
4043	130.999	2107.6
4046	131.103	2107.58
4047	131.137	2107.36
4048	131.171	2106.83
4049	131.205	2106.81
4050	131.239	2106.76
4051	131.272	2106.63
4053	131.34	2106.48
4056	131.441	2105.77
4057	131.474	2105.58
4058	131.508	2105.43
4062	131.644	2105.39
4063	131.677	2105.15
4064	131.711	2105.14
4065	131.746	2105.13
4067	131.814	2104.79
4071	131.949	2104.77
4075	132.085	2104.74
4076	132.12	2104.73
4077	132.153	2104.72
4080	132.255	2104.71
4081	132.289	2104.65
4084	132.391	2104.63
4085	132.424	2104.6
4086	132.458	2104.58
4087	132.491	2104.56
4088	132.525	2104.3
4089	132.559	2104.3
4091	132.627	2104.13
4093	132.695	2104.08
4094	132.729	2103.92
4095	132.763	2103.91
4097	132.83	2103.91
4098	132.864	2103.72
4099	132.897	2103.71
4100	132.931	2103.56
4101	132.964	2103.44
4102	132.998	2103.4
4105	133.099	2103.4
4106	133.133	2103.4
4108	133.201	2103.26
4110	133.283	2103.13
4111	133.317	2102.71
4112	133.352	2102.54
4114	133.42	2102.53
4115	133.454	2102.42
4116	133.488	2102.41
4117	133.521	2102.32
4118	133.555	2102.32
4119	133.589	2102.24
4121	133.656	2101.95
4122	133.69	2101.95
4123	133.724	2101.82
4124	133.758	2101.23
4125	133.791	2101.21
4126	133.827	2101.15
4127	133.861	2101.04
4128	133.894	2100.96
4129	133.928	2100.93
4132	134.027	2100.92
4133	134.061	2100.91
4134	134.095	2100.88
4135	134.128	2100.87
4137	134.196	2100.72
4138	134.23	2100.7
4139	134.263	2100.26
4140	134.297	2100.23
4141	134.331	2100.22
4142	134.364	2100.17
4143	134.398	2100.13
4144	134.432	2099.98
4145	134.466	2099.98
4146	134.499	2099.94
4147	134.532	2099.47
4148	134.565	2099.43
4149	134.599	2099.43
4150	134.633	2099.31
4151	134.666	2099.17
4152	134.7	2099.03
4154	134.768	2099.01
4155	134.801	2098.57
4157	134.868	2098.5
4159	134.935	2098.47
4160	134.968	2098.35
4162	135.035	2098.32
4163	135.068	2098.3
4164	135.102	2098.28
4166	135.169	2098.21
4167	135.202	2097.86
4168	135.235	2097.85
4169	135.269	2097.4
4170	135.302	2097.4
4171	135.335	2097.37
4174	135.436	2097.37
4175	135.47	2097.27
4176	135.504	2097
4177	135.538	2097
4178	135.572	2096.31
4179	135.605	2096.31
4180	135.639	2096.3
4181	135.672	2096.27
4183	135.739	2096.23
4185	135.806	2096.04
4186	135.839	2096.02
4187	135.872	2096
4188	135.905	2095.89
4191	136.006	2095.66
4192	136.039	2095.65
4193	136.072	2095.41
4194	136.106	2095.3
4196	136.173	2095.26
4197	136.206	2095.25
4198	136.24	2095.11
4199	136.273	2095.09
4201	136.34	2095.09
4204	136.442	2095.05
4206	136.511	2094.92
4209	136.612	2094.76
4210	136.646	2094.73
4211	136.68	2094.7
4212	136.714	2094.62
4213	136.748	2094.61
4216	136.851	2094.59
4217	136.884	2094.45
4220	136.984	2094.43
4222	137.051	2094.34
4225	137.151	2094.27
4226	137.185	2094.12
4227	137.218	2094.12
4229	137.31	2094.11
4230	137.349	2093.93
4231	137.388	2093.82
4232	137.422	2093.64
4235	137.524	2093.41
4236	137.557	2093.4
4237	137.592	2093.34
4239	137.661	2092.65
4240	137.696	2092.64
4242	137.762	2092.49
4245	137.864	2092.42
4246	137.897	2092.4
4248	137.965	2092.35
4249	137.999	2092.33
4251	138.066	2092.33
4252	138.101	2092.31
4253	138.135	2092.26
4254	138.168	2092.26
4255	138.202	2091.65
4256	138.235	2091.61
4257	138.269	2091.49
4258	138.302	2091.3
4259	138.335	2091.3
4261	138.412	2090.17
4262	138.446	2090.1
4263	138.48	2089.61
4264	138.514	2089.6
4265	138.548	2089.51
4266	138.583	2089.5
4267	138.618	2089.06
4268	138.651	2088.89
4269	138.685	2088.88
4270	138.719	2088.8
4272	138.787	2088.5
4273	138.82	2088.5
4274	138.854	2088.2
4275	138.887	2088.17
4276	138.921	2088.03
4277	138.954	2087.96
4279	139.02	2087.95
4281	139.089	2087.94
4282	139.123	2087.78
4283	139.157	2087.76
4286	139.257	2087.75
4287	139.29	2087.66
4288	139.323	2087.52
4289	139.357	2087.5
4290	139.39	2087.46
4291	139.424	2087.36
4293	139.502	2087.3
4294	139.536	2087.28
4297	139.636	2086.77
4298	139.67	2086.66
4302	139.804	2086.65
4303	139.841	2086.48
4304	139.876	2086.38
4307	140.031	2086.11
4311	140.191	2086.08
4313	140.262	2086.05
4314	140.295	2086.05
4316	140.364	2086.04
4317	140.397	2086.04
4318	140.43	2085.89
4322	140.564	2085.89
4323	140.598	2085.89
4324	140.632	2085.88
4325	140.665	2085.88
4326	140.698	2085.85
4327	140.731	2085.82
4328	140.764	2085.58
4329	140.798	2085.56
4330	140.831	2085.56
4331	140.864	2085.43
4333	140.931	2085.4
4334	140.964	2085.29
4335	140.998	2085.29
4337	141.064	2085.28
4338	141.099	2085.09
4339	141.132	2085.07
4340	141.165	2085.01
4341	141.198	2084.91
4342	141.232	2084.88
4343	141.265	2084.87
4344	141.298	2084.79
4346	141.366	2084.79
4348	141.432	2084.67
4349	141.466	2084.63
4350	141.499	2084.45
4351	141.533	2084.19
4352	141.567	2084.02
4353	141.6	2083.95
4354	141.634	2083.91
4355	141.668	2083.89
4356	141.701	2083.87
4357	141.735	2083.82
4358	141.768	2083.76
4359	141.802	2083.71
4361	141.869	2083.66
4362	141.903	2083.66
4363	141.937	2083.53
4364	141.97	2082.8
4365	142.004	2082.77
4366	142.04	2082.74
4367	142.074	2082.67
4368	142.109	2082.62
4369	142.142	2082.59
4372	142.242	2082.58
4374	142.309	2082.55
4377	142.408	2082.52
4378	142.442	2082.49
4379	142.475	2082.12
4381	142.542	2082.11
4382	142.577	2082.07
4383	142.611	2082.06
4384	142.644	2081.96
4386	142.71	2081.91
4387	142.744	2081.67
4388	142.778	2081.62
4389	142.813	2081.56
4390	142.846	2081.51
4391	142.879	2081.4
4392	142.913	2081.39
4394	142.98	2081.38
4395	143.013	2080.64
4397	143.079	2080.59
4399	143.147	2080.58
4400	143.18	2080.52
4402	143.247	2080.5
4403	143.28	2080.49
4406	143.382	2080.43
4407	143.415	2078.63
4408	143.448	2078.62
4409	143.481	2078.61
4414	143.649	2078.61
4415	143.683	2078.53
4416	143.716	2078.35
4417	143.75	2078.33
4418	143.783	2077.68
4419	143.817	2077.66
4421	143.884	2077.64
4425	144.019	2077.47
4426	144.054	2077.44
4427	144.095	2077.42
4428	144.132	2077.28
4431	144.232	2077.04
4432	144.268	2077.03
4433	144.303	2076.93
4434	144.337	2076.84
4436	144.405	2076.81
4437	144.439	2076.8
4446	144.745	2076.67
4447	144.779	2076.5
4449	144.848	2076.44
4450	144.881	2076.41
4451	144.916	2076.4
4452	144.95	2076.36
4453	144.984	2076.35
4456	145.086	2076.34
4457	145.121	2076.14
4458	145.155	2076.12
4460	145.223	2076.11
4465	145.41	2075.97
4468	145.511	2075.97
4470	145.579	2075.8
4471	145.613	2075.67
4472	145.647	2075.53
4475	145.745	2075.31
4476	145.778	2075.31
4478	145.844	2075.29
4479	145.876	2074.7
4480	145.909	2074.68
4482	145.974	2074.55
4485	146.073	2074.53
4488	146.172	2074.46
4491	146.27	2074.42
4492	146.302	2074.4
4493	146.335	2074.36
4494	146.368	2074.36
4495	146.401	2073.77
4496	146.437	2073.73
4497	146.47	2073.67
4498	146.503	2073.59
4499	146.535	2073.59
4500	146.568	2073.59
4501	146.6	2073.21
4502	146.633	2073.15
4503	146.665	2072.61
4505	146.731	2072.5
4507	146.797	2072.04
4508	146.83	2071.89
4510	146.896	2071.8
4512	146.961	2071.53
4514	147.026	2071.25
4515	147.06	2071.24
4516	147.092	2071.12
4517	147.124	2071.06
4522	147.287	2070.18
4525	147.4	2070.16
4526	147.433	2070.08
4527	147.465	2070
4528	147.498	2069.8
4530	147.563	2069.74
4531	147.595	2069.64
4533	147.662	2069.55
4534	147.695	2069.53
4537	147.793	2069.44
4538	147.827	2069.32
4539	147.86	2069.31
4543	147.993	2069.14
4544	148.033	2068.87
4547	148.14	2068.65
4554	148.397	2068.65
4555	148.437	2068.65
4557	148.51	2068.65
4558	148.544	2068.64
4560	148.611	2068.64
4561	148.645	2068.63
4562	148.678	2068.61
4564	148.743	2068.61
4565	148.776	2068.56
4566	148.809	2068.51
4567	148.843	2068.5
4568	148.875	2068.3
4569	148.908	2068.27
4571	148.973	2068.18
4572	149.006	2068.16
4573	149.039	2068.06
4574	149.072	2067.94
4575	149.104	2067.9
4578	149.203	2067.83
4579	149.236	2067.82
4581	149.313	2067.73
4582	149.35	2067.71
4583	149.387	2067.7
4584	149.42	2067.69
4585	149.453	2067.68
4586	149.486	2067.68
4588	149.553	2067.62
4589	149.586	2067.59
4590	149.62	2067.22
4591	149.652	2067.01
4592	149.686	2066.67
4593	149.719	2066.67
4594	149.753	2066.66
4595	149.785	2066.59
4596	149.82	2066.59
4597	149.853	2066.45
4598	149.886	2066.11
4600	149.952	2066.09
4601	149.985	2066.05
4602	150.017	2066.05
4603	150.049	2065.93
4604	150.083	2065.52
4605	150.116	2065.51
4606	150.149	2065.47
4607	150.183	2065.42
4608	150.217	2065.28
4609	150.25	2065.27
4612	150.348	2065.25
4614	150.414	2065.25
4619	150.578	2065.21
4620	150.611	2065.2
4621	150.644	2065.11
4624	150.744	2065.02
4625	150.777	2065.02
4626	150.81	2064.85
4627	150.843	2064.67
4628	150.877	2064.66
4629	150.909	2064.64
4630	150.943	2064.62
4631	150.976	2064.53
4632	151.01	2064.51
4635	151.109	2064.38
4636	151.143	2064.38
4638	151.209	2064.34
4639	151.243	2064.33
4640	151.276	2064.3
4642	151.342	2064.29
4643	151.374	2064.15
4644	151.409	2063.93
4645	151.442	2063.81
4646	151.474	2063.78
4647	151.508	2063.56
4648	151.542	2063.55
4649	151.575	2063.55
4654	151.742	2063.54
4655	151.775	2063.46
4656	151.808	2063.35
4658	151.873	2062.87
4659	151.906	2062.87
4661	151.972	2062.83
4663	152.039	2062.31
4664	152.072	2062.31
4665	152.105	2062.16
4666	152.138	2062.14
4668	152.203	2062.04
4669	152.237	2061.95
4670	152.271	2061.94
4671	152.304	2061.77
4672	152.339	2061.76
4673	152.373	2061.65
4674	152.413	2061.59
4676	152.479	2060.32
4677	152.513	2060.31
4679	152.595	2060.28
4680	152.632	2060.26
4681	152.665	2060.26
4682	152.698	2060.26
4683	152.732	2060.24
4685	152.798	2060.19
4686	152.831	2059.97
4687	152.865	2059.88
4689	152.933	2059.87
4690	152.966	2059.84
4691	153	2059.83
4692	153.033	2059.82
4693	153.065	2059.81
4694	153.098	2059.81
4696	153.164	2059.78
4697	153.197	2059.51
4698	153.23	2059.46
4700	153.296	2059.44
4701	153.33	2059.39
4702	153.363	2059.38
4703	153.398	2059.32
4705	153.464	2059.16
4710	153.631	2059.14
4711	153.664	2059.07
4712	153.698	2058.82
4713	153.732	2058.82
4714	153.765	2058.81
4715	153.798	2058.72
4716	153.831	2058.71
4717	153.865	2058.67
4718	153.899	2058.64
4719	153.933	2058.16
4722	154.033	2058.04
4723	154.065	2058.03
4725	154.133	2058
4726	154.165	2057.99
4727	154.199	2057.43
4728	154.232	2057.4
4732	154.367	2057.39
4733	154.4	2057.36
4734	154.433	2057.36
4735	154.467	2056.9
4736	154.501	2056.87
4737	154.534	2056.84
4738	154.567	2056.77
4739	154.601	2056.77
4741	154.667	2056.44
4743	154.734	2055.98
4745	154.8	2055.9
4746	154.834	2055.9
4747	154.868	2053.58
4748	154.902	2053.45
4750	154.969	2053.43
4751	155.002	2053.41
4752	155.036	2053.22
4753	155.071	2053.22
4754	155.104	2052.95
4756	155.17	2052.87
4757	155.204	2052.83
4759	155.27	2052.82
4761	155.337	2052.82
4762	155.37	2051.76
4766	155.504	2051.69
4767	155.538	2051.64
4768	155.571	2051.49
4769	155.605	2051.49
4771	155.671	2051.39
4773	155.737	2051.35
4777	155.869	2050.94
4778	155.903	2050.85
4782	156.035	2050.85
4783	156.068	2050.73
4784	156.102	2050.54
4787	156.203	2050.33
4791	156.335	2050.32
4795	156.469	2050.29
4796	156.502	2050.27
4797	156.535	2050.27
4798	156.569	2050.26
4799	156.602	2050.25
4800	156.637	2050.23
4801	156.67	2050.19
4802	156.703	2050.16
4803	156.736	2050.16
4804	156.772	2050.15
4805	156.816	2050.12
4806	156.85	2050.06
4807	156.884	2050.05
4808	156.917	2049.86
4811	157.017	2049.75
4813	157.083	2049.72
4814	157.117	2049.62
4815	157.151	2049.62
4818	157.256	2049.56
4819	157.289	2049.55
4820	157.322	2049.51
4821	157.355	2049.43
4822	157.39	2049.41
4823	157.424	2049.41
4825	157.49	2049.37
4826	157.523	2049.37
4828	157.59	2049.31
4829	157.624	2049.3
4830	157.66	2049.28
4831	157.693	2049.08
4832	157.727	2048.93
4833	157.761	2048.93
4835	157.827	2048.91
4836	157.861	2048.89
4837	157.895	2047.49
4839	157.962	2047.48
4841	158.028	2047.41
4842	158.062	2047.39
4843	158.095	2047.3
4844	158.128	2047
4845	158.161	2046.96
4846	158.195	2046.93
4847	158.228	2046.87
4848	158.261	2046.81
4849	158.294	2046.8
4850	158.328	2046.8
4854	158.462	2046.78
4858	158.594	2046.78
4859	158.628	2046.76
4860	158.661	2046.76
4861	158.695	2046.74
4863	158.761	2046.73
4864	158.795	2046.63
4865	158.828	2046.46
4866	158.861	2046.45
4867	158.894	2046.33
4869	158.96	2046.3
4870	158.993	2046.24
4871	159.026	2046.15
4872	159.059	2046.14
4873	159.092	2046.1
4874	159.125	2046.1
4875	159.158	2045.94
4876	159.192	2045.93
4877	159.226	2045.92
4878	159.26	2045.91
4882	159.393	2045.89
4883	159.428	2045.88
4884	159.462	2045.84
4885	159.494	2045.81
4886	159.527	2045.75
4887	159.561	2045.56
4888	159.595	2045.55
4889	159.628	2045.52
4894	159.794	2045.51
4895	159.827	2045.44
4896	159.86	2045.37
4898	159.927	2045.08
4899	159.965	2045.07
4901	160.037	2045.05
4904	160.149	2044.87
4905	160.184	2044.7
4906	160.218	2044.68
4907	160.252	2044.64
4908	160.29	2044.52
4911	160.396	2044.38
4912	160.429	2044.38
4913	160.463	2044.3
4914	160.496	2044.29
4916	160.563	2044.28
4917	160.596	2044.27
4919	160.662	2044.24
4924	160.886	2044.23
4926	160.989	2044.07
4927	161.023	2044.02
4928	161.057	2044
4930	161.123	2043.98
4931	161.156	2043.96
4932	161.19	2043.95
4937	161.356	2043.87
4938	161.39	2043.84
4939	161.423	2043.82
4940	161.457	2043.82
4941	161.491	2043.81
4943	161.558	2043.76
4944	161.592	2043.76
4945	161.626	2043.71
4948	161.727	2043.7
4949	161.761	2043.69
4950	161.795	2043.57
4951	161.83	2043.5
4952	161.863	2043.44
4955	161.962	2043.29
4956	161.996	2043.27
4959	162.095	2042.79
4965	162.294	2042.77
4967	162.361	2042.69
4968	162.394	2042.66
4972	162.528	2042.65
4973	162.561	2042.64
4975	162.628	2042.19
4977	162.693	2042.16
4978	162.726	2042.15
4979	162.76	2042.15
4981	162.826	2041.92
4982	162.859	2041.9
4983	162.892	2041.66
4985	162.959	2041.54
4987	163.027	2041.11
4988	163.06	2040.99
4989	163.093	2040.99
4990	163.127	2040.97
4992	163.209	2040.82
4993	163.243	2040.82
4994	163.276	2040.66
4995	163.309	2040.64
4996	163.343	2040.53
4997	163.377	2040.52
4999	163.444	2040.48
5000	163.477	2040.48
# FIN	163.477	2040.48

