# target=instancias/bach.png T=340 iters=10000 K=32 seed=auto
iter	segundos	MSE
0	0.00307706	15391
1	0.0277015	15383
2	0.0520128	15338.4
3	0.0763334	15322.9
4	0.100437	15316.4
5	0.124545	15307.9
6	0.148806	15283.3
7	0.173436	15260.5
8	0.197831	15251.9
9	0.223125	15178.5
10	0.249349	15130.5
11	0.273485	15054.4
12	0.297389	15033.6
13	0.321616	15004.2
14	0.345917	15004
15	0.369896	14953.8
16	0.393978	14933.8
17	0.418188	14750.5
18	0.442308	14745.9
19	0.466395	14712
20	0.491353	14661.6
21	0.515843	14643.2
22	0.540035	14593.9
23	0.565589	14579.4
24	0.590331	14578.1
25	0.61568	14573.5
26	0.640475	14529.7
27	0.664924	14528.4
29	0.714873	14465.5
30	0.739969	14465.5
31	0.76473	14388
32	0.789904	14383
33	0.815463	14382.8
34	0.841306	14324.5
35	0.866362	14322.8
36	0.891746	14291.2
37	0.916292	14263
38	0.9411	14236.9
39	0.966173	14213.9
40	0.991553	14199.2
41	1.01766	14193.7
42	1.04364	14193.6
43	1.06859	14193.4
44	1.09439	14192.9
45	1.12037	14118.9
46	1.14656	14054.4
47	1.17202	14052.4
48	1.19763	13994.6
49	1.22283	13920.2
50	1.24797	13913.2
51	1.27435	13865.5
52	1.30381	13823.2
53	1.33065	13581.5
54	1.35739	13565.5
55	1.38419	13537.9
56	1.41125	13529.6
57	1.43741	13518.1
58	1.46346	13490.6
59	1.48967	13490.3
60	1.51689	13454.4
61	1.54314	13436.8
62	1.56936	13429.7
63	1.59584	13397.8
64	1.62145	13373.8
65	1.64847	13348.1
66	1.68668	13343.2
67	1.72159	13298.1
68	1.74973	13253.5
69	1.77584	13253.5
70	1.80121	13242.7
71	1.82734	13221.5
72	1.85413	13216.5
73	1.88204	13201.4
74	1.90737	13111.3
75	1.93309	13096.9
76	1.95856	13056.5
77	1.98381	13056.1
78	2.00919	12975.2
79	2.03488	12929.5
80	2.0608	12929.3
81	2.08668	12916.4
82	2.11219	12826.4
83	2.13878	12813
84	2.16453	12805.9
85	2.18991	12802.8
86	2.21531	12752.1
87	2.24146	12719.3
88	2.2668	12703.3
89	2.29257	12701.7
90	2.31788	12700.1
91	2.3433	12660.6
92	2.36882	12660.4
93	2.39628	12657.4
94	2.42449	12602.9
95	2.45385	12590.9
96	2.4811	12562.8
97	2.50681	12527.3
98	2.5325	12506.1
99	2.55821	12500.8
100	2.58369	12499.3
101	2.60889	12479.2
102	2.63624	12462
103	2.66216	12302.3
104	2.68753	12217.8
105	2.71293	12186.8
106	2.73898	12178.3
107	2.76449	12144
108	2.79055	12140.6
109	2.8165	12139.6
110	2.8426	12112.9
111	2.86824	12112.7
112	2.89367	12112
113	2.9202	12072.1
114	2.94674	12071.8
115	2.97269	12024.4
116	2.99877	12015.3
117	3.0244	12007.1
118	3.05046	12007
119	3.07636	11997.5
120	3.1021	11982.9
121	3.12792	11931
122	3.15352	11925.9
123	3.17943	11906.9
124	3.20488	11883.1
125	3.23062	11799.8
126	3.25617	11799.3
127	3.28194	11799
128	3.3079	11776.8
129	3.33387	11673
130	3.35966	11665.7
131	3.38616	11581
132	3.41548	11560.8
133	3.44389	11545.9
134	3.47066	11455.5
135	3.49759	11446.1
136	3.52466	11388.1
137	3.55155	11383.4
138	3.5779	11373.9
139	3.60465	11332
140	3.63225	11303
141	3.65981	11297.8
142	3.68623	11293.2
143	3.71344	11284.3
144	3.73996	11269.6
145	3.76699	11190.9
146	3.79383	11171.4
147	3.82136	11123.2
148	3.84815	11081.2
149	3.8757	11016.6
150	3.90278	10987
151	3.93038	10976.2
152	3.95723	10966.3
153	3.98362	10966.3
154	4.01012	10922.4
155	4.03875	10893.5
156	4.0663	10891.9
157	4.09344	10876.3
158	4.12013	10854
159	4.14669	10844.1
160	4.17423	10844
161	4.20115	10843.5
162	4.22808	10835.6
163	4.25567	10833
164	4.28323	10809.3
165	4.31144	10807.5
166	4.3379	10796.2
167	4.36502	10796.1
168	4.39184	10760
169	4.41976	10745.6
170	4.44753	10745.2
171	4.47465	10732.2
172	4.50349	10694.7
173	4.53215	10687.4
174	4.56131	10684.2
175	4.58913	10617.6
176	4.61734	10593.3
177	4.64458	10558.2
178	4.67155	10554.6
179	4.69883	10535
180	4.72697	10496
181	4.75462	10477.8
182	4.78161	10473
183	4.80934	10423.6
184	4.83651	10395.5
185	4.86433	10393.5
186	4.89199	10393.4
187	4.91977	10328.4
188	4.94844	10325.6
189	4.97617	10287.2
190	5.00344	10253.6
191	5.03306	10214.7
192	5.06054	10202.4
193	5.08769	10085.4
194	5.11703	10084
195	5.14492	10052.2
196	5.17234	10050.4
197	5.20063	10042.2
198	5.22903	9981.44
199	5.25716	9974.71
200	5.28546	9946.04
201	5.32711	9881.47
202	5.3948	9802.37
203	5.433	9664.95
204	5.46152	9620.6
205	5.48914	9619.27
206	5.51669	9514.55
207	5.54478	9500.91
208	5.57368	9497.01
209	5.60189	9487.46
210	5.63076	9467.86
211	5.66084	9457.16
212	5.69043	9454.58
213	5.7194	9369.69
214	5.74828	9365.99
215	5.77769	9362.33
216	5.80658	9300.18
217	5.83543	9183.73
218	5.86344	9177.82
219	5.89185	9163.88
220	5.92083	9151.97
221	5.94901	9151.34
222	5.97717	9149.04
223	6.00554	9133.54
224	6.03446	9113.58
225	6.06226	9108.97
226	6.09026	9106.1
227	6.11881	9085.15
228	6.14754	9079.27
229	6.17518	9074.55
230	6.20433	9069.2
231	6.23269	9069.19
232	6.26055	9068.89
233	6.28819	9064.66
234	6.3158	8975.42
235	6.34393	8958.27
236	6.37182	8958.06
237	6.3998	8938.87
238	6.42835	8938.69
239	6.45628	8907.15
240	6.48434	8879.63
241	6.51306	8811.42
242	6.5422	8805.96
243	6.57083	8720.42
244	6.60127	8717.07
245	6.62926	8708.85
246	6.65764	8708.41
247	6.68836	8684.3
248	6.71907	8582.02
249	6.74738	8579
250	6.77592	8517.72
251	6.805	8491.12
252	6.83404	8486.56
253	6.86342	8481.35
254	6.89261	8426.93
255	6.92104	8425.87
256	6.95008	8425.68
257	6.97897	8405.16
258	7.00777	8402.22
259	7.03654	8385.28
260	7.06488	8350.33
261	7.09443	8335.4
262	7.12465	8333.77
263	7.15336	8332.26
264	7.1824	8319.31
265	7.21176	8317.42
266	7.24033	8309.3
267	7.26899	8299.34
268	7.29782	8292.7
269	7.32677	8230.45
270	7.35642	8230.45
271	7.38793	8228.41
272	7.41677	8222.76
273	7.44718	8210.36
274	7.47667	8176.8
275	7.50695	8165.12
276	7.53671	8154.94
277	7.56679	8136.88
278	7.59645	8103.77
279	7.62556	8079.45
280	7.65497	8002.41
281	7.68431	7997.43
282	7.7132	7993.28
284	7.7724	7987.29
285	7.8026	7986.26
286	7.83202	7985.98
287	7.86097	7966.27
288	7.89065	7959.23
289	7.91976	7915.56
290	7.94938	7898.87
291	7.97919	7851.12
292	8.00837	7745.5
293	8.03758	7743.9
294	8.06816	7737.33
295	8.09755	7730.2
296	8.12774	7730.15
297	8.15729	7724.49
298	8.18681	7724.15
299	8.21626	7587.83
300	8.24573	7585.49
301	8.27517	7558.2
302	8.3051	7548.6
303	8.33475	7547.25
304	8.36451	7538.28
305	8.39579	7537.12
307	8.45639	7536.57
308	8.48597	7536.24
309	8.51667	7445.11
310	8.54605	7442.35
311	8.57561	7440.75
312	8.60511	7311.21
313	8.63493	7307.09
314	8.66473	7267.86
315	8.69428	7267.32
316	8.72389	7247.28
317	8.75388	7241.71
318	8.78397	7239.35
319	8.81501	7229.16
320	8.84671	7222.23
321	8.87819	7218.78
322	8.90895	7198.23
323	8.93896	7197.93
324	8.96899	7195.74
325	8.99929	7189.4
326	9.02899	7188.35
327	9.05886	7183.55
328	9.08872	7173.4
329	9.11958	7141.74
330	9.14968	7035.88
331	9.1798	7003.11
332	9.20999	7000.82
333	9.24019	6994.59
334	9.272	6988.53
335	9.30248	6969.37
336	9.333	6968.97
337	9.36429	6968.96
338	9.39548	6949.25
339	9.42558	6923.3
340	9.45616	6911.75
341	9.48767	6885.19
342	9.51803	6882.98
343	9.54827	6865.56
344	9.57899	6860.52
345	9.61035	6838.2
346	9.6414	6812.26
347	9.67208	6811.97
348	9.70367	6805.65
349	9.73409	6784.49
350	9.76451	6769.41
351	9.79596	6744.41
352	9.82731	6723.91
353	9.85869	6704.59
355	9.91992	6690.21
356	9.95174	6655.95
357	9.98238	6518.26
358	10.0127	6510.6
359	10.0434	6498.3
360	10.074	6488.53
361	10.1048	6478.72
362	10.1354	6453.34
363	10.1659	6453.1
364	10.1963	6448.81
365	10.2288	6432.18
366	10.2599	6403.72
367	10.2922	6402.38
368	10.3228	6379.55
369	10.3542	6373.56
370	10.385	6373.14
371	10.416	6345.76
372	10.4467	6343.7
373	10.478	6343.5
374	10.5096	6284.15
375	10.5416	6284.14
376	10.5736	6278.84
377	10.6044	6260.15
378	10.6351	6250.84
379	10.6663	6245.23
380	10.6975	6240.41
381	10.7285	6237.22
382	10.7607	6237.18
383	10.7916	6237.05
384	10.8229	6234.82
385	10.8537	6226.24
386	10.8858	6174.73
387	10.9175	6173.42
388	10.9487	6148.97
389	10.9796	6143.6
390	11.0114	6141.93
391	11.0435	6089.61
392	11.0756	6063.04
393	11.1072	5998.49
394	11.1383	5980.19
395	11.1699	5979.11
396	11.2012	5968.19
397	11.2335	5959.34
398	11.2658	5949.17
399	11.2987	5947.81
400	11.3313	5937.06
401	11.3634	5933.61
402	11.395	5933.16
403	11.4275	5921.42
404	11.459	5894.63
405	11.491	5876.19
406	11.5234	5875.83
407	11.5548	5831.4
408	11.5867	5818.15
409	11.6194	5817.19
410	11.651	5816.44
411	11.6827	5810.37
412	11.7151	5810.35
413	11.7466	5807.98
414	11.7783	5740.5
415	11.8103	5736.28
416	11.8419	5717.13
417	11.8739	5717.12
418	11.9059	5707.14
419	11.9382	5696.68
420	11.9707	5696.37
421	12.0026	5686.6
422	12.0343	5642.81
423	12.0663	5637.31
424	12.0982	5633.68
425	12.1303	5628.44
426	12.1625	5562.34
427	12.1943	5549.64
428	12.2268	5549.59
429	12.2592	5549.14
430	12.292	5545.38
431	12.3242	5539.28
432	12.3574	5538.6
433	12.3905	5534.42
434	12.4229	5528.31
435	12.4552	5527.56
436	12.4875	5516.9
437	12.5196	5505.01
438	12.5518	5491.14
439	12.5847	5490.27
440	12.6176	5489.9
441	12.6506	5489.64
442	12.6832	5488.37
443	12.7152	5389.94
444	12.749	5329.69
445	12.7821	5324.92
446	12.8144	5293.11
447	12.8467	5269.71
448	12.8791	5267.67
449	12.9121	5267.09
450	12.9443	5266.83
451	12.9765	5265.16
452	13.0088	5262.68
453	13.0411	5259.54
454	13.0738	5253.22
455	13.1062	5154.44
456	13.1384	5139.84
457	13.1719	5132.99
458	13.2066	5132.83
459	13.2404	5130.57
460	13.2737	5107.31
461	13.3061	5100.3
462	13.3392	5099.82
463	13.372	5098.04
464	13.4047	5072.76
465	13.4373	5068.57
466	13.471	5067.87
467	13.5047	5067.07
468	13.5372	5060.9
469	13.5707	5037.13
470	13.6039	5035.18
471	13.6378	4931.89
472	13.6717	4924.31
473	13.7046	4911.44
474	13.7377	4852.06
475	13.772	4849.63
476	13.8052	4846.39
477	13.838	4843.25
478	13.8719	4842.52
479	13.9058	4831.57
480	13.939	4817.51
481	13.9726	4816.92
482	14.0056	4816.21
483	14.0391	4807.84
484	14.0727	4780.74
485	14.1059	4766.64
486	14.1395	4750.75
487	14.1736	4718.79
488	14.2086	4709.38
489	14.2426	4706.54
490	14.2762	4701.76
491	14.3102	4700.54
492	14.3436	4700.35
493	14.3779	4700.16
494	14.4118	4691.59
495	14.4457	4641.51
496	14.4792	4637.12
497	14.5132	4635.98
498	14.547	4614.77
499	14.5805	4599.26
500	14.6143	4596.48
501	14.648	4596.37
502	14.682	4594.86
503	14.716	4591.73
504	14.7509	4591.57
505	14.7871	4591.53
506	14.8213	4589.36
507	14.8565	4588.88
508	14.8908	4569.9
509	14.9252	4568.21
510	14.9598	4567.49
511	14.9937	4560.77
512	15.0274	4545.95
513	15.0613	4537.79
514	15.0954	4536.39
515	15.1306	4533.75
516	15.1655	4533.2
517	15.1999	4530.1
518	15.2345	4529.64
519	15.2688	4527.46
520	15.303	4516.46
521	15.3387	4516.33
522	15.3743	4511.51
523	15.4099	4500.44
524	15.4447	4492.14
525	15.4791	4491.76
526	15.5133	4490.61
527	15.5488	4489.97
528	15.5844	4487.04
529	15.6187	4451.7
530	15.653	4451.57
531	15.6886	4425.66
532	15.7244	4424.4
533	15.7602	4394.88
534	15.7955	4393.48
535	15.8309	4392.3
536	15.8662	4390.75
538	15.9358	4388.61
539	15.9703	4387.29
540	16.0049	4341.05
541	16.0402	4337.96
542	16.075	4337.29
543	16.1098	4304.88
544	16.1446	4285.41
545	16.1798	4282.08
546	16.2161	4209.87
547	16.2513	4196.93
548	16.2873	4194.38
549	16.3236	4194.29
550	16.3594	4182.94
551	16.3945	4182.48
552	16.4396	4160.3
553	16.5247	4155.24
554	16.5714	4155.19
555	16.6102	4153.42
556	16.6464	4126.48
557	16.6826	4116.83
558	16.7189	4114.5
559	16.7538	4094.32
560	16.789	4092.87
561	16.8242	4092.21
562	16.8594	4090.3
563	16.895	4089.23
564	16.9313	4062.87
565	16.9674	4062.48
566	17.0036	4061.8
567	17.0401	4056.9
568	17.0764	4056.1
569	17.1118	4052.91
570	17.1477	4052.02
571	17.1846	4051.34
572	17.2201	4050.53
573	17.2568	4042.26
574	17.2933	4036.79
575	17.3288	4032
576	17.3646	4031.71
577	17.4009	4023.73
578	17.4362	4022.58
579	17.4725	4019.82
580	17.5092	4005.45
581	17.5461	3997.52
582	17.5836	3995.24
583	17.6192	3970.09
584	17.6544	3969.78
585	17.6906	3964.28
586	17.7276	3964.25
587	17.7644	3936.7
588	17.8002	3857.72
589	17.8358	3855.91
590	17.8722	3785.19
591	17.9077	3784.95
592	17.9442	3782.6
593	17.9798	3777.3
594	18.0157	3776.18
595	18.0523	3775.31
596	18.0882	3775.11
597	18.124	3763.65
598	18.1601	3756.64
599	18.1959	3756
600	18.2318	3748.7
601	18.2677	3748.6
602	18.3046	3746.18
603	18.3411	3743.27
604	18.3772	3741.38
605	18.4148	3740.74
606	18.4518	3725.63
607	18.4888	3724.58
608	18.5251	3724.22
609	18.5615	3711.76
610	18.5974	3710.88
611	18.6333	3708.89
612	18.6699	3707.55
613	18.7074	3705.19
614	18.7441	3647.66
615	18.7811	3646.58
616	18.8187	3645.14
617	18.8551	3642.87
618	18.892	3636.81
619	18.929	3636.5
620	18.9651	3636.39
622	19.0677	3636.12
623	19.1058	3634.74
624	19.1421	3633.99
625	19.1789	3633.97
626	19.2158	3633.94
627	19.2526	3628.21
628	19.2888	3625.89
629	19.3263	3618.33
630	19.3634	3608.53
631	19.4	3607.02
632	19.4366	3550.9
633	19.4748	3548.74
634	19.5119	3547.18
635	19.5494	3544.84
636	19.5864	3544.59
637	19.6236	3530.58
638	19.6615	3530.47
639	19.702	3470.83
640	19.7404	3470.52
641	19.7785	3470.21
642	19.8166	3454.27
643	19.8534	3452.36
644	19.8911	3446.28
645	19.9289	3446.21
646	19.9655	3445.94
647	20.0033	3445.94
648	20.0402	3444.35
649	20.0773	3422.74
650	20.1149	3420.66
651	20.1538	3420.2
652	20.1911	3389.05
653	20.2299	3382.15
654	20.267	3372.62
655	20.3043	3372.58
656	20.341	3368.28
657	20.3785	3367.3
658	20.4155	3366.93
659	20.4526	3353.51
660	20.4908	3352.62
661	20.5291	3351.2
662	20.5666	3350.6
663	20.6048	3350.51
664	20.6427	3350.14
665	20.6799	3344.15
666	20.7178	3344.04
667	20.7558	3341.68
668	20.7936	3340.86
669	20.8318	3332.89
670	20.8699	3242.96
671	20.909	3225.51
672	20.9487	3225.25
673	20.9868	3224.88
674	21.026	3222.51
675	21.0633	3217.6
676	21.1019	3217.15
677	21.1413	3217.15
678	21.1787	3198.46
679	21.2166	3161.64
680	21.2544	3157.12
681	21.2928	3152.01
682	21.3302	3151.79
683	21.3684	3144.45
684	21.4072	3136.83
685	21.4454	3127.48
686	21.4833	3126.8
687	21.521	3126.8
688	21.5583	3126.68
689	21.596	3124.67
690	21.6346	3118.3
691	21.6732	3117.97
692	21.7108	3099.72
693	21.7482	3097.03
694	21.791	3097
695	21.8319	3093.2
696	21.8692	3053.18
697	21.909	3032.54
698	21.949	3022.34
699	21.9874	3021.93
700	22.0261	3018.33
701	22.0641	3016.24
702	22.103	2995.61
703	22.141	2992.4
704	22.1788	2990.8
705	22.2163	2989.94
706	22.2537	2988.08
707	22.2913	2988
708	22.3305	2964.91
709	22.3697	2957.83
710	22.4092	2957.76
711	22.4475	2946.78
712	22.4862	2945.56
713	22.525	2945.56
714	22.5626	2905.01
715	22.6011	2904.77
716	22.6393	2898.9
717	22.6773	2891.42
718	22.7151	2886.36
719	22.7532	2886.05
720	22.791	2885.31
721	22.8297	2883.98
722	22.8678	2883
723	22.9064	2882.99
724	22.9461	2882.07
725	22.9851	2878.1
726	23.0239	2868.58
727	23.062	2867.57
728	23.1002	2848.72
729	23.1389	2846.88
730	23.177	2846.18
731	23.2159	2845.96
732	23.2554	2845.07
733	23.2937	2813.34
734	23.3331	2813.3
735	23.3714	2811.38
736	23.4096	2811.3
737	23.4479	2811.08
738	23.4861	2805.04
739	23.5242	2803.73
740	23.5625	2779.98
741	23.6008	2779.63
742	23.6395	2779.45
743	23.679	2768.4
744	23.7179	2768.26
745	23.7566	2767.4
746	23.7953	2767.3
747	23.8343	2753.98
748	23.8749	2753.29
749	23.9138	2753.15
750	23.9524	2749.61
751	23.9911	2740.55
752	24.0308	2740.5
753	24.0702	2739.54
754	24.1114	2727.75
755	24.1512	2727.73
756	24.19	2725.63
757	24.2289	2725.61
758	24.2682	2725.5
759	24.3082	2724.82
760	24.3476	2720.42
761	24.3867	2719.48
762	24.4265	2668.45
763	24.4666	2649.34
764	24.5059	2649.03
765	24.5455	2647.8
766	24.5848	2647.77
767	24.6256	2646.08
768	24.6656	2646
769	24.7054	2645.42
770	24.7457	2643.12
771	24.7853	2640.73
772	24.8266	2640.16
773	24.8662	2640.05
774	24.9055	2636.47
775	24.9446	2636.07
776	24.9838	2635.6
777	25.023	2630.13
778	25.0626	2612.64
779	25.1018	2612.34
780	25.1422	2612.33
781	25.1817	2611.2
782	25.2218	2611.18
783	25.2612	2581.57
784	25.3005	2555.32
785	25.3403	2548.22
786	25.3802	2547.06
787	25.42	2545.88
788	25.4606	2545.49
789	25.5011	2545.46
790	25.541	2543.75
791	25.5812	2543.71
792	25.6214	2543.38
793	25.6623	2542.92
794	25.703	2541.2
795	25.7436	2508.01
796	25.7847	2507.55
797	25.8244	2505.53
798	25.8643	2505.05
799	25.904	2499.29
800	25.9437	2498.79
801	25.9834	2496.49
802	26.0236	2495.55
803	26.0632	2495.52
804	26.1036	2491.79
805	26.1438	2489.39
806	26.1839	2489.37
807	26.2238	2489.34
808	26.264	2470.75
809	26.3065	2470.32
810	26.3469	2469.2
811	26.3878	2398.97
812	26.4289	2398.65
813	26.4695	2396.25
814	26.5092	2357.46
815	26.5495	2350.56
816	26.59	2348.95
817	26.6308	2348.69
818	26.6708	2348.47
819	26.7117	2347.71
820	26.7516	2337
821	26.7917	2336.96
822	26.8328	2335.11
823	26.8732	2324.67
824	26.9132	2322.15
825	26.9533	2321.98
826	26.9933	2287.94
827	27.0336	2281.88
828	27.0749	2280.28
829	27.1161	2278.61
830	27.1574	2275.82
831	27.199	2275.03
832	27.2395	2274.3
833	27.2799	2274.17
834	27.3201	2273.89
835	27.3603	2272.65
836	27.4006	2272.41
837	27.4415	2272.01
838	27.4825	2264.14
839	27.5228	2262.38
840	27.5632	2258.94
841	27.6034	2258.46
842	27.6446	2256.97
843	27.6849	2256.96
844	27.7262	2256.95
845	27.7664	2242.8
846	27.8075	2241.6
847	27.8488	2241.59
848	27.8891	2233.65
849	27.9306	2230.43
850	27.9724	2230.41
851	28.0134	2228.76
852	28.0558	2228.74
853	28.0972	2228.45
854	28.1377	2228.18
855	28.1798	2227.97
856	28.2207	2220.43
857	28.2614	2220.4
858	28.3022	2220.37
859	28.343	2219.97
860	28.3836	2204.07
861	28.4245	2200.13
862	28.4669	2199.65
863	28.5098	2187.05
864	28.5506	2184.03
865	28.5921	2183.75
866	28.6331	2183.69
867	28.6748	2183.65
868	28.7154	2183.28
869	28.7562	2181.68
870	28.7985	2180.74
871	28.8404	2178.67
872	28.8816	2177.64
873	28.9236	2177.16
874	28.9654	2176.61
875	29.0067	2176.41
876	29.0482	2175.52
877	29.09	2174.21
878	29.1311	2169.95
879	29.1726	2169.95
880	29.2136	2159.92
881	29.2553	2159.14
882	29.2974	2152.7
883	29.3389	2144.41
884	29.3811	2133.19
885	29.4235	2122.32
886	29.4644	2056.19
887	29.5068	2048.44
888	29.5481	2046.03
889	29.5908	2044.53
890	29.6329	2041.6
891	29.6743	2041.55
892	29.7167	2038.58
893	29.7652	2037.44
894	29.8512	2036.98
895	29.9033	2034.07
896	29.9454	2028.38
897	29.987	2023.25
898	30.0284	2023.17
899	30.0704	2022.26
900	30.114	2021.92
901	30.1562	2021.9
902	30.1979	2021.86
903	30.2398	2021.04
904	30.2827	2004.97
905	30.3243	2004.64
906	30.3664	2004.4
907	30.4096	2003.56
908	30.4517	2003.03
909	30.4935	2002.1
910	30.5355	2001.07
911	30.5772	2001.07
912	30.6196	2001.06
913	30.6633	1998.24
914	30.7078	1996.16
915	30.7511	1995.93
916	30.7934	1995.81
917	30.8352	1994.28
918	30.8785	1993.91
919	30.9216	1992.78
920	30.9648	1989.16
921	31.0068	1985.47
922	31.0488	1985.06
923	31.0926	1982.8
924	31.1356	1982.66
925	31.1781	1980.1
926	31.22	1980.1
927	31.2634	1979.6
928	31.3071	1857.11
929	31.3502	1855.72
930	31.3923	1839.68
931	31.435	1839.61
932	31.4782	1839.53
933	31.5206	1838.94
934	31.5634	1838.49
935	31.606	1838.16
936	31.6492	1838.15
937	31.6917	1828.8
938	31.7343	1828.44
939	31.7774	1827.94
940	31.8207	1825.26
941	31.864	1824.69
942	31.9066	1824.38
943	31.9489	1824.13
944	31.9911	1824.04
945	32.0337	1823.36
946	32.0758	1822.37
947	32.1183	1822.31
948	32.1629	1821.9
949	32.2066	1820.78
950	32.2494	1820.67
951	32.2923	1812.9
952	32.3357	1811.14
953	32.3786	1808.67
954	32.4213	1769.24
955	32.4657	1769.16
956	32.5083	1769.06
957	32.551	1768.03
958	32.5932	1767.14
959	32.6358	1766.92
960	32.6784	1766.91
962	32.7648	1766.67
964	32.8516	1765.89
965	32.8978	1765.85
966	32.9415	1765.83
967	32.9847	1763.91
968	33.0277	1760.73
969	33.0722	1758.78
970	33.1155	1750.97
971	33.1586	1748.46
972	33.2018	1678.38
973	33.2452	1676.61
974	33.2891	1675.96
975	33.3338	1675.78
976	33.3783	1675.22
977	33.4228	1666.6
978	33.4676	1666.58
979	33.5105	1664.31
980	33.5548	1658.93
981	33.598	1658.43
982	33.6416	1652.43
983	33.6845	1651.59
984	33.7275	1651.46
985	33.7707	1650
987	33.8579	1650
988	33.9021	1649.9
989	33.9451	1640.36
990	33.9881	1639.73
991	34.0309	1639.3
992	34.0744	1631.18
993	34.1193	1630.94
994	34.1627	1617.88
995	34.2059	1617.87
996	34.2491	1617.53
997	34.2918	1617.42
998	34.3356	1617.36
999	34.3787	1610.56
1000	34.4225	1607.55
1001	34.4671	1605.92
1002	34.5125	1605.09
1003	34.5555	1602.02
1004	34.5995	1602
1005	34.6432	1600.49
1006	34.6859	1600.46
1007	34.7282	1596.35
1008	34.7702	1595.53
1009	34.8123	1594.92
1010	34.8545	1533.15
1011	34.8972	1526.15
1012	34.9409	1526.15
1013	34.9834	1526.07
1014	35.0271	1525.77
1015	35.0708	1524.8
1016	35.1136	1524.56
1017	35.1564	1524.56
1018	35.1989	1521.52
1019	35.2414	1507.11
1020	35.2844	1504.72
1021	35.327	1504.18
1022	35.3706	1504.09
1023	35.4148	1501.52
1024	35.4576	1501.47
1025	35.5007	1497.54
1026	35.5446	1496.69
1027	35.5884	1496.61
1028	35.6315	1496.38
1029	35.6742	1496.33
1030	35.7171	1496.28
1031	35.7606	1496.2
1032	35.8049	1495.04
1033	35.8482	1494.92
1034	35.8921	1494.91
1035	35.9349	1489.94
1036	35.9782	1452.9
1037	36.0223	1450.36
1038	36.0659	1443.64
1039	36.1093	1443.46
1040	36.1538	1442.38
1041	36.1977	1442.33
1042	36.2413	1425.72
1043	36.2843	1425.63
1044	36.3279	1423.27
1045	36.3712	1422.35
1046	36.4144	1421.6
1047	36.4581	1420.94
1048	36.502	1410.98
1049	36.5463	1400.86
1050	36.5895	1400.86
1051	36.6329	1400.7
1052	36.676	1400.6
1053	36.7197	1400.59
1054	36.7631	1378.65
1056	36.8504	1378.53
1057	36.8938	1369.9
1058	36.9372	1368.64
1059	36.9807	1368.62
1060	37.0242	1368.54
1061	37.0683	1363.76
1062	37.1129	1363.64
1063	37.1569	1363.64
1064	37.2024	1363.44
1065	37.2461	1362.12
1066	37.2904	1361.74
1067	37.3344	1361.73
1069	37.4215	1361.4
1070	37.4649	1361.29
1071	37.5091	1348.83
1072	37.5526	1345.85
1073	37.5975	1342.21
1074	37.6418	1342.2
1075	37.6852	1342.1
1076	37.7286	1342.06
1077	37.773	1342.03
1078	37.8171	1341.3
1079	37.8615	1341.17
1080	37.9063	1338.27
1081	37.9505	1337.86
1082	38.0457	1337.86
1083	38.0947	1337.62
1084	38.1394	1336.59
1085	38.1851	1334.07
1086	38.2288	1332.93
1087	38.2739	1329.56
1088	38.3181	1329.55
1089	38.3621	1329.55
1090	38.4075	1325.92
1091	38.4524	1325.51
1092	38.4974	1325.51
1093	38.5424	1325.37
1094	38.5865	1322.55
1095	38.6307	1322.48
1096	38.675	1322.48
1097	38.7508	1322.42
1098	38.8287	1322.37
1099	38.875	1322.33
1100	38.9194	1321.79
1101	38.9635	1321.47
1102	39.0073	1305.34
1103	39.0518	1303.36
1104	39.0958	1303.18
1105	39.1412	1301.89
1106	39.1854	1299.27
1107	39.2308	1299.02
1108	39.2764	1298.69
1109	39.3225	1298.61
1110	39.3678	1298.48
1111	39.4118	1294.46
1112	39.4558	1294.44
1113	39.501	1294.44
1114	39.5453	1290.84
1115	39.5897	1290.4
1116	39.6342	1290.12
1117	39.6787	1288.86
1118	39.7232	1285.96
1119	39.7676	1285.64
1120	39.8121	1285.6
1121	39.8569	1285.6
1122	39.9013	1285.56
1123	39.9464	1281.79
1124	39.9904	1281.75
1125	40.0354	1281.71
1126	40.0794	1281.66
1127	40.1245	1281.05
1128	40.169	1281.04
1129	40.2148	1281.01
1130	40.2592	1280.56
1131	40.3038	1280.55
1132	40.3482	1280.5
1133	40.3927	1280.45
1134	40.4372	1280.44
1135	40.4819	1274.34
1136	40.5266	1273.28
1137	40.571	1272.96
1138	40.616	1272.84
1139	40.6622	1272.52
1140	40.7092	1272.4
1141	40.7543	1271.78
1142	40.7998	1267.33
1143	40.8443	1267.07
1144	40.8888	1265.6
1145	40.9334	1265.6
1146	40.9788	1265.59
1147	41.0247	1265.37
1148	41.0694	1255.27
1149	41.1142	1254.55
1150	41.1602	1253.5
1151	41.2056	1207.1
1152	41.2499	1206.86
1153	41.2945	1206.72
1154	41.3407	1205.61
1155	41.3856	1203.26
1156	41.4303	1203.14
1157	41.4768	1202.86
1158	41.5226	1202.67
1159	41.5686	1201.56
1160	41.6139	1201.3
1161	41.6586	1201.28
1162	41.7039	1199.06
1163	41.7485	1198.86
1164	41.7938	1198.21
1165	41.8394	1198.19
1166	41.8842	1164.76
1167	41.9291	1163.07
1168	41.975	1163.07
1169	42.0199	1162.76
1170	42.0647	1161.6
1171	42.1107	1161.47
1172	42.1554	1160.41
1173	42.2006	1160.4
1174	42.2455	1160.23
1175	42.2904	1159.54
1176	42.3366	1159.37
1177	42.3809	1157.48
1178	42.4263	1153.81
1179	42.4709	1152.53
1180	42.5166	1152.52
1181	42.5616	1152.5
1182	42.6061	1151.72
1183	42.6509	1151.71
1185	42.7411	1147.35
1186	42.7875	1145.1
1187	42.8342	1144.9
1188	42.88	1144.75
1189	42.9251	1144.75
1190	42.9717	1144.73
1191	43.017	1142.52
1192	43.0624	1142.51
1193	43.1077	1142.37
1195	43.1986	1142.36
1196	43.2438	1142.31
1197	43.2903	1142.25
1198	43.3361	1142.25
1199	43.3816	1141.7
1200	43.4288	1140.02
1201	43.4748	1139.39
1202	43.52	1138.84
1203	43.5654	1137.66
1204	43.6111	1137.59
1205	43.6579	1137.55
1206	43.7058	1137.48
1207	43.7515	1137.47
1208	43.7975	1137.08
1209	43.8428	1136.52
1210	43.8889	1136.28
1211	43.951	1134.64
1212	44.0121	1134.37
1213	44.1188	1134.32
1214	44.1718	1133.55
1215	44.2175	1132.84
1216	44.2686	1132.25
1217	44.3162	1132.24
1218	44.3618	1129.86
1219	44.4098	1129.85
1220	44.4556	1121
1221	44.5013	1120.74
1222	44.5465	1120.62
1223	44.5922	1116.61
1224	44.6378	1115.38
1225	44.6842	1102.22
1226	44.7314	1083.51
1227	44.7783	1082.94
1228	44.8238	1082.46
1229	44.8699	1082.41
1230	44.9155	1082.25
1231	44.9613	1082.23
1232	45.0072	1080.46
1233	45.0544	1080.39
1234	45.1006	1080.39
1235	45.1462	1080.04
1236	45.1931	1077.49
1237	45.2399	1077.15
1238	45.2863	1076.97
1239	45.3322	1076.92
1240	45.3873	1076.92
1241	45.439	1076.88
1243	45.531	1076.22
1244	45.5795	1075.43
1245	45.6275	1073.62
1246	45.6788	1073.46
1247	45.7251	1073.43
1248	45.7716	1073.35
1249	45.8196	1073.14
1250	45.8683	1072.15
1251	45.9141	1072.15
1252	45.9613	1072.12
1253	46.0076	1071.03
1254	46.0538	1069.98
1255	46.0999	1069.95
1256	46.1463	1069.95
1257	46.1925	1065.71
1258	46.2382	1065.55
1259	46.2846	1064.95
1260	46.3311	1064.54
1261	46.3773	1061.33
1262	46.4244	1060.93
1263	46.4712	1060.53
1264	46.5169	1060.42
1265	46.5637	1060.37
1266	46.6102	1060.37
1267	46.6567	1060.1
1268	46.7041	1036.55
1269	46.7504	1036.22
1270	46.7984	1021.58
1271	46.8445	1021.47
1272	46.8907	1021.37
1273	46.9366	1019.98
1274	46.9837	1019.68
1275	47.0305	1019.42
1276	47.0771	1019.41
1277	47.1241	1015.82
1278	47.1717	1015.79
1279	47.2189	1015.76
1280	47.2666	1014.55
1281	47.3133	1014.5
1282	47.36	1014.08
1283	47.4062	1014.01
1284	47.4528	1013.83
1285	47.5011	1012.64
1286	47.5474	1012.4
1287	47.5945	1012.14
1288	47.6412	1012.14
1289	47.6877	1009.15
1290	47.7346	1009.13
1291	47.7817	1007.73
1292	47.828	1005.61
1293	47.8745	1005.03
1294	47.9235	982.937
1295	47.9704	982.915
1296	48.0194	982.849
1297	48.0669	982.781
1298	48.1143	982.607
1299	48.162	982.481
1300	48.209	982.474
1302	48.3032	981.747
1303	48.3497	981.695
1304	48.3963	981.194
1305	48.4435	981.19
1307	48.5389	980.675
1308	48.5858	980.227
1309	48.6329	979.839
1310	48.6796	977.557
1311	48.7265	975.737
1312	48.773	907.167
1313	48.8204	906.528
1314	48.867	905.728
1315	48.9144	905.703
1316	48.9613	905.186
1317	49.008	900.951
1318	49.0556	900.932
1319	49.1034	900.878
1320	49.1502	900.686
1321	49.1979	900.52
1322	49.2452	898.062
1323	49.2954	897.873
1324	49.3439	897.751
1325	49.3913	897.7
1327	49.4869	897.696
1328	49.5346	897.552
1329	49.582	896.938
1330	49.6296	896.917
1331	49.6768	896.823
1332	49.7248	896.193
1333	49.7718	896.029
1335	49.868	896.026
1336	49.9155	896.023
1337	49.9629	896.018
1338	50.0099	895.984
1339	50.0571	889.285
1340	50.1045	887.755
1341	50.1532	886.809
1342	50.202	886.428
1343	50.249	886.235
1344	50.2964	886.162
1345	50.3443	885.398
1346	50.3917	884.215
1347	50.4409	876.306
1348	50.4888	874.525
1349	50.5371	874.521
1350	50.5842	857.149
1351	50.6317	840.191
1352	50.6788	840.183
1353	50.7288	839.51
1354	50.7759	839.255
1355	50.8238	837.17
1356	50.8707	837.163
1357	50.9184	837.149
1358	50.9658	836.37
1359	51.0135	834.361
1360	51.0613	834.145
1361	51.1087	833.196
1362	51.1563	833.193
1363	51.2036	832.748
1364	51.2523	832.396
1365	51.3005	831.713
1366	51.3477	831.628
1367	51.3947	831.493
1368	51.4431	831.49
1369	51.491	831.487
1370	51.5389	830.798
1371	51.5864	830.787
1372	51.6339	830.326
1373	51.6815	830.226
1374	51.7287	830.098
1375	51.7758	829.608
1376	51.824	823.312
1377	51.8721	822.801
1378	51.9213	817.021
1380	52.0164	816.678
1381	52.0639	816.636
1382	52.1123	816.024
1383	52.16	816.008
1384	52.2077	815.338
1385	52.255	814.488
1386	52.3023	814.157
1387	52.3516	814.025
1388	52.4004	810.219
1389	52.4484	806.99
1390	52.4963	806.988
1391	52.5445	806.435
1392	52.5921	806.387
1393	52.6401	806.385
1394	52.6883	805.571
1395	52.7365	805.392
1396	52.7856	805.391
1397	52.8345	800.152
1398	52.8825	799.066
1399	52.931	798.981
1400	52.9799	798.979
1401	53.028	797.855
1402	53.076	797.411
1403	53.1261	797.41
1405	53.224	796.45
1406	53.2739	795.839
1407	53.3227	795.82
1408	53.3715	794.248
1409	53.4208	794.129
1410	53.4696	794.124
1411	53.5182	792.516
1413	53.6149	791.681
1414	53.6634	791.61
1415	53.7128	791.578
1416	53.7617	791.564
1417	53.8108	791.563
1418	53.8594	791.312
1419	53.9073	790.766
1420	53.9558	789.407
1421	54.0039	789.31
1422	54.0523	789.303
1423	54.1011	788.745
1424	54.1507	786.983
1425	54.1991	786.524
1426	54.2475	785.783
1427	54.2962	784.742
1428	54.3443	784.7
1429	54.3936	784.696
1430	54.4424	784.087
1431	54.4924	783.547
1432	54.5447	783.547
1433	54.594	783.488
1434	54.6423	783.368
1435	54.6921	783.362
1436	54.7414	783.361
1437	54.7906	783.35
1438	54.8388	780.815
1439	54.8873	780.78
1440	54.9357	776.239
1441	54.9844	776.188
1442	55.0332	773.891
1443	55.0815	773.469
1444	55.1299	773.468
1445	55.1786	773.004
1446	55.2275	766.492
1447	55.278	766.348
1448	55.3282	766.152
1449	55.3769	765.913
1450	55.4257	765.731
1451	55.4752	765.332
1452	55.5248	765.321
1453	55.5738	765.29
1454	55.6231	764.978
1455	55.6723	764.823
1456	55.7226	764.795
1457	55.7736	764.677
1458	55.8236	763.07
1459	55.8741	762.935
1460	55.9227	762.806
1462	56.0202	762.459
1463	56.0708	760.601
1465	56.1708	760.143
1466	56.2215	760.127
1467	56.2705	759.966
1468	56.3197	758.912
1469	56.3681	758.907
1470	56.4188	758.868
1471	56.4685	758.868
1472	56.5186	758.831
1473	56.5682	758.312
1474	56.6166	758.31
1475	56.6656	747.46
1476	56.7324	747.326
1477	56.8325	747.124
1478	56.8864	747.067
1479	56.9374	746.862
1480	56.9879	746.805
1481	57.0369	746.773
1482	57.0861	746.673
1483	57.1352	746.505
1484	57.1843	744.966
1486	57.2832	744.965
1487	57.3331	744.936
1488	57.3817	741.854
1489	57.4319	741.746
1490	57.4812	741.683
1491	57.5311	726.387
1492	57.5816	726.309
1493	57.6312	726.207
1494	57.6801	725.921
1495	57.7301	722.939
1497	57.8314	722.851
1498	57.8816	722.613
1499	57.9303	722.305
1500	57.9793	721.962
1501	58.0302	721.959
1502	58.0803	721.886
1503	58.1309	721.884
1504	58.1808	718.738
1505	58.2305	718.718
1506	58.2806	718.23
1507	58.33	716.184
1508	58.3794	716.176
1510	58.4794	715.131
1511	58.5287	715.063
1512	58.5775	714.978
1513	58.6272	714.752
1514	58.6763	714.616
1515	58.7263	714.399
1516	58.7756	714.164
1517	58.8244	713.459
1518	58.8741	709.434
1519	58.9234	709.021
1520	58.9737	709.014
1521	59.0234	708.788
1522	59.0747	708.78
1523	59.1249	708.776
1525	59.2246	698.581
1526	59.2746	698.193
1527	59.324	698.099
1528	59.3735	698.074
1529	59.4226	698.073
1530	59.4717	698.045
1531	59.5208	696.979
1532	59.5708	696.97
1533	59.6206	696.55
1534	59.6701	696.465
1536	59.7717	696.46
1537	59.8223	696.46
1538	59.8719	696.456
1539	59.9215	696.127
1540	59.9715	693.304
1541	60.0214	693.11
1542	60.0712	692.777
1543	60.1212	689.861
1544	60.1714	689.804
1546	60.2725	689.79
1547	60.3228	689.789
1548	60.3729	688.988
1549	60.423	688.842
1550	60.4722	688.821
1551	60.522	687.519
1552	60.5715	686.396
1553	60.621	686.395
1554	60.6711	686.358
1555	60.7213	686.13
1556	60.7719	686.086
1557	60.8213	686.058
1558	60.8718	686.052
1559	60.9227	686.049
1560	60.9726	669.702
1561	61.0229	669.488
1562	61.0727	669.08
1563	61.1241	668.694
1564	61.1741	668.562
1565	61.2254	666.649
1566	61.2766	663.067
1567	61.3264	662.674
1570	61.4755	662.219
1571	61.5255	662.213
1572	61.5753	661.502
1573	61.6252	661.492
1574	61.6769	661.483
1575	61.7291	661.334
1576	61.78	661.134
1577	61.8315	660.909
1578	61.8824	660.909
1579	61.9329	660.328
1580	61.9832	660.108
1581	62.0335	660.107
1582	62.0838	660.106
1583	62.1353	660.013
1584	62.1871	659.822
1585	62.239	659.793
1586	62.2895	659.675
1587	62.3399	659.672
1588	62.3905	659.616
1589	62.4411	659.46
1590	62.4912	659.058
1591	62.5426	659.056
1592	62.5923	659.015
1593	62.6424	658.668
1594	62.6926	656.059
1595	62.7439	656.058
1596	62.7952	656.054
1597	62.8452	655.398
1598	62.8968	655.361
1600	62.9978	655.184
1601	63.0481	652.785
1602	63.0985	652.509
1603	63.1497	652.378
1604	63.2008	652.374
1606	63.3047	652.364
1608	63.4066	647.067
1609	63.4594	646.824
1610	63.5096	631.308
1611	63.5611	631.187
1612	63.612	631.113
1614	63.7144	630.721
1615	63.7652	630.193
1616	63.8155	630.17
1617	63.8673	629.405
1618	63.9189	629.382
1619	63.9704	629.38
1620	64.0216	629.095
1622	64.1236	629.074
1623	64.1757	628.972
1624	64.2272	628.927
1625	64.2778	628.648
1626	64.3279	627.851
1627	64.3802	627.777
1628	64.4313	627.775
1629	64.4819	627.628
1630	64.5332	627.611
1631	64.5848	626.074
1632	64.6356	625.2
1633	64.6866	624.936
1634	64.7384	622.287
1635	64.7898	622.28
1636	64.8417	622.278
1638	64.9431	622.259
1639	64.9942	622.217
1640	65.0453	622.211
1642	65.1484	622.115
1643	65.1989	622.104
1644	65.2492	621.608
1645	65.3007	621.607
1647	65.4021	621.238
1648	65.453	620.781
1649	65.5037	620.188
1650	65.5548	620.053
1651	65.6058	619.621
1652	65.658	618.451
1653	65.7092	618.411
1654	65.7598	618.296
1656	65.8609	617.985
1657	65.9114	617.789
1658	65.9623	617.787
1659	66.0142	617.707
1660	66.0656	617.543
1661	66.1175	617.369
1662	66.1681	611.422
1663	66.2191	611.397
1664	66.2695	611.297
1665	66.32	611.28
1667	66.4228	611.279
1668	66.474	611.222
1669	66.5257	608.352
1670	66.5764	608.241
1671	66.6287	608.062
1672	66.6795	607.566
1674	66.7788	607.267
1675	66.8287	607.267
1676	66.8797	607.262
1677	66.9309	607.189
1678	66.982	607.157
1679	67.0313	603.674
1681	67.1314	603.645
1682	67.1815	603.622
1683	67.2305	603.473
1684	67.2798	603.471
1685	67.3293	603.365
1686	67.3786	603.18
1687	67.4292	602.663
1688	67.4784	601.048
1690	67.5775	600.866
1691	67.6269	598.734
1692	67.6764	598.731
1693	67.7264	598.701
1694	67.7774	598.241
1695	67.8291	598.036
1696	67.8788	598.031
1697	67.9283	598.015
1698	67.98	597.917
1699	68.0313	597.864
1700	68.0808	597.859
1701	68.1304	597.073
1702	68.1807	597.067
1703	68.2302	596.472
1704	68.2799	596.405
1705	68.3302	596.304
1706	68.3806	596.234
1707	68.4324	596.233
1708	68.4838	596.107
1710	68.5857	596.102
1711	68.6357	596.101
1712	68.6857	593.475
1713	68.7362	593.387
1714	68.7863	593.207
1715	68.8363	592.875
1716	68.8861	592.411
1717	68.9375	592.342
1718	68.989	591.908
1719	69.039	591.907
1720	69.0894	590.957
1721	69.139	590.898
1722	69.1895	590.885
1723	69.2392	590.884
1724	69.2889	590.831
1725	69.3402	590.347
1726	69.3912	590.342
1727	69.4409	590.225
1728	69.4907	588.603
1729	69.5404	586.596
1730	69.5903	586.596
1731	69.6408	586.586
1732	69.691	586.57
1733	69.7464	586.569
1734	69.834	586.356
1735	69.9371	586.335
1736	69.9903	586.335
1737	70.0458	585.686
1738	70.0988	585.415
1739	70.1503	585.412
1740	70.2015	585.411
1741	70.2521	585.048
1742	70.3035	584.746
1743	70.3543	584.745
1744	70.4048	584.734
1745	70.4558	583.948
1746	70.5076	583.942
1747	70.5588	583.941
1748	70.609	583.834
1749	70.6603	583.749
1750	70.7271	583.733
1751	70.7787	583.034
1752	70.8294	583.004
1753	70.8801	582.8
1754	70.9307	582.792
1756	71.0419	582.758
1757	71.0932	582.726
1758	71.1445	582.635
1759	71.195	582.554
1760	71.2463	581.703
1761	71.2969	581.545
1762	71.3477	581.544
1763	71.3993	581.417
1764	71.4498	581.338
1765	71.5007	581.225
1766	71.5531	581.05
1767	71.6039	581.035
1768	71.6546	581.029
1769	71.707	581.028
1770	71.7581	580.88
1771	71.8093	578.695
1772	71.8597	578.693
1773	71.9104	578.465
1774	71.9621	578.368
1775	72.0131	578.368
1777	72.1161	578.363
1778	72.1674	578.024
1779	72.2179	578.022
1780	72.2688	577.964
1781	72.3196	577.841
1782	72.372	573.667
1783	72.4243	573.623
1784	72.4759	573.428
1785	72.5267	572.53
1786	72.5785	572.246
1787	72.6293	572.238
1788	72.6801	572.224
1789	72.7306	572.177
1790	72.783	572.14
1791	72.8338	571.633
1792	72.8853	571.474
1793	72.936	571.417
1794	72.9876	571.239
1795	73.0385	569.417
1796	73.0905	569.163
1797	73.1407	569.12
1798	73.1913	566.433
1799	73.2426	566.424
1800	73.2933	566.42
1801	73.3443	566.42
1802	73.3948	566.312
1803	73.4455	565.603
1804	73.4963	564.679
1805	73.5473	564.363
1806	73.5998	564.357
1807	73.6517	564.014
1808	73.7024	563.418
1809	73.7549	563.416
1812	73.9067	563.401
1813	73.958	563.348
1815	74.0597	562.395
1816	74.112	562.195
1817	74.163	562.164
1819	74.2662	562.122
1821	74.3692	561.864
1822	74.4198	561.661
1823	74.4705	561.65
1824	74.5212	561.444
1826	74.6254	561.444
1828	74.7272	561.154
1829	74.7793	560.95
1830	74.8313	560.809
1831	74.8822	545.048
1832	74.9331	544.981
1833	74.9848	544.965
1834	75.037	544.785
1835	75.0879	543.591
1836	75.1389	543.472
1837	75.1907	543.443
1839	75.2923	543.408
1840	75.3443	543.17
1841	75.3965	543.161
1842	75.4485	543.106
1844	75.5513	542.328
1845	75.603	542.326
1846	75.6555	540.879
1847	75.7088	540.872
1850	75.8625	540.21
1851	75.9146	540.14
1852	75.9665	540.059
1853	76.018	540.037
1854	76.0706	540.019
1855	76.1214	539.673
1856	76.1728	539.516
1857	76.2239	539.389
1858	76.2762	535.652
1859	76.3272	535.442
1860	76.3787	535.44
1861	76.4307	535.406
1862	76.4838	535.36
1863	76.5351	535.358
1865	76.6383	522.389
1867	76.7426	522.387
1868	76.7944	522.279
1870	76.8983	522.275
1871	76.9508	520.831
1872	77.0033	520.83
1873	77.0548	520.784
1874	77.1059	520.767
1876	77.2084	520.763
1877	77.2603	520.737
1878	77.3115	520.736
1879	77.3626	520.704
1880	77.4135	520.508
1881	77.465	520.477
1882	77.5166	520.11
1883	77.568	519.876
1884	77.6193	519.827
1885	77.6709	519.822
1886	77.7224	519.786
1888	77.8264	514.551
1889	77.8784	514.535
1890	77.9306	514.447
1891	77.9832	511.845
1892	78.0364	511.741
1894	78.1395	511.707
1896	78.2434	511.667
1898	78.347	511.665
1899	78.3991	511.661
1900	78.4501	501.543
1901	78.5022	501.451
1902	78.5554	501.39
1903	78.6083	499.573
1904	78.6615	499.539
1905	78.7133	498.846
1906	78.7654	498.393
1907	78.8174	498.169
1908	78.8686	497.52
1911	79.0252	497.483
1912	79.0778	495.091
1913	79.131	495.088
1914	79.1831	495.074
1915	79.2348	494.93
1917	79.3398	494.88
1918	79.3921	494.804
1919	79.4435	494.617
1920	79.496	494.592
1921	79.5488	494.586
1922	79.6019	494.57
1923	79.6536	494.559
1924	79.7055	494.527
1925	79.7569	494.52
1926	79.8085	494.504
1928	79.9146	494.469
1929	79.9672	494.358
1930	80.0215	494.015
1931	80.0734	494.014
1932	80.1259	494.013
1933	80.1782	493.77
1934	80.2314	492.887
1935	80.2847	492.887
1936	80.3364	492.886
1937	80.3885	492.439
1940	80.5441	492.405
1941	80.5961	489.916
1942	80.6478	489.784
1943	80.6996	489.724
1944	80.7521	489.698
1946	80.8598	489.637
1947	80.9145	489.637
1948	81.0266	483.717
1949	81.0857	483.512
1950	81.1375	475.792
1951	81.1893	475.614
1952	81.2421	475.612
1955	81.3973	474.918
1956	81.4501	474.917
1957	81.502	474.315
1958	81.5541	474.036
1959	81.6057	474.033
1965	81.9174	473.919
1966	81.9702	473.097
1967	82.0236	473.028
1969	82.1284	472.974
1970	82.1803	472.969
1971	82.2334	472.557
1972	82.2851	471.9
1974	82.389	471.855
1975	82.4407	471.853
1976	82.4928	471.835
1978	82.5981	471.822
1979	82.6511	471.797
1980	82.7044	471.794
1982	82.8086	471.746
1984	82.913	471.333
1985	82.9649	471.333
1986	83.0175	471.328
1987	83.0717	471.164
1988	83.1243	470.613
1989	83.1768	470.072
1990	83.2305	469.988
1991	83.2828	469.986
1992	83.3349	469.642
1994	83.4388	469.616
1996	83.5452	469.57
1999	83.7023	469.39
2000	83.755	469.384
2002	83.8608	469.118
2004	83.965	469.079
2005	84.0173	469.07
2006	84.07	469.029
2007	84.1233	469.028
2008	84.1757	469.005
2009	84.229	468.832
2010	84.2812	468.817
2011	84.3351	468.802
2013	84.4429	468.046
2014	84.4955	467.664
2015	84.5476	467.664
2016	84.5999	467.662
2017	84.6528	467.626
2018	84.706	467.625
2019	84.7592	463.516
2020	84.8115	463.371
2021	84.8648	463.346
2022	84.9194	462.937
2023	84.9728	462.354
2024	85.025	462.352
2026	85.1304	462.186
2027	85.183	462.056
2028	85.2367	461.017
2030	85.3436	460.927
2031	85.3964	459.915
2032	85.4499	459.902
2034	85.5547	459.633
2035	85.6067	459.336
2036	85.6588	459.333
2037	85.7114	459.313
2038	85.7649	459.236
2039	85.8193	459.06
2040	85.8736	459.038
2041	85.9266	458.642
2042	85.9793	458.641
2043	86.0319	458.477
2044	86.0851	458.391
2045	86.1384	458.387
2046	86.1911	458.385
2047	86.2434	458.377
2048	86.2965	458.375
2049	86.3497	458.374
2050	86.4024	458.326
2051	86.4558	458.325
2052	86.5099	457.966
2053	86.5623	457.91
2054	86.615	457.482
2055	86.6675	457.384
2056	86.7204	457.342
2057	86.7734	457.342
2058	86.826	457.182
2059	86.8786	457.182
2060	86.9317	457.087
2061	86.9849	457.082
2062	87.0383	457.076
2063	87.0914	457.075
2064	87.144	457.07
2065	87.1986	455.878
2066	87.2518	455.553
2068	87.3574	455.282
2069	87.4123	455.242
2070	87.4664	455.242
2071	87.5202	455.236
2072	87.5739	455.23
2073	87.6279	455.229
2074	87.6824	455.192
2076	87.7874	455.192
2077	87.8408	455.035
2078	87.8955	454.24
2079	87.9501	454.238
2080	88.0045	454.237
2081	88.0571	454.152
2082	88.1111	454.143
2083	88.1653	454.143
2084	88.2193	454.11
2085	88.2724	453.985
2086	88.3257	453.975
2087	88.3802	453.932
2088	88.4328	453.905
2089	88.4854	453.868
2090	88.5378	453.866
2091	88.5903	453.808
2092	88.6432	453.801
2093	88.6967	453.743
2094	88.7492	453.73
2096	88.8573	453.515
2097	88.9096	453.513
2098	88.9627	453.316
2099	89.0173	453.279
2100	89.0703	453.079
2101	89.1239	453.017
2102	89.1775	453.016
2103	89.2303	452.917
2105	89.3359	452.852
2106	89.3896	452.461
2107	89.443	451.873
2109	89.5485	451.872
2110	89.6024	451.832
2111	89.6567	451.766
2112	89.7096	451.765
2113	89.7626	451.038
2114	89.817	451.001
2115	89.8698	451
2117	89.975	450.998
2118	90.0275	450.989
2119	90.08	450.987
2120	90.1341	450.761
2121	90.1869	450.689
2122	90.2407	450.201
2124	90.3479	450.17
2125	90.4019	450.115
2126	90.4545	449.982
2127	90.5082	449.973
2128	90.5621	449.965
2129	90.6147	449.934
2130	90.6677	449.919
2131	90.7211	449.138
2132	90.7746	449.085
2133	90.8275	449.03
2134	90.8807	448.895
2135	90.9355	448.633
2136	90.9902	448.446
2137	91.044	448.316
2138	91.098	447.102
2140	91.2057	447.093
2141	91.2589	447.092
2142	91.3136	447.09
2143	91.3677	446.206
2144	91.4211	446.005
2145	91.474	445.987
2146	91.5287	445.982
2147	91.5831	445.975
2148	91.6359	445.638
2149	91.6897	445.634
2150	91.7425	445.562
2151	91.7975	445.562
2152	91.8507	445.561
2153	91.9042	445.527
2155	92.0132	444.656
2156	92.0672	444.433
2157	92.1203	444.403
2159	92.226	444.126
2160	92.2807	444.101
2161	92.3343	444.009
2162	92.3893	443.951
2163	92.4429	443.946
2164	92.4971	441.636
2166	92.6042	441.635
2168	92.7101	441.605
2169	92.7637	441.603
2171	92.87	435.093
2172	92.9248	435.093
2173	92.9784	435.056
2174	93.0315	435.041
2175	93.0866	434.977
2176	93.1396	434.782
2177	93.1943	434.78
2178	93.2475	434.737
2179	93.3003	434.704
2180	93.3543	430.623
2182	93.4603	430.581
2184	93.5671	430.232
2186	93.6743	430.189
2187	93.7273	430.147
2189	93.8337	430.081
2190	93.8876	429.848
2191	93.9421	429.832
2193	94.0517	429.824
2194	94.1049	429.822
2195	94.1586	429.421
2196	94.2123	429.209
2197	94.2672	429.201
2198	94.3203	425.895
2199	94.3746	425.798
2201	94.4809	425.47
2203	94.5882	425.469
2205	94.695	421.567
2207	94.8035	421.545
2210	94.9633	421.544
2211	95.0179	420.925
2212	95.0718	420.924
2213	95.125	420.209
2214	95.178	420.206
2216	95.2852	420.206
2217	95.3383	420.184
2218	95.3921	420.182
2219	95.4454	420.109
2220	95.499	420.102
2222	95.6072	419.93
2223	95.6609	419.679
2224	95.7154	419.654
2225	95.7696	419.654
2227	95.8772	419.645
2228	95.9315	418.967
2229	95.9867	418.95
2230	96.0412	418.832
2231	96.0949	413.102
2232	96.1519	413.028
2234	96.261	413.009
2235	96.3149	413.003
2236	96.3686	412.986
2238	96.4756	412.977
2239	96.5312	412.975
2240	96.5853	402.252
2241	96.6407	402.251
2242	96.6945	402.154
2243	96.748	400.365
2244	96.8027	400.364
2245	96.8563	400.321
2246	96.9111	400.265
2247	96.9644	400.249
2248	97.0181	399.226
2249	97.0719	399.225
2250	97.1265	399.224
2251	97.1798	399.153
2252	97.2352	398.141
2254	97.3438	398.14
2255	97.3977	398.005
2257	97.5084	397.961
2258	97.5623	397.945
2260	97.67	397.93
2261	97.7259	397.926
2264	97.8902	397.908
2265	97.9448	397.81
2266	97.9988	397.809
2267	98.0536	397.801
2268	98.1075	397.779
2269	98.1617	397.689
2270	98.2165	397.38
2271	98.2702	397.375
2272	98.324	397.365
2273	98.3795	397.133
2274	98.4341	397.003
2275	98.4882	397.002
2277	98.5951	396.516
2280	98.755	396.512
2281	98.8071	394.57
2282	98.8606	394.421
2283	98.914	394.403
2286	99.0725	394.402
2288	99.1787	394.114
2289	99.2314	393.959
2290	99.2834	386.633
2292	99.3885	386.631
2295	99.5454	386.575
2296	99.598	386.574
2297	99.6504	386.221
2298	99.703	386.212
2299	99.7564	386.208
2301	99.8628	386.207
2304	100.022	386.202
2306	100.129	386.012
2307	100.183	385.876
2309	100.288	385.771
2310	100.342	385.765
2311	100.395	385.57
2312	100.448	385.481
2314	100.556	385.447
2315	100.609	385.441
2316	100.662	385.417
2318	100.771	385.411
2319	100.823	385.332
2320	100.877	385.324
2322	100.983	385.317
2324	101.089	385.128
2325	101.143	385.127
2328	101.303	384.93
2329	101.356	384.827
2330	101.41	384.699
2331	101.463	384.696
2332	101.517	384.494
2333	101.571	384.468
2334	101.624	384.452
2335	101.677	384.449
2337	101.784	383.895
2339	101.892	383.737
2341	102.003	383.736
2342	102.057	383.421
2344	102.166	383.396
2345	102.221	383.392
2346	102.274	383.357
2347	102.329	383.356
2348	102.384	383.284
2349	102.44	380.842
2350	102.494	380.804
2351	102.548	380.797
2354	102.716	380.43
2356	102.825	380.428
2357	102.878	380.408
2359	102.987	379.178
2360	103.04	379.012
2361	103.094	379.004
2362	103.147	378.994
2363	103.201	378.776
2364	103.255	378.776
2366	103.363	378.492
2368	103.47	377.833
2370	103.577	377.333
2371	103.63	376.267
2372	103.684	376.265
2374	103.792	376.068
2375	103.847	375.767
2376	103.901	375.759
2377	103.956	375.752
2378	104.01	375.717
2379	104.064	375.686
2381	104.171	375.684
2383	104.279	375.444
2384	104.333	375.307
2385	104.388	375.108
2386	104.441	375.103
2387	104.495	375.085
2389	104.602	375.082
2390	104.655	375.081
2391	104.71	375.08
2392	104.764	375.071
2393	104.82	375.016
2394	104.875	374.949
2395	104.93	374.887
2396	104.984	374.826
2397	105.037	374.822
2398	105.091	373.922
2399	105.146	373.919
2400	105.2	373.867
2401	105.253	373.848
2402	105.307	373.844
2403	105.361	373.843
2404	105.415	373.843
2405	105.469	371.223
2406	105.523	371.22
2407	105.578	371.207
2408	105.631	371.167
2409	105.685	371.162
2410	105.738	371.161
2412	105.848	371.075
2413	105.903	371.074
2414	105.959	371.056
2415	106.013	371.051
2416	106.067	371.048
2417	106.121	370.863
2418	106.175	370.71
2419	106.229	370.668
2420	106.282	370.667
2421	106.336	369.628
2422	106.39	369.6
2424	106.498	369.599
2425	106.553	369.146
2426	106.607	369.144
2427	106.662	369.143
2428	106.718	368.933
2429	106.773	368.822
2430	106.828	368.821
2431	106.883	368.818
2432	106.938	368.813
2433	106.994	368.784
2434	107.048	368.767
2436	107.157	368.713
2437	107.211	368.711
2438	107.266	368.697
2439	107.32	368.302
2440	107.374	368.176
2441	107.428	368.053
2442	107.482	368.052
2443	107.537	367.972
2444	107.592	367.947
2445	107.647	367.937
2446	107.703	367.797
2447	107.758	367.782
2449	107.866	367.78
2450	107.923	367.78
2451	107.978	367.753
2452	108.033	367.75
2453	108.088	367.736
2454	108.142	367.718
2455	108.197	367.718
2457	108.305	367.707
2458	108.361	367.696
2459	108.416	367.694
2460	108.47	367.681
2461	108.525	367.609
2462	108.58	367.441
2463	108.635	367.297
2464	108.691	367.292
2465	108.745	367.23
2466	108.799	367.059
2467	108.853	367.057
2468	108.908	367.038
2469	108.963	367.004
2470	109.017	367.001
2471	109.071	366.167
2472	109.125	366.163
2473	109.182	366.162
2474	109.237	366.152
2475	109.292	366.028
2476	109.346	365.911
2478	109.454	364.869
2480	109.564	364.864
2481	109.618	364.863
2482	109.673	364.855
2483	109.729	364.536
2485	109.838	364.108
2486	109.893	364.106
2487	109.947	364.106
2488	110.001	363.781
2489	110.056	363.779
2490	110.11	363.768
2491	110.165	363.767
2494	110.329	363.767
2495	110.384	363.707
2496	110.44	363.616
2499	110.605	362.782
2500	110.659	362.782
2501	110.715	362.473
2502	110.77	362.446
2503	110.845	362.39
2504	110.947	362.319
2505	111.002	362.306
2506	111.056	362.304
2508	111.166	362.292
2509	111.221	362.283
2510	111.276	362.221
2511	111.333	352.749
2512	111.389	352.743
2513	111.444	352.721
2514	111.5	352.672
2515	111.554	352.606
2516	111.609	352.478
2517	111.663	352.477
2519	111.773	352.427
2520	111.827	352.299
2521	111.882	352.29
2522	111.937	352.263
2523	111.993	352.262
2524	112.048	351.971
2525	112.103	351.953
2526	112.158	351.837
2527	112.213	351.824
2532	112.486	351.782
2533	112.541	351.775
2534	112.596	351.772
2535	112.65	350.959
2536	112.705	350.871
2537	112.76	350.865
2538	112.815	347.847
2539	112.87	347.729
2541	112.98	347.266
2542	113.035	347.233
2543	113.09	347.228
2545	113.199	343.828
2546	113.254	343.807
2547	113.309	343.79
2549	113.418	343.759
2550	113.474	343.759
2551	113.531	342.688
2552	113.586	342.687
2553	113.642	342.583
2555	113.754	342.583
2556	113.809	342.574
2557	113.863	342.563
2558	113.918	342.562
2560	114.028	342.561
2561	114.082	342.43
2563	114.193	342.407
2564	114.248	342.406
2567	114.414	342.402
2568	114.468	341.371
2569	114.523	341.34
2570	114.577	340.822
2571	114.632	338.097
2572	114.687	338.09
2574	114.797	338.024
2576	114.906	338.016
2578	115.018	338.002
2579	115.072	338.002
2580	115.127	333.238
2582	115.237	333.226
2583	115.293	333.196
2584	115.347	333.187
2585	115.403	333.106
2587	115.515	333.088
2590	115.681	333.06
2592	115.792	333.019
2593	115.847	333.017
2595	115.959	333.004
2597	116.071	332.984
2598	116.126	332.982
2599	116.181	332.892
2600	116.236	332.888
2601	116.291	332.884
2603	116.402	332.875
2604	116.456	332.868
2605	116.512	332.22
2606	116.568	332.212
2607	116.622	332.209
2608	116.678	332.206
2609	116.734	332.172
2610	116.789	332.017
2611	116.844	332.015
2612	116.899	331.99
2613	116.954	331.853
2614	117.01	331.595
2615	117.065	331.594
2617	117.174	331.516
2618	117.23	331.516
2620	117.339	331.488
2621	117.395	329.107
2622	117.451	329.106
2624	117.563	329.105
2625	117.619	329.058
2626	117.673	329.056
2628	117.786	329.027
2629	117.842	328.936
2630	117.898	326.505
2634	118.12	326.5
2635	118.175	326.274
2636	118.23	326.274
2637	118.285	325.871
2639	118.394	325.867
2644	118.695	325.853
2645	118.756	325.849
2646	118.812	325.669
2647	118.868	325.624
2650	119.032	325.62
2651	119.087	325.57
2652	119.142	325.351
2654	119.267	325.328
2655	119.328	325.322
2656	119.385	325.308
2660	119.679	325.302
2662	119.791	325.298
2664	119.903	325.242
2665	119.979	325.241
2666	120.039	325.237
2668	120.152	325.167
2669	120.21	325.092
2670	120.265	325.069
2671	120.32	325.065
2672	120.375	325.063
2674	120.489	325.033
2678	120.749	325.032
2681	120.915	325.031
2682	120.97	324.483
2683	121.024	324.481
2684	121.08	324.477
2686	121.19	324.215
2687	121.246	324.214
2688	121.301	324.17
2689	121.356	322.863
2690	121.411	322.787
2691	121.467	322.765
2695	121.69	322.763
2696	121.744	322.762
2697	121.8	322.745
2698	121.855	322.725
2699	121.91	321.604
2703	122.133	321.464
2705	122.25	321.414
2706	122.311	321.24
2707	122.366	321.194
2708	122.422	320.836
2709	122.477	320.796
2710	122.532	320.784
2711	122.587	320.427
2712	122.642	320.424
2713	122.699	320.414
2716	122.866	320.412
2717	122.921	320.378
2718	122.976	320.359
2720	123.088	320.321
2721	123.144	320.319
2722	123.201	320.318
2723	123.257	320.087
2724	123.358	320.012
2725	123.414	320.001
2726	123.471	320
2727	123.528	319.989
2728	123.585	319.988
2731	123.756	319.988
2732	123.814	319.945
2733	123.869	319.906
2734	123.926	319.859
2735	123.982	319.845
2736	124.037	319.765
2737	124.093	319.765
2738	124.148	319.108
2739	124.203	319.059
2740	124.259	318.571
2741	124.316	318.571
2742	124.371	318.562
2743	124.427	318.562
2744	124.487	318.552
2745	124.542	318.115
2746	124.597	318.052
2747	124.653	318.049
2748	124.708	317.638
2750	124.821	317.638
2751	124.877	317.637
2752	124.933	317.626
2753	124.99	317.625
2754	125.058	317.609
2755	125.128	317.571
2756	125.184	317.57
2757	125.247	317.486
2758	125.313	317.342
2759	125.376	317.34
2761	125.488	317.243
2762	125.544	317.243
2763	125.599	317.242
2764	125.655	317.242
2765	125.71	317.045
2766	125.768	317.044
2767	125.829	317.044
2769	125.946	316.796
2771	126.057	316.796
2772	126.113	316.781
2773	126.169	316.712
2774	126.226	316.711
2776	126.339	316.697
2777	126.394	316.696
2779	126.506	316.461
2780	126.561	316.443
2781	126.617	316.411
2782	126.675	316.411
2783	126.787	316.401
2784	126.848	316.392
2785	126.905	316.367
2786	126.96	316.25
2787	127.015	316.183
2789	127.126	316.183
2790	127.182	316.18
2791	127.238	316.163
2792	127.294	316.162
2793	127.349	316.155
2794	127.405	316.134
2795	127.46	316.134
2797	127.571	316.125
2798	127.626	316.013
2799	127.681	316.012
2800	127.736	316.003
2801	127.793	315.518
2802	127.848	315.45
2803	127.904	314.991
2804	127.959	314.987
2805	128.014	314.523
2806	128.069	314.434
2807	128.125	314.432
2808	128.182	313.886
2809	128.237	313.88
2810	128.293	313.875
2811	128.349	313.788
2812	128.404	313.686
2813	128.461	313.686
2815	128.573	313.641
2816	128.63	313.595
2817	128.721	313.581
2818	128.777	313.112
2820	128.902	313.093
2822	129.016	313.09
2823	129.073	312.566
2824	129.127	311.891
2825	129.184	311.883
2826	129.24	311.881
2828	129.35	311.701
2829	129.406	311.695
2830	129.461	311.691
2831	129.517	311.691
2832	129.572	311.69
2834	129.71	311.688
2835	129.766	311.661
2836	129.823	311.607
2839	130.025	311.386
2841	130.146	311.359
2842	130.209	311.355
2845	130.378	311.351
2846	130.435	311.35
2849	130.602	311.348
2850	130.657	311.261
2851	130.711	309.883
2852	130.764	309.847
2853	130.818	309.831
2854	130.873	309.829
2855	130.928	309.551
2856	131.01	309.438
2857	131.097	309.41
2859	131.21	309.381
2860	131.266	308.335
2861	131.321	308.326
2862	131.375	308.326
2863	131.431	308.315
2864	131.485	308
2865	131.539	307.992
2866	131.593	306.898
2867	131.647	306.894
2870	131.81	306.803
2871	131.866	306.791
2872	131.92	306.728
2873	131.986	306.719
2874	132.058	306.717
2875	132.116	306.713
2876	132.173	306.333
2877	132.237	306.32
2878	132.296	303.528
2881	132.479	303.463
2882	132.537	303.411
2883	132.596	303.41
2885	132.71	299.911
2889	132.928	299.887
2890	132.982	299.884
2891	133.035	297.954
2893	133.145	296.884
2894	133.2	296.844
2897	133.364	296.838
2898	133.418	296.835
2899	133.473	296.833
2901	133.58	296.749
2902	133.634	296.709
2903	133.688	296.679
2904	133.742	296.674
2905	133.796	296.672
2906	133.851	296.632
2907	133.905	296.629
2908	133.959	296.548
2909	134.013	296.522
2910	134.072	295.991
2911	134.127	295.597
2912	134.182	295.519
2914	134.292	295.489
2915	134.348	295.488
2916	134.404	295.482
2918	134.512	295.47
2919	134.568	295.462
2920	134.675	295.125
2922	134.798	295.124
2923	134.856	294.815
2924	134.912	294.806
2925	134.971	294.642
2927	135.114	294.619
2928	135.172	294.601
2930	135.284	294.554
2932	135.396	294.536
2934	135.51	294.523
2935	135.568	294.5
2936	135.623	294.49
2937	135.678	294.468
2939	135.795	294.368
2940	135.852	294.365
2943	136.021	294.363
2946	136.185	294.36
2948	136.294	294.323
2949	136.35	294.313
2950	136.404	294.139
2951	136.458	294.135
2953	136.567	294.123
2954	136.621	292.564
2955	136.676	292.562
2957	136.785	292.533
2958	136.84	292.532
2961	137.007	290.303
2962	137.065	290.002
2964	137.174	289.998
2965	137.229	289.982
2966	137.285	289.981
2968	137.395	289.949
2969	137.451	289.941
2970	137.505	287.077
2972	137.629	287.076
2974	137.748	287.074
2975	137.803	287.037
2977	137.913	286.568
2981	138.134	286.567
2986	138.411	286.422
2989	138.575	286.422
2990	138.632	286.411
2991	138.689	286.37
2992	138.746	286.235
2994	138.857	286.226
2995	138.914	286.225
2996	138.97	286.215
2997	139.027	286.213
3000	139.193	286.212
3002	139.306	286.204
3004	139.418	286.204
3009	139.695	286.19
3012	139.865	286.039
3014	139.976	285.988
3017	140.139	285.903
3018	140.194	285.902
3020	140.304	285.861
3021	140.364	285.858
3022	140.419	285.447
3023	140.475	285.429
3024	140.531	285.426
3025	140.586	285.422
3026	140.642	285.373
3027	140.697	285.372
3028	140.752	285.323
3029	140.807	284.2
3031	140.917	284.188
3032	140.972	284.122
3033	141.028	283.28
3035	141.139	283.278
3037	141.249	283.268
3038	141.305	283.22
3039	141.36	282.509
3041	141.47	282.508
3043	141.58	281.662
3044	141.636	281.662
3046	141.746	281.63
3047	141.801	281.617
3048	141.858	280.255
3050	141.973	280.227
3051	142.031	279.576
3053	142.144	279.566
3056	142.337	279.536
3057	142.392	279.495
3058	142.448	279.488
3059	142.503	279.487
3060	142.558	279.483
3061	142.613	279.437
3062	142.668	279.436
3063	142.724	279.276
3064	142.779	279.231
3065	142.835	278.825
3066	142.89	278.821
3070	143.112	278.82
3071	143.166	278.82
3072	143.222	278.124
3073	143.277	278.094
3074	143.333	277.961
3075	143.388	277.828
3076	143.443	277.803
3078	143.554	277.065
3079	143.609	277.064
3080	143.664	276.86
3082	143.775	276.857
3083	143.831	276.857
3084	143.885	276.844
3085	143.941	276.411
3086	143.996	276.407
3087	144.053	276.403
3090	144.222	276.403
3091	144.278	276.402
3092	144.333	276.39
3094	144.444	276.389
3095	144.5	276.374
3096	144.555	276.372
3097	144.611	276.335
3098	144.666	276.227
3099	144.721	276.225
3101	144.832	275.676
3102	144.887	275.638
3104	144.998	275.62
3105	145.054	275.49
3106	145.109	275.488
3107	145.165	275.487
3108	145.221	275.362
3109	145.277	275.324
3112	145.442	275.318
3113	145.497	275.301
3114	145.552	275.301
3116	145.662	275.29
3117	145.717	275.287
3118	145.772	275.28
3119	145.828	275.223
3121	145.939	275.182
3122	145.994	275.176
3123	146.049	275.174
3124	146.104	275.157
3125	146.16	275.155
3126	146.216	275.118
3127	146.273	275.025
3128	146.33	275.025
3130	146.44	275.024
3131	146.495	274.479
3132	146.55	274.479
3134	146.662	274.46
3135	146.717	274.46
3137	146.828	274.455
3138	146.884	274.108
3139	146.94	274.106
3140	146.996	274.106
3141	147.07	274.052
3142	147.127	273.966
3143	147.183	273.921
3144	147.238	273.921
3145	147.294	273.631
3146	147.35	273.52
3147	147.406	273.518
3148	147.461	273.513
3149	147.517	273.512
3150	147.573	273.507
3151	147.628	273.43
3152	147.683	273.424
3153	147.74	273.424
3154	147.795	273.303
3155	147.85	273.245
3156	147.906	273.206
3157	147.961	273.205
3158	148.017	273.028
3160	148.127	273.024
3162	148.251	273.023
3163	148.311	272.993
3164	148.367	272.222
3165	148.422	272.215
3167	148.536	272.209
3168	148.591	272.092
3169	148.647	272.07
3170	148.705	272.064
3171	148.762	272.064
3174	148.929	272.061
3176	149.041	271.991
3177	149.096	271.926
3179	149.207	271.632
3181	149.319	271.607
3183	149.429	271.599
3184	149.484	271.563
3185	149.54	271.561
3186	149.595	271.56
3189	149.762	271.559
3191	149.873	271.525
3192	149.929	271.511
3194	150.039	271.496
3195	150.095	271.411
3196	150.149	271.342
3197	150.206	271.233
3198	150.261	271.232
3199	150.318	271.222
3200	150.375	266.438
3201	150.43	266.437
3202	150.486	266.413
3203	150.541	266.398
3204	150.596	266.034
3205	150.654	266.02
3206	150.711	265.664
3207	150.768	265.661
3211	150.991	265.657
3213	151.105	265.655
3216	151.274	265.649
3217	151.33	265.637
3218	151.396	263.334
3219	151.452	263.267
3221	151.563	263.237
3222	151.618	263.2
3223	151.674	263.2
3225	151.787	260.614
3227	151.899	260.612
3228	151.953	260.503
3229	152.009	260.503
3230	152.064	260.502
3231	152.119	258.489
3232	152.175	258.489
3233	152.231	258.183
3234	152.286	258.17
3237	152.455	258.166
3239	152.567	258.159
3242	152.735	258.11
3243	152.79	257.916
3244	152.848	257.915
3247	153.016	257.914
3248	153.075	256.913
3249	153.134	256.877
3250	153.191	256.875
3251	153.247	256.536
3252	153.302	256.462
3253	153.359	256.461
3254	153.413	256.389
3255	153.468	256.388
3256	153.524	256.385
3259	153.691	256.313
3262	153.863	256.301
3265	154.033	255.974
3266	154.091	255.91
3267	154.149	255.889
3268	154.207	255.856
3270	154.323	255.853
3274	154.548	255.853
3277	154.719	255.844
3279	154.83	255.544
3280	154.917	255.476
3281	154.984	255.475
3283	155.121	255.475
3285	155.242	255.365
3286	155.305	255.36
3288	155.421	255.348
3289	155.482	255.341
3290	155.547	255.193
3291	155.616	255.192
3293	155.768	255.122
3294	155.832	253.575
3295	155.89	253.574
3297	156.007	253.554
3298	156.066	253.553
3301	156.243	247.983
3302	156.301	247.938
3303	156.359	247.937
3304	156.416	247.933
3308	156.646	247.879
3309	156.704	247.87
3310	156.76	242.586
3311	156.818	242.586
3317	157.159	242.219
3319	157.281	242.217
3324	157.567	242.213
3326	157.682	242.184
3330	157.91	242.177
3331	157.967	242.138
3332	158.023	242.1
3333	158.08	242.097
3334	158.138	242.054
3338	158.367	242.052
3340	158.484	242.05
3346	158.828	242.049
3349	159.002	242.017
3354	159.286	242.006
3355	159.344	242.006
3358	159.518	242.005
3360	159.632	241.977
3361	159.69	241.977
3362	159.746	241.945
3363	159.803	241.945
3364	159.86	241.942
3366	159.972	241.498
3367	160.03	241.497
3368	160.099	241.458
3369	160.155	241.264
3371	160.27	241.24
3373	160.384	240.488
3375	160.497	240.487
3377	160.611	240.481
3378	160.668	240.463
3379	160.725	239.482
3381	160.839	239.473
3383	160.953	238.945
3386	161.126	238.662
3388	161.24	238.594
3391	161.419	237.938
3392	161.476	237.935
3393	161.533	237.927
3396	161.715	237.918
3398	161.83	237.907
3399	161.886	237.883
3400	161.942	237.868
3401	161.998	237.865
3402	162.054	237.865
3403	162.111	237.728
3404	162.167	237.663
3405	162.224	237.617
3406	162.282	237.613
3408	162.422	237.61
3410	162.539	237.608
3411	162.597	237.608
3412	162.655	237.592
3413	162.712	237.569
3414	162.769	237.558
3415	162.827	237.446
3416	162.883	237.433
3417	162.939	237.428
3418	162.996	237.2
3419	163.053	237.197
3420	163.11	236.997
3422	163.223	236.99
3424	163.335	236.989
3425	163.393	236.722
3426	163.452	236.721
3427	163.509	236.721
3428	163.565	236.546
3430	163.681	236.546
3432	163.793	236.536
3433	163.848	236.536
3437	164.135	236.518
3438	164.19	236.159
3439	164.244	236.159
3440	164.299	236.159
3442	164.419	236.149
3443	164.479	236.149
3444	164.535	236.148
3445	164.59	236.117
3447	164.702	236.116
3448	164.757	236.095
3449	164.813	236.075
3450	164.868	236.062
3452	164.978	236.04
3453	165.034	235.987
3454	165.089	235.986
3456	165.201	235.964
3457	165.258	235.963
3459	165.369	235.929
3460	165.425	235.89
3461	165.48	235.867
3462	165.535	235.803
3463	165.591	235.783
3467	165.814	235.7
3468	165.871	235.699
3470	165.985	235.698
3471	166.042	235.447
3473	166.154	235.381
3474	166.209	235.377
3476	166.322	235.371
3477	166.377	235.365
3478	166.432	234.66
3480	166.544	234.66
3481	166.599	234.618
3482	166.656	234.586
3483	166.712	234.544
3484	166.768	234.543
3485	166.825	234.458
3486	166.88	234.31
3488	166.992	234.273
3489	167.049	234.263
3491	167.161	234.195
3492	167.219	234.176
3493	167.277	234.168
3494	167.333	233.909
3495	167.39	233.871
3498	167.558	233.8
3500	167.67	233.8
3502	167.783	233.798
3503	167.84	233.727
3504	167.897	233.196
3505	167.954	233.175
3506	168.01	233.174
3507	168.067	233.125
3508	168.123	233.081
3510	168.237	233.05
3511	168.294	233.05
3515	168.521	233.024
3516	168.578	232.747
3519	168.746	232.386
3521	168.859	232.381
3524	169.026	232.341
3525	169.082	232.333
3526	169.139	232.332
3528	169.252	232.331
3529	169.309	232.323
3531	169.422	231.764
3532	169.479	231.764
3534	169.591	231.754
3535	169.647	231.67
3536	169.703	231.58
3537	169.759	231.563
3539	169.874	231.559
3540	169.933	228.953
3541	169.99	228.949
3543	170.105	228.778
3544	170.161	228.506
3545	170.219	228.502
3546	170.279	228.466
3550	170.507	226.565
3551	170.564	226.559
3553	170.676	226.558
3554	170.734	226.558
3555	170.79	226.553
3556	170.847	225.842
3557	170.907	225.831
3558	170.964	223.795
3559	171.02	223.693
3561	171.133	223.613
3562	171.191	223.604
3563	171.248	223.603
3565	171.363	221.164
3570	171.646	221.162
3571	171.703	220.507
3572	171.76	220.507
3573	171.817	220.23
3574	171.873	220.221
3577	172.042	220.219
3579	172.157	220.218
3580	172.213	220.213
3583	172.384	220.146
3584	172.442	220.137
3585	172.498	220.136
3586	172.554	220.127
3587	172.611	220.127
3588	172.667	220.082
3589	172.725	220.047
3591	172.84	219.857
3594	173.011	219.75
3597	173.181	219.747
3598	173.237	219.738
3599	173.293	219.683
3600	173.351	219.488
3602	173.467	219.482
3604	173.581	219.482
3607	173.752	219.459
3608	173.81	219.4
3614	174.156	219.394
3617	174.33	219.39
3618	174.386	219.385
3619	174.443	219.369
3626	174.85	219.364
3630	175.081	219.166
3631	175.137	219.157
3634	175.31	217.561
3635	175.368	217.561
3636	175.425	217.556
3639	175.596	217.554
3641	175.71	214.838
3642	175.767	214.831
3644	175.881	214.831
3649	176.168	214.825
3650	176.224	212.146
3651	176.281	212.125
3657	176.627	211.976
3659	176.743	211.974
3664	177.028	211.973
3666	177.144	211.869
3667	177.202	211.853
3668	177.26	211.852
3670	177.378	211.852
3671	177.435	211.847
3672	177.491	211.783
3674	177.607	211.77
3678	177.834	211.757
3679	177.893	211.753
3680	177.95	211.75
3686	178.294	211.75
3689	178.465	211.738
3690	178.522	211.647
3694	178.751	211.64
3695	178.809	211.637
3698	178.983	211.637
3699	179.042	211.636
3700	179.101	211.576
3702	179.216	211.563
3703	179.273	211.561
3704	179.331	211.555
3707	179.505	211.555
3709	179.621	211.485
3710	179.678	211.482
3711	179.736	211.475
3713	179.852	210.998
3714	179.91	210.995
3716	180.026	210.99
3717	180.083	210.935
3718	180.141	210.907
3719	180.199	209.942
3721	180.313	209.94
3722	180.372	209.939
3723	180.501	209.594
3725	180.619	209.588
3726	180.677	209.491
3728	180.793	209.454
3729	180.851	209.427
3730	180.909	209.424
3731	180.967	207.193
3732	181.025	207.193
3735	181.201	207.169
3737	181.318	207.159
3741	181.549	207.155
3742	181.606	207.154
3743	181.663	207.063
3744	181.721	207.017
3745	181.778	206.996
3746	181.836	206.976
3747	181.894	206.976
3748	181.953	206.974
3750	182.069	206.966
3752	182.184	206.965
3753	182.24	206.956
3754	182.299	206.921
3755	182.358	206.794
3757	182.475	206.793
3758	182.533	206.776
3760	182.648	206.703
3761	182.706	206.701
3762	182.764	206.694
3763	182.821	206.694
3764	182.88	206.693
3765	182.938	206.481
3766	182.996	206.479
3768	183.111	206.081
3770	183.225	206.08
3772	183.344	206.076
3773	183.401	206.071
3774	183.46	206.064
3777	183.633	205.933
3778	183.692	205.88
3779	183.749	205.879
3780	183.808	205.879
3781	183.865	205.867
3782	183.924	205.827
3784	184.042	205.824
3785	184.099	205.818
3787	184.214	205.817
3789	184.329	205.816
3790	184.386	205.813
3791	184.444	205.812
3792	184.503	205.807
3793	184.561	205.718
3794	184.618	205.717
3796	184.735	205.704
3797	184.793	205.703
3798	184.852	205.701
3799	184.91	205.697
3800	184.967	205.681
3801	185.024	205.674
3802	185.082	205.115
3807	185.372	205.114
3810	185.551	205.113
3811	185.609	205.085
3812	185.667	205.085
3813	185.725	205.061
3817	185.957	205.055
3818	186.015	205.048
3819	186.073	205.045
3820	186.13	205.045
3821	186.187	205.033
3822	186.245	205.024
3823	186.303	205.002
3824	186.361	204.993
3825	186.419	204.897
3826	186.477	204.771
3827	186.535	204.771
3828	186.593	204.742
3829	186.651	204.733
3830	186.71	204.726
3831	186.767	204.69
3832	186.823	204.674
3833	186.881	204.672
3834	186.939	204.559
3835	186.995	204.508
3836	187.053	204.497
3838	187.165	204.405
3839	187.222	204.342
3840	187.279	204.339
3842	187.393	204.336
3843	187.449	204.312
3844	187.507	204.29
3845	187.564	204.284
3847	187.682	204.284
3849	187.798	204.28
3850	187.855	204.165
3852	187.975	204.151
3853	188.031	204.143
3856	188.203	204.022
3859	188.372	203.646
3861	188.485	203.638
3862	188.551	203.605
3863	188.612	203.598
3864	188.67	202.7
3865	188.728	202.7
3866	188.786	202.7
3868	188.902	202.699
3869	188.961	202.699
3871	189.076	202.353
3872	189.133	202.347
3874	189.249	202.339
3875	189.306	202.289
3876	189.363	202.238
3877	189.421	202.231
3878	189.479	202.224
3879	189.538	202.223
3880	189.595	202.217
3882	189.71	202.203
3883	189.768	202.077
3884	189.825	201.818
3885	189.887	201.789
3886	189.944	201.566
3890	190.175	200.261
3893	190.348	200.255
3894	190.405	200.252
3896	190.521	200.218
3898	190.638	198.673
3899	190.696	198.64
3901	190.811	198.568
3902	190.869	198.537
3903	190.926	198.537
3904	190.983	198.534
3905	191.041	197.077
3908	191.211	196.823
3909	191.267	196.818
3910	191.324	196.816
3911	191.382	196.727
3913	191.497	196.641
3914	191.554	196.64
3919	191.848	196.64
3923	192.083	196.615
3926	192.255	196.586
3927	192.312	196.581
3928	192.37	196.554
3929	192.428	196.539
3934	192.713	196.528
3935	192.769	196.484
3937	192.882	196.467
3939	192.996	195.018
3940	193.053	194.64
3941	193.111	194.639
3942	193.17	194.59
3945	193.41	194.387
3947	193.524	194.382
3948	193.582	194.356
3957	194.095	194.354
3958	194.153	194.352
3959	194.21	194.352
3963	194.439	194.349
3965	194.551	194.332
3966	194.61	194.33
3970	194.843	194.231
3971	194.9	194.228
3973	195.017	194.221
3974	195.076	193.391
3975	195.133	193.391
3976	195.192	193.386
3978	195.308	193.381
3979	195.365	193.376
3981	195.479	192.758
3983	195.594	192.757
3987	195.817	192.756
3989	195.927	192.746
3990	195.982	192.641
3997	196.383	192.376
3999	196.497	192.375
4000	196.553	192.375
4004	196.776	192.373
4006	196.887	192.343
4010	197.109	192.277
4011	197.166	192.267
4012	197.222	192.225
4014	197.335	192.216
4018	197.558	192.207
4019	197.614	192.199
4027	198.065	192.195
4029	198.176	192.167
4030	198.232	191.863
4034	198.459	191.856
4035	198.517	191.855
4039	198.746	191.747
4040	198.805	191.73
4043	198.977	191.73
4044	199.033	191.678
4047	199.204	191.678
4049	199.318	191.627
4051	199.433	191.624
4053	199.546	189.971
4057	199.773	189.926
4059	199.887	187.688
4063	200.113	187.383
4064	200.169	187.382
4066	200.281	186.816
4068	200.393	186.617
4071	200.562	185.34
4072	200.619	185.339
4073	200.677	185.328
4075	200.791	185.328
4080	201.073	185.294
4081	201.128	185.294
4083	201.24	185.162
4084	201.296	185.129
4085	201.352	185.126
4087	201.466	185.121
4088	201.523	185.119
4090	201.634	185.117
4091	201.691	185.116
4092	201.748	185.115
4094	201.86	185.089
4095	201.917	184.833
4096	201.975	184.83
4097	202.033	184.828
4099	202.146	184.816
4100	202.203	184.518
4101	202.261	184.512
4102	202.317	184.512
4103	202.375	184.511
4104	202.431	184.51
4105	202.487	184.31
4106	202.543	184.268
4107	202.599	184.253
4108	202.655	184.22
4111	202.824	184.22
4112	202.882	184.152
4113	202.939	184.144
4115	203.052	184.137
4116	203.109	184.137
4117	203.166	184.099
4118	203.223	184.069
4119	203.28	184.067
4122	203.45	184.024
4124	203.562	184.023
4125	203.618	183.966
4126	203.674	183.965
4127	203.73	183.965
4129	203.842	183.946
4130	203.898	183.944
4131	203.956	183.942
4132	204.011	183.936
4133	204.067	183.892
4134	204.124	183.89
4135	204.18	183.874
4136	204.236	183.859
4137	204.292	183.859
4139	204.404	183.835
4140	204.46	183.788
4142	204.571	183.781
4143	204.627	183.778
4144	204.684	183.777
4147	204.918	183.647
4148	204.975	183.645
4151	205.149	183.039
4152	205.204	183.039
4154	205.317	183.03
4155	205.373	183.03
4156	205.429	183.027
4157	205.486	183.017
4158	205.543	182.97
4159	205.599	182.969
4160	205.655	182.968
4161	205.712	182.91
4162	205.768	182.904
4164	205.881	182.902
4166	205.994	182.753
4167	206.051	182.752
4168	206.108	182.733
4169	206.164	182.728
4170	206.221	182.726
4171	206.276	182.717
4172	206.332	182.702
4173	206.389	182.701
4174	206.445	182.649
4175	206.501	182.647
4178	206.67	182.55
4179	206.726	182.549
4180	206.782	182.548
4181	206.838	182.547
4182	206.895	182.544
4183	206.951	182.522
4184	207.007	182.485
4185	207.063	182.439
4187	207.178	182.427
4189	207.292	182.424
4196	207.686	182.302
4199	207.856	181.997
4201	207.968	181.993
4202	208.026	181.99
4203	208.083	181.892
4204	208.14	180.974
4205	208.196	180.945
4206	208.252	180.943
4207	208.307	180.943
4211	208.531	178.86
4212	208.589	178.853
4215	208.758	178.807
4216	208.815	178.552
4220	209.04	178.545
4222	209.151	178.536
4223	209.207	178.526
4224	209.264	178.327
4226	209.378	178.164
4227	209.434	178.163
4228	209.491	177.153
4229	209.547	177.089
4230	209.603	176.817
4233	209.772	176.816
4234	209.829	176.816
4236	209.942	176.751
4238	210.055	175.597
4241	210.224	175.529
4242	210.279	175.517
4245	210.448	174.322
4248	210.617	172.945
4249	210.674	172.938
4250	210.731	172.936
4251	210.787	172.829
4253	210.899	172.778
4254	210.956	172.777
4257	211.124	172.776
4260	211.293	172.732
4262	211.407	172.675
4263	211.463	172.648
4267	211.69	172.647
4268	211.746	172.626
4269	211.803	172.607
4270	211.859	172.564
4271	211.915	172.143
4275	212.14	172.139
4279	212.365	171.589
4282	212.535	171.564
4285	212.706	171.562
4288	212.876	171.481
4294	213.214	171.428
4296	213.328	171.417
4297	213.384	171.416
4298	213.441	171.415
4299	213.497	171.394
4300	213.553	171.358
4305	213.838	170.977
4306	213.894	170.975
4307	213.951	170.974
4309	214.063	170.974
4310	214.119	170.861
4311	214.175	170.858
4313	214.288	170.621
4314	214.344	170.159
4315	214.4	170.157
4316	214.458	170.157
4318	214.571	170.156
4319	214.628	170.152
4321	214.74	169.806
4327	215.079	169.806
4329	215.192	169.771
4330	215.249	169.69
4336	215.588	169.688
4337	215.646	169.494
4339	215.76	169.494
4340	215.817	169.451
4346	216.166	169.315
4350	216.395	169.228
4351	216.452	169.222
4352	216.508	169.196
4354	216.623	169.195
4362	217.145	169.195
4364	217.259	168.882
4369	217.545	168.853
4370	217.602	168.737
4374	217.833	168.733
4381	218.236	168.719
4382	218.293	168.716
4383	218.351	168.716
4386	218.529	168.629
4387	218.587	168.628
4389	218.702	168.618
4391	218.818	168.6
4393	218.937	168.568
4397	219.173	168.533
4403	219.529	168.343
4406	219.702	168.242
4408	219.819	168.01
4409	219.877	167.984
4413	220.112	167.963
4415	220.228	167.96
4418	220.405	167.959
4420	220.519	167.803
4421	220.576	167.797
4422	220.634	167.796
4423	220.691	167.675
4424	220.748	167.633
4427	220.925	167.551
4428	220.983	167.549
4430	221.098	167.549
4431	221.156	167.544
4432	221.213	167.543
4433	221.269	167.54
4434	221.326	167.536
4435	221.383	167.416
4436	221.443	167.368
4438	221.561	167.366
4439	221.621	167.365
4440	221.688	167.308
4441	221.837	167.307
4442	221.905	167.306
4444	222.021	167.293
4445	222.079	167.15
4446	222.136	167.142
4447	222.194	167.13
4448	222.251	166.604
4452	222.485	166.597
4453	222.542	166.591
4456	222.714	166.59
4457	222.771	166.575
4458	222.828	166.573
4461	223	166.572
4462	223.057	166.559
4464	223.173	166.557
4465	223.23	166.493
4467	223.346	166.491
4468	223.403	166.478
4469	223.461	166.458
4471	223.576	166.458
4472	223.633	166.456
4473	223.691	166.453
4474	223.749	166.452
4475	223.808	166.23
4476	223.867	166.219
4477	223.927	166.219
4479	224.046	166.188
4480	224.105	166.174
4482	224.221	166.168
4483	224.279	166.162
4485	224.399	166.14
4486	224.46	166.11
4487	224.519	166.108
4490	224.704	166.107
4491	224.764	165.901
4492	224.824	165.9
4494	224.944	165.897
4496	225.061	165.87
4497	225.119	165.861
4498	225.177	165.859
4499	225.235	165.858
4500	225.299	165.858
4501	225.36	165.788
4502	225.419	165.788
4504	225.538	165.787
4505	225.598	165.742
4506	225.66	165.698
4508	225.78	165.684
4511	225.961	165.641
4512	226.021	165.627
4513	226.079	165.627
4515	226.196	165.574
4516	226.267	165.523
4518	226.405	165.459
4520	226.606	165.459
4521	226.666	165.457
4522	226.727	165.456
4523	226.789	165.447
4524	226.854	165.211
4525	226.919	165.208
4527	227.044	165.188
4529	227.168	165.188
4532	227.351	165.118
4536	227.588	165.039
4537	227.646	164.869
4538	227.703	164.864
4539	227.76	164.657
4542	227.937	164.654
4544	228.051	164.349
4545	228.111	164.349
4546	228.169	164.349
4547	228.226	164.342
4551	228.46	163.971
4554	228.633	163.967
4555	228.69	163.94
4556	228.748	163.852
4558	228.864	163.851
4559	228.92	163.844
4560	228.977	163.84
4562	229.094	163.834
4563	229.151	163.587
4564	229.207	163.44
4566	229.322	163.423
4567	229.379	163.421
4569	229.492	163.382
4570	229.549	163.125
4571	229.605	163.123
4573	229.718	163.123
4574	229.775	163.122
4576	229.889	163.076
4578	230.001	162.114
4581	230.173	162.076
4582	230.229	162.073
4583	230.286	162.073
4585	230.4	161.268
4587	230.514	161.243
4589	230.628	161.242
4591	230.741	160.586
4593	230.854	160.54
4597	231.081	160.475
4599	231.197	160.472
4602	231.366	160.432
4603	231.422	160.422
4604	231.478	160.421
4606	231.591	160.385
4607	231.647	160.384
4608	231.703	160.358
4609	231.76	160.328
4611	231.873	160.271
4613	231.985	160.264
4614	232.042	160.261
4615	232.099	160.26
4619	232.329	160.243
4621	232.442	160.24
4622	232.499	160.233
4624	232.614	160.226
4634	233.186	160.206
4636	233.303	160.2
4638	233.464	160.199
4639	233.553	160.141
4640	233.611	160.131
4644	233.842	160.126
4646	233.957	160.125
4648	234.071	160.124
4650	234.185	160.041
4651	234.241	160.039
4653	234.355	159.914
4654	234.412	159.073
4655	234.468	159.073
4661	234.809	158.913
4663	234.924	158.91
4666	235.094	158.908
4668	235.207	158.906
4669	235.264	158.867
4670	235.321	158.806
4676	235.675	158.802
4677	235.733	158.713
4680	235.904	158.311
4690	236.474	158.248
4691	236.53	158.23
4692	236.587	158.209
4694	236.701	158.206
4698	236.928	158.166
4700	237.042	158.166
4702	237.156	158.165
4705	237.326	158.165
4709	237.554	158.143
4714	237.842	158.141
4715	237.9	158.141
4721	238.242	158.129
4722	238.3	158.121
4723	238.357	158.121
4737	239.156	158.088
4740	239.329	158.005
4741	239.39	158.002
4743	239.51	157.724
4746	239.686	157.613
4748	239.8	157.601
4749	239.859	157.6
4750	239.919	157.596
4753	240.091	157.586
4755	240.206	157.584
4761	240.555	157.584
4762	240.615	157.583
4763	240.675	157.523
4764	240.733	157.499
4765	240.791	157.498
4766	240.848	157.496
4767	240.906	157.47
4768	240.963	157.468
4770	241.077	157.464
4771	241.134	157.461
4772	241.192	157.435
4773	241.249	157.43
4774	241.306	157.422
4775	241.363	157.353
4776	241.421	157.35
4777	241.478	157.349
4779	241.592	157.348
4780	241.657	157.175
4782	241.833	157.173
4784	241.948	157.172
4785	242.006	157.118
4786	242.064	157.117
4787	242.123	157.11
4788	242.183	156.489
4790	242.304	156.486
4792	242.469	156.481
4793	242.55	156.417
4797	242.781	156.379
4800	242.956	156.377
4801	243.014	156.134
4802	243.072	156.113
4804	243.187	156.111
4805	243.245	156.105
4806	243.302	156.103
4807	243.361	156.09
4809	243.477	156.073
4812	243.65	156.055
4813	243.708	156.053
4814	243.765	156.053
4816	243.882	156.043
4817	243.94	156.042
4818	243.997	156.038
4819	244.056	156.03
4820	244.115	156.016
4821	244.174	156.01
4822	244.235	156.008
4823	244.294	156.007
4825	244.41	156.001
4827	244.527	156.001
4830	244.703	155.999
4831	244.761	155.959
4832	244.82	155.959
4834	244.938	155.957
4837	245.111	155.951
4840	245.283	155.95
4841	245.341	155.914
4842	245.402	155.903
4845	245.582	155.901
4846	245.641	155.852
4848	245.758	155.845
4849	245.816	155.842
4851	245.932	155.838
4852	245.989	155.833
4856	246.219	155.825
4857	246.277	155.825
4858	246.334	155.749
4860	246.453	155.744
4862	246.57	155.743
4863	246.628	155.737
4864	246.686	155.701
4865	246.744	155.699
4867	246.859	155.685
4868	246.917	155.663
4870	247.033	155.66
4871	247.091	155.66
4872	247.149	155.652
4876	247.382	155.627
4878	247.501	155.606
4879	247.561	155.393
4882	247.736	155.392
4883	247.795	154.746
4884	247.855	154.556
4885	247.914	154.552
4887	248.03	154.531
4890	248.203	154.527
4891	248.261	154.372
4892	248.319	154.37
4893	248.377	154.369
4895	248.494	154.348
4897	248.611	154.345
4900	248.786	154.32
4902	248.903	154.314
4903	248.96	153.877
4904	249.018	153.761
4906	249.135	153.758
4907	249.194	153.756
4910	249.368	153.554
4914	249.6	153.552
4916	249.717	153.527
4918	249.833	152.848
4921	250.007	152.692
4922	250.064	152.691
4925	250.239	152.055
4930	250.529	152.055
4931	250.587	152.048
4933	250.702	151.927
4941	251.169	151.904
4943	251.284	151.876
4944	251.341	151.874
4945	251.399	151.873
4948	251.572	151.668
4949	251.631	151.634
4951	251.747	151.598
4954	251.923	151.588
4955	251.98	151.586
4960	252.269	151.487
4967	252.676	151.487
4975	253.144	151.45
4983	253.609	151.449
4986	253.782	151.448
4987	253.84	151.447
4990	254.014	151.392
4993	254.189	151.318
4994	254.247	151.106
5000	254.595	151.106
5001	254.653	150.956
5003	254.768	150.953
5007	255	150.953
5008	255.058	150.947
5009	255.116	150.916
5010	255.176	150.85
5016	255.527	150.845
5017	255.585	150.783
5019	255.7	150.781
5027	256.168	150.781
5030	256.339	150.773
5031	256.397	150.769
5036	256.686	150.766
5046	257.262	150.766
5049	257.437	150.757
5053	257.667	150.757
5060	258.07	150.753
5063	258.245	150.752
5073	258.819	150.209
5075	258.934	150.208
5079	259.164	150.178
5080	259.221	150.155
5081	259.279	150.154
5083	259.394	149.535
5084	259.451	149.534
5085	259.519	149.522
5086	259.579	149.51
5089	259.749	149.486
5090	259.805	149.484
5092	259.917	149.484
5095	260.086	149.478
5101	260.424	149.471
5103	260.536	149.434
5104	260.592	149.419
5107	260.761	149.419
5108	260.817	149.409
5110	260.93	149.405
5111	260.986	149.399
5112	261.042	149.394
5113	261.099	149.383
5114	261.155	149.382
5115	261.212	149.024
5117	261.325	149.019
5119	261.438	149.017
5120	261.494	148.997
5122	261.608	148.996
5123	261.664	148.996
5125	261.779	148.879
5126	261.836	148.877
5127	261.892	148.866
5128	261.949	148.522
5132	262.176	148.52
5133	262.233	148.5
5134	262.291	148.498
5136	262.404	148.498
5137	262.461	148.409
5138	262.518	148.363
5140	262.631	148.363
5141	262.687	148.356
5142	262.744	148.343
5143	262.801	148.342
5145	262.914	148.329
5147	263.027	148.263
5148	263.083	148.23
5149	263.14	148.21
5150	263.197	148.209
5152	263.311	148.202
5153	263.367	148.201
5154	263.424	148.198
5156	263.538	148.185
5158	263.652	148.185
5159	263.709	147.529
5162	263.882	147.525
5163	263.939	147.516
5165	264.053	147.391
5167	264.167	147.39
5169	264.281	147.39
5170	264.337	147.39
5171	264.394	147.375
5172	264.451	147.374
5174	264.565	147.371
5176	264.679	147.348
5177	264.736	147.342
5178	264.792	147.336
5180	264.906	147.333
5181	264.963	147.306
5182	265.02	147.299
5186	265.248	147.223
5188	265.362	147.214
5189	265.419	147.188
5191	265.534	147.163
5192	265.592	147.159
5195	265.763	147.158
5198	265.935	147.117
5200	266.051	147.113
5202	266.165	147.112
5203	266.222	147.11
5204	266.279	147.075
5205	266.336	147.069
5206	266.393	147.068
5207	266.45	147.064
5210	266.621	147.057
5211	266.678	147.057
5212	266.736	146.993
5213	266.793	146.992
5216	266.964	146.979
5219	267.135	146.83
5221	267.25	146.83
5222	267.307	146.829
5223	267.364	146.79
5224	267.421	146.384
5225	267.478	146.376
5227	267.657	146.355
5231	267.895	146.258
5232	267.952	146.254
5234	268.065	146.254
5235	268.123	146.214
5240	268.411	146.204
5243	268.582	146.199
5244	268.64	146.06
5246	268.755	146.057
5249	268.927	146.05
5253	269.156	146.05
5254	269.213	146.049
5256	269.327	146.043
5258	269.441	145.486
5259	269.498	145.469
5261	269.613	145.422
5262	269.67	145.418
5263	269.727	145.418
5265	269.842	144.721
5269	270.072	144.713
5271	270.186	144.707
5272	270.243	144.707
5273	270.3	144.685
5282	270.817	144.659
5283	270.875	144.637
5288	271.16	144.488
5289	271.218	144.46
5295	271.563	144.456
5296	271.62	144.442
5301	271.908	144.441
5302	271.965	144.431
5307	272.254	144.417
5310	272.428	144.413
5315	272.719	144.392
5317	272.834	144.39
5319	272.951	144.386
5330	273.584	144.356
5332	273.7	144.349
5333	273.758	144.251
5334	273.815	144.07
5335	273.873	144.07
5340	274.162	144.07
5341	274.219	144.011
5343	274.335	144.01
5344	274.393	144.002
5349	274.683	143.959
5350	274.743	143.909
5356	275.09	143.909
5357	275.148	143.789
5358	275.205	143.68
5362	275.436	143.679
5370	275.898	143.609
5371	275.956	143.609
5380	276.475	143.607
5389	276.999	143.605
5393	277.23	143.588
5403	277.808	143.588
5404	277.866	143.585
5409	278.154	143.105
5413	278.383	142.3
5423	278.962	141.847
5426	279.138	141.67
5427	279.196	141.666
5430	279.369	141.665
5433	279.542	141.663
5435	279.658	141.643
5438	279.832	141.643
5441	280.007	141.638
5443	280.124	141.584
5444	280.183	141.58
5446	280.299	141.579
5448	280.416	141.576
5450	280.531	141.553
5452	280.648	141.55
5454	280.764	141.497
5455	280.822	141.458
5456	280.881	141.456
5458	280.997	141.45
5459	281.055	141.448
5462	281.23	141.448
5465	281.405	141.364
5466	281.463	141.357
5467	281.52	141.349
5470	281.693	141.349
5472	281.809	141.301
5473	281.867	141.3
5477	282.1	141.293
5478	282.158	141.289
5480	282.282	141.289
5481	282.341	141.275
5482	282.399	141.264
5483	282.457	141.263
5485	282.574	141.263
5487	282.69	141.257
5490	282.863	141.253
5492	282.979	141.25
5493	283.037	141.249
5494	283.095	141.248
5496	283.211	141.239
5497	283.269	141.237
5498	283.327	141.234
5499	283.385	141.232
5500	283.446	141.232
5502	283.562	141.229
5503	283.62	141.225
5505	283.736	141.128
5506	283.794	141.042
5507	283.851	141.041
5510	284.026	141.041
5511	284.085	141.03
5512	284.143	141.029
5513	284.202	140.995
5514	284.26	140.993
5516	284.376	140.992
5517	284.434	140.988
5518	284.493	140.985
5520	284.608	140.984
5521	284.666	140.97
5522	284.724	140.966
5526	284.956	140.923
5528	285.072	140.92
5529	285.13	140.908
5530	285.189	140.897
5531	285.247	140.887
5533	285.363	140.887
5538	285.657	140.839
5540	285.773	140.835
5541	285.832	140.834
5542	285.89	140.834
5548	286.241	140.725
5552	286.475	140.721
5556	286.709	140.689
5559	286.884	140.544
5560	286.944	140.531
5562	287.06	140.531
5563	287.118	140.511
5564	287.176	140.47
5565	287.234	140.466
5567	287.35	140.46
5570	287.524	140.379
5571	287.582	140.144
5572	287.64	140.143
5575	287.816	140.117
5580	288.106	140.073
5582	288.221	140.066
5583	288.28	139.976
5584	288.338	139.887
5594	288.92	139.886
5598	289.154	139.431
5600	289.271	139.424
5601	289.329	138.692
5602	289.387	138.689
5603	289.445	138.688
5605	289.561	138.156
5609	289.795	138.153
5611	289.912	138.078
5613	290.032	138.007
5615	290.15	138.007
5622	290.557	137.889
5623	290.615	137.889
5624	290.673	137.87
5628	290.906	137.789
5629	290.965	137.771
5631	291.082	137.768
5637	291.432	137.763
5639	291.549	137.724
5641	291.665	137.723
5642	291.723	137.71
5650	292.189	137.677
5657	292.597	137.674
5670	293.336	137.661
5672	293.45	137.66
5673	293.507	137.595
5674	293.563	137.022
5676	293.677	137.021
5680	293.905	137.015
5683	294.079	137.014
5684	294.136	136.997
5689	294.421	136.965
5690	294.478	136.902
5696	294.819	136.901
5697	294.877	136.08
5702	295.163	136.079
5710	295.617	136.033
5712	295.731	136.031
5717	296.016	136.028
5726	296.534	136.028
5729	296.706	136.027
5733	296.935	136.014
5736	297.107	136.008
5741	297.395	136.003
5742	297.452	136.002
5743	297.509	136.002
5744	297.566	136.001
5752	298.027	135.987
5759	298.427	135.884
5763	298.659	135.601
5766	298.832	135.591
5768	298.949	135.466
5773	299.238	135.465
5775	299.354	135.454
5781	299.7	135.454
5783	299.817	135.423
5784	299.876	135.375
5785	299.934	135.372
5786	299.992	135.366
5788	300.107	135.366
5792	300.34	135.365
5793	300.398	135.363
5794	300.455	135.361
5795	300.513	135.324
5796	300.571	135.323
5798	300.687	135.271
5799	300.746	135.27
5800	300.806	135.243
5801	300.866	135.241
5802	300.924	135.239
5805	301.143	135.164
5806	301.201	135.162
5810	301.431	135.162
5812	301.548	135.141
5813	301.607	135.141
5816	301.784	135.139
5817	301.842	135.124
5818	301.902	135.077
5821	302.076	135.053
5822	302.134	135.049
5823	302.191	135.049
5824	302.25	135.049
5827	302.444	135.046
5830	302.627	135.042
5832	302.743	135.038
5834	302.859	135.038
5836	302.977	135.03
5837	303.036	135.029
5840	303.209	134.979
5841	303.268	134.959
5842	303.327	134.957
5843	303.384	134.942
5845	303.5	134.858
5846	303.559	134.857
5850	303.792	134.856
5851	303.85	134.847
5852	303.907	134.847
5853	303.966	134.845
5856	304.138	134.844
5857	304.197	134.842
5858	304.255	134.839
5859	304.313	134.836
5860	304.371	134.835
5866	304.73	134.796
5868	304.846	134.788
5869	304.904	134.759
5870	304.962	134.753
5871	305.021	134.536
5873	305.138	134.533
5878	305.432	134.523
5880	305.548	134.521
5883	305.724	134.52
5885	305.84	134.515
5892	306.247	134.513
5896	306.48	134.502
5899	306.654	134.369
5903	306.886	134.366
5904	306.943	134.351
5905	307.001	134.35
5906	307.058	134.35
5907	307.117	134.335
5910	307.291	134.329
5911	307.351	134.308
5915	307.585	134.266
5916	307.643	134.266
5917	307.701	134.26
5920	307.875	134.214
5924	308.107	134.124
5926	308.223	133.789
5931	308.515	133.663
5932	308.573	133.655
5936	308.804	133.63
5938	308.921	133.192
5939	308.979	133.184
5941	309.094	132.986
5942	309.152	132.985
5945	309.328	132.557
5949	309.563	132.557
5951	309.68	132.547
5953	309.796	132.504
5959	310.143	132.504
5962	310.318	132.412
5967	310.606	132.411
5968	310.664	132.34
5969	310.722	132.319
5975	311.072	132.317
5977	311.187	132.311
5981	311.419	132.311
5982	311.478	132.281
5987	311.769	132.213
6000	312.523	132.213
6001	312.582	132.213
6002	312.64	132.209
6009	313.047	132.209
6010	313.105	132.199
6013	313.278	132.151
6014	313.336	132.099
6015	313.394	132.098
6018	313.567	132.096
6024	313.92	132.091
6026	314.037	132.087
6029	314.211	132.061
6030	314.269	132.003
6033	314.443	131.982
6037	314.675	131.934
6048	315.314	131.933
6049	315.372	131.918
6050	315.431	131.903
6054	315.665	131.903
6057	315.838	131.897
6062	316.13	131.896
6063	316.188	131.889
6070	316.593	131.88
6081	317.232	131.872
6083	317.348	131.872
6084	317.406	131.869
6088	317.642	131.842
6099	318.284	131.823
6100	318.342	131.82
6103	318.519	131.133
6108	318.808	130.941
6110	318.924	130.938
6120	319.506	130.931
6121	319.564	130.93
6122	319.622	130.93
6123	319.68	130.909
6124	319.738	130.9
6125	319.796	130.898
6126	319.854	130.898
6130	320.088	130.89
6132	320.205	130.89
6135	320.38	130.855
6138	320.556	130.828
6141	320.731	130.826
6142	320.789	130.826
6143	320.847	130.826
6145	320.965	130.763
6152	321.374	130.754
6153	321.433	130.749
6156	321.607	130.747
6157	321.668	130.736
6158	321.727	130.705
6161	321.9	130.691
6162	321.959	130.677
6163	322.016	130.677
6164	322.075	130.641
6165	322.132	130.64
6166	322.19	130.639
6167	322.249	130.638
6169	322.366	130.613
6170	322.424	130.612
6172	322.541	130.603
6173	322.599	130.603
6176	322.777	130.574
6178	322.893	130.569
6179	322.951	130.568
6182	323.126	130.566
6183	323.183	130.55
6185	323.3	130.469
6186	323.358	130.465
6190	323.59	130.465
6191	323.648	130.461
6193	323.765	130.436
6194	323.824	130.435
6196	323.94	130.434
6197	323.999	130.431
6198	324.057	130.431
6200	324.173	130.43
6201	324.231	130.42
6202	324.289	130.42
6204	324.405	130.419
6205	324.463	130.376
6208	324.637	130.373
6209	324.695	130.363
6210	324.753	130.357
6211	324.812	130.292
6212	324.872	130.291
6218	325.214	130.271
6220	325.327	130.27
6222	325.44	130.27
6223	325.497	130.268
6227	325.724	130.265
6228	325.781	130.255
6231	325.954	130.255
6235	326.183	130.238
6236	326.302	130.208
6239	326.48	130.082
6241	326.594	130.073
6244	326.766	130.068
6245	326.824	130.067
6246	326.881	130.067
6247	326.94	130.015
6249	327.056	130.015
6251	327.171	129.999
6252	327.23	129.997
6255	327.402	129.989
6256	327.459	129.989
6258	327.573	129.988
6259	327.63	129.988
6260	327.688	129.982
6264	327.918	129.931
6266	328.033	129.92
6272	328.378	129.894
6273	328.435	129.884
6274	328.492	129.884
6278	328.724	129.495
6279	328.781	129.486
6281	328.894	129.354
6282	328.952	129.349
6285	329.127	129.028
6290	329.417	129.027
6291	329.474	129.018
6293	329.589	128.981
6302	330.108	128.901
6308	330.452	128.858
6309	330.51	128.843
6320	331.15	128.84
6327	331.555	128.689
6329	331.671	128.676
6342	332.42	128.671
6346	332.652	128.671
6349	332.826	128.656
6353	333.058	128.626
6355	333.176	128.626
6358	333.349	128.605
6368	333.931	128.605
6369	333.99	128.578
6370	334.05	128.533
6371	334.107	128.469
6377	334.453	128.415
6394	335.439	128.412
6409	336.311	128.408
6410	336.37	128.285
6414	336.601	128.283
6421	337.007	128.275
6423	337.125	128.275
6429	337.475	128.267
6439	338.059	128.216
6443	338.29	128.096
6444	338.349	128.095
6448	338.583	128.056
6450	338.699	128.053
6455	338.988	128.049
6460	339.279	128.034
6461	339.338	128.034
6463	339.456	128.019
6464	339.514	128.017
6465	339.573	128.017
6470	339.865	128.015
6472	339.982	128.013
6475	340.158	127.968
6476	340.216	127.966
6478	340.332	127.923
6479	340.39	127.918
6481	340.506	127.915
6482	340.564	127.915
6485	340.739	127.884
6486	340.797	127.88
6487	340.855	127.88
6492	341.144	127.859
6493	341.203	127.858
6495	341.319	127.855
6496	341.378	127.855
6497	341.436	127.838
6499	341.553	127.838
6500	341.611	127.838
6501	341.67	127.824
6502	341.728	127.817
6504	341.845	127.816
6505	341.904	127.813
6507	342.02	127.812
6509	342.137	127.8
6510	342.197	127.769
6512	342.314	127.768
6514	342.43	127.768
6516	342.546	127.759
6519	342.72	127.758
6520	342.78	127.757
6522	342.897	127.756
6523	342.956	127.754
6524	343.014	127.752
6525	343.072	127.687
6530	343.362	127.687
6531	343.42	127.68
6536	343.71	127.679
6537	343.768	127.67
6539	343.886	127.67
6544	344.177	127.669
6546	344.294	127.66
6548	344.413	127.656
6549	344.471	127.632
6550	344.531	127.632
6551	344.589	127.601
6552	344.647	127.581
6553	344.706	127.579
6555	344.822	127.542
6557	344.938	127.542
6558	344.996	127.509
6562	345.23	127.506
6563	345.289	127.504
6571	345.757	127.503
6576	346.047	127.503
6579	346.222	127.433
6581	346.338	127.431
6583	346.455	127.29
6593	347.042	127.277
6594	347.1	127.272
6595	347.158	127.256
6596	347.216	127.248
6600	347.451	127.243
6604	347.683	127.19
6606	347.799	127.164
6612	348.148	127.163
6613	348.206	127.162
6616	348.38	127.152
6618	348.496	126.827
6621	348.671	126.699
6622	348.731	126.698
6623	348.789	126.698
6625	348.905	126.436
6629	349.137	126.435
6631	349.253	126.432
6633	349.368	126.409
6635	349.485	126.408
6642	349.896	126.407
6644	350.013	126.405
6646	350.13	126.393
6647	350.188	126.392
6648	350.246	126.376
6649	350.304	126.358
6651	350.425	126.335
6654	350.602	126.322
6655	350.66	126.322
6667	351.457	126.248
6669	351.575	126.247
6673	351.81	126.247
6674	351.87	126.246
6675	351.928	126.233
6677	352.045	126.227
6681	352.279	126.227
6682	352.338	126.205
6690	352.808	126.183
6691	352.869	126.182
6693	352.988	126.16
6706	353.762	126.158
6709	353.939	126.154
6710	353.998	126.115
6717	354.405	126.1
6724	354.812	126.097
6727	354.989	126.089
6730	355.165	126.067
6732	355.283	126.021
6750	356.336	125.981
6752	356.453	125.98
6753	356.513	125.965
6754	356.572	125.955
6762	357.028	125.953
6763	357.086	125.952
6764	357.143	125.942
6781	358.119	125.941
6783	358.234	125.858
6784	358.293	125.857
6790	358.636	125.855
6794	358.865	125.851
6801	359.271	125.85
6802	359.329	125.85
6803	359.387	125.832
6805	359.502	125.832
6809	359.737	125.831
6811	359.852	125.83
6812	359.909	125.83
6813	359.967	125.827
6814	360.026	125.823
6815	360.083	125.813
6818	360.254	125.783
6819	360.312	125.779
6825	360.656	125.76
6826	360.714	125.758
6827	360.773	125.738
6832	361.065	125.726
6833	361.123	125.725
6835	361.238	125.715
6837	361.354	125.709
6841	361.662	125.696
6845	361.903	125.696
6847	362.02	125.696
6848	362.077	125.688
6850	362.191	125.665
6852	362.309	125.659
6854	362.428	125.658
6856	362.545	125.654
6860	362.783	125.645
6862	362.9	125.643
6863	362.959	125.637
6865	363.075	125.594
6866	363.134	125.587
6867	363.191	125.587
6870	363.364	125.586
6871	363.422	125.576
6874	363.596	125.576
6875	363.654	125.576
6876	363.712	125.576
6877	363.771	125.571
6879	363.888	125.569
6880	363.948	125.568
6884	364.18	125.568
6885	364.239	125.477
6887	364.355	125.477
6888	364.414	125.463
6889	364.474	125.451
6891	364.591	125.412
6892	364.649	125.404
6893	364.708	125.404
6897	364.941	125.383
6898	364.999	125.234
6900	365.116	125.234
6902	365.233	125.233
6903	365.291	125.218
6912	365.817	125.213
6915	365.991	125.175
6916	366.051	125.16
6919	366.228	125.092
6921	366.344	125.087
6926	366.636	125.086
6927	366.695	125.071
6930	366.871	125.05
6931	366.929	125.049
6935	367.161	125.025
6939	367.394	125.021
6942	367.57	125.021
6944	367.687	125
6945	367.746	124.99
6946	367.804	124.985
6952	368.15	124.974
6953	368.212	124.969
6958	368.513	124.698
6961	368.693	124.604
6965	368.926	124.521
6969	369.161	124.517
6970	369.221	124.513
6971	369.281	124.51
6974	369.454	124.49
6975	369.512	124.49
6977	369.628	124.487
6981	369.861	124.485
6982	369.919	124.463
6983	369.98	124.427
6984	370.038	124.427
6988	370.273	124.409
6989	370.331	124.393
6995	370.682	124.388
6996	370.741	124.384
7000	370.975	124.384
7001	371.034	124.383
7002	371.092	124.383
7007	371.382	124.319
7012	371.672	124.317
7014	371.789	124.316
7015	371.847	124.294
7017	371.963	124.29
7021	372.194	124.288
7022	372.252	124.279
7033	372.894	124.253
7039	373.308	124.253
7044	373.611	124.248
7045	373.669	124.243
7046	373.729	124.242
7049	373.905	124.23
7050	373.963	124.195
7057	374.374	124.154
7064	374.789	124.148
7072	375.256	124.123
7076	375.49	124.121
7090	376.31	124.111
7094	376.544	124.109
7105	377.192	124.108
7117	377.901	124.088
7119	378.017	124.005
7126	378.422	124.004
7130	378.655	124.002
7134	378.895	123.995
7141	379.305	123.994
7143	379.421	123.983
7145	379.537	123.983
7147	379.654	123.979
7149	379.773	123.979
7150	379.831	123.975
7152	379.947	123.974
7153	380.006	123.973
7154	380.063	123.955
7155	380.121	123.941
7158	380.294	123.9
7159	380.353	123.9
7160	380.413	123.884
7162	380.53	123.883
7165	380.706	123.878
7166	380.764	123.878
7167	380.822	123.786
7172	381.111	123.778
7173	381.169	123.777
7176	381.346	123.777
7177	381.406	123.775
7178	381.465	123.759
7181	381.639	123.754
7182	381.698	123.747
7183	381.757	123.747
7187	381.992	123.746
7189	382.111	123.744
7190	382.169	123.744
7194	382.402	123.744
7196	382.518	123.74
7199	382.697	123.738
7200	382.757	123.733
7201	382.817	123.732
7202	382.874	123.731
7203	382.933	123.727
7205	383.051	123.693
7206	383.109	123.69
7207	383.167	123.686
7208	383.226	123.68
7211	383.401	123.679
7213	383.526	123.676
7214	383.587	123.674
7217	383.836	123.67
7219	383.954	123.669
7220	384.012	123.668
7224	384.245	123.667
7228	384.479	123.667
7229	384.538	123.657
7231	384.653	123.625
7233	384.769	123.623
7234	384.828	123.579
7237	385.002	123.566
7238	385.061	123.533
7242	385.293	123.532
7243	385.351	123.521
7247	385.585	123.518
7252	385.879	123.441
7256	386.115	123.425
7259	386.29	123.346
7266	386.699	123.346
7267	386.758	123.339
7269	386.875	123.339
7275	387.224	123.328
7284	387.753	123.296
7286	387.87	123.295
7287	387.928	123.295
7292	388.223	123.288
7293	388.282	123.28
7294	388.34	123.28
7298	388.574	122.993
7301	388.747	122.906
7303	388.861	122.906
7305	388.975	122.816
7310	389.261	122.806
7311	389.318	122.803
7314	389.488	122.788
7324	390.056	122.788
7326	390.172	122.771
7327	390.229	122.77
7328	390.287	122.764
7329	390.344	122.742
7331	390.46	122.733
7337	390.802	122.733
7341	391.04	122.732
7342	391.101	122.693
7347	391.392	122.661
7349	391.511	122.653
7354	391.807	122.558
7355	391.864	122.548
7357	391.979	122.548
7362	392.266	122.546
7369	392.678	122.515
7371	392.795	122.513
7375	393.024	122.512
7377	393.14	122.51
7379	393.254	122.509
7380	393.311	122.508
7383	393.483	122.508
7389	393.829	122.492
7390	393.886	122.462
7412	395.16	122.451
7429	396.163	122.45
7434	396.458	122.437
7437	396.636	122.347
7443	396.997	122.347
7457	397.895	122.332
7459	398.011	122.328
7483	399.435	122.323
7484	399.496	122.314
7492	399.972	122.314
7493	400.033	122.314
7494	400.092	122.306
7498	400.331	122.278
7499	400.39	122.277
7500	400.449	122.264
7501	400.508	122.241
7503	400.625	122.241
7506	400.8	122.237
7512	401.155	122.235
7513	401.214	122.235
7515	401.333	122.153
7517	401.452	122.142
7518	401.512	122.136
7521	401.689	122.13
7522	401.748	122.123
7527	402.04	122.123
7528	402.1	122.101
7530	402.221	122.093
7534	402.463	122.092
7536	402.581	122.088
7537	402.64	122.087
7540	402.819	122.056
7541	402.879	122.05
7542	402.938	122.049
7543	402.997	122.047
7545	403.115	122.025
7548	403.297	122.019
7551	403.477	122.019
7553	403.596	122.011
7556	403.829	122.009
7557	403.888	122.004
7566	404.414	122.002
7569	404.59	121.991
7571	404.707	121.96
7572	404.766	121.953
7573	404.825	121.953
7575	404.941	121.941
7576	404.999	121.941
7577	405.057	121.94
7578	405.116	121.924
7580	405.234	121.922
7582	405.355	121.916
7583	405.414	121.914
7587	405.647	121.911
7588	405.706	121.86
7591	405.88	121.859
7593	405.997	121.848
7596	406.172	121.835
7599	406.347	121.783
7602	406.522	121.782
7604	406.642	121.771
7606	406.76	121.771
7610	406.994	121.762
7615	407.286	121.752
7618	407.462	121.752
7622	407.699	121.752
7624	407.815	121.73
7625	407.873	121.715
7627	407.989	121.715
7629	408.106	121.696
7632	408.281	121.692
7634	408.397	121.692
7638	408.629	121.48
7639	408.687	121.463
7641	408.803	121.413
7650	409.329	121.412
7651	409.39	121.41
7659	409.863	121.41
7662	410.038	121.408
7664	410.156	121.407
7666	410.271	121.407
7667	410.33	121.381
7669	410.451	121.367
7672	410.628	121.362
7675	410.806	121.36
7677	410.924	121.357
7681	411.16	121.357
7687	411.514	121.348
7694	411.928	121.309
7697	412.103	121.307
7702	412.394	121.307
7709	412.803	121.303
7710	412.861	121.121
7711	412.919	121.118
7715	413.154	121.118
7717	413.27	120.946
7720	413.447	120.941
7727	413.861	120.941
7729	413.978	120.857
7730	414.037	120.829
7736	414.393	120.829
7737	414.453	120.808
7746	415.058	120.805
7752	415.419	120.798
7754	415.538	120.797
7757	415.717	120.793
7770	416.491	120.778
7773	416.671	120.776
7774	416.732	120.775
7775	416.794	120.772
7782	417.213	120.769
7783	417.273	120.769
7784	417.333	120.762
7785	417.394	120.758
7787	417.513	120.758
7799	418.234	120.753
7800	418.295	120.752
7805	418.594	120.717
7814	419.126	120.716
7815	419.185	120.705
7819	419.419	120.703
7822	419.596	120.703
7823	419.657	120.694
7824	419.717	120.626
7826	419.835	120.622
7832	420.188	120.622
7833	420.246	120.619
7834	420.304	120.595
7835	420.364	120.561
7838	420.56	120.544
7839	420.634	120.543
7841	420.751	120.541
7843	420.867	120.54
7846	421.046	120.538
7850	421.284	120.537
7851	421.344	120.537
7852	421.403	120.531
7853	421.463	120.531
7856	421.64	120.53
7857	421.698	120.529
7858	421.755	120.492
7860	421.871	120.491
7861	421.929	120.487
7862	421.987	120.475
7864	422.101	120.475
7867	422.275	120.474
7869	422.39	120.473
7870	422.448	120.473
7871	422.505	120.472
7872	422.562	120.472
7874	422.679	120.471
7876	422.797	120.464
7877	422.856	120.463
7879	422.972	120.461
7880	423.03	120.451
7881	423.087	120.451
7883	423.206	120.45
7885	423.325	120.421
7886	423.382	120.414
7887	423.44	120.413
7888	423.497	120.412
7890	423.612	120.411
7891	423.669	120.411
7894	423.845	120.41
7897	424.019	120.405
7899	424.135	120.404
7904	424.423	120.404
7905	424.482	120.39
7907	424.6	120.389
7909	424.716	120.326
7910	424.775	120.326
7911	424.835	120.308
7913	424.953	120.307
7916	425.13	120.293
7917	425.188	120.284
7918	425.247	120.269
7920	425.365	120.268
7922	425.483	120.265
7923	425.542	120.265
7927	425.775	120.264
7928	425.833	120.043
7931	426.011	120.043
7936	426.306	120.021
7939	426.482	119.97
7940	426.543	119.961
7945	426.84	119.955
7946	426.9	119.955
7949	427.078	119.954
7953	427.322	119.949
7955	427.499	119.942
7961	427.864	119.942
7962	427.924	119.909
7964	428.043	119.9
7965	428.102	119.895
7969	428.338	119.879
7972	428.517	119.864
7974	428.635	119.863
7978	428.876	119.633
7979	428.937	119.577
7981	429.057	119.523
7982	429.119	119.523
7991	429.665	119.521
8000	430.2	119.521
8007	430.611	119.389
8009	430.726	119.364
8012	430.905	119.332
8014	431.023	119.3
8015	431.082	119.298
8021	431.434	119.298
8027	431.794	119.177
8030	431.971	119.165
8034	432.21	119.164
8035	432.269	119.151
8037	432.385	119.147
8042	432.682	119.145
8043	432.741	119.145
8046	432.918	119.145
8050	433.157	119.074
8051	433.215	119.073
8053	433.333	119.056
8057	433.571	119.002
8058	433.632	118.981
8064	433.989	118.969
8069	434.283	118.951
8070	434.341	118.925
8074	434.578	118.924
8076	434.698	118.924
8077	434.758	118.92
8078	434.817	118.862
8084	435.174	118.858
8086	435.296	118.851
8091	435.597	118.85
8092	435.656	118.843
8102	436.343	118.843
8109	436.76	118.837
8113	436.997	118.836
8114	437.056	118.829
8116	437.174	118.821
8124	437.653	118.82
8145	438.906	118.806
8149	439.143	118.788
8155	439.5	118.777
8159	439.738	118.775
8161	439.857	118.775
8162	439.917	118.775
8163	439.975	118.773
8165	440.095	118.773
8166	440.155	118.771
8170	440.39	118.764
8171	440.449	118.763
8173	440.564	118.76
8174	440.624	118.757
8175	440.682	118.752
8178	440.859	118.729
8179	440.921	118.728
8181	441.04	118.725
8182	441.102	118.725
8187	441.401	118.718
8193	441.764	118.718
8197	442.002	118.717
8198	442.062	118.667
8200	442.18	118.667
8203	442.362	118.666
8204	442.423	118.662
8207	442.603	118.661
8209	442.726	118.65
8210	442.789	118.646
8211	442.849	118.645
8212	442.909	118.643
8216	443.148	118.64
8217	443.208	118.64
8220	443.388	118.635
8223	443.566	118.634
8225	443.742	118.616
8226	443.801	118.615
8230	444.033	118.615
8231	444.092	118.611
8233	444.212	118.602
8234	444.274	118.601
8237	444.457	118.598
8238	444.52	118.596
8239	444.582	118.596
8245	444.939	118.59
8248	445.117	118.59
8249	445.176	118.581
8251	445.293	118.567
8253	445.41	118.567
8257	445.644	118.566
8258	445.702	118.555
8260	445.82	118.555
8262	445.938	118.553
8267	446.235	118.551
8268	446.295	118.5
8271	446.472	118.5
8276	446.769	118.481
8279	446.945	118.418
8283	447.183	118.418
8284	447.242	118.415
8285	447.302	118.415
8286	447.36	118.415
8289	447.538	118.413
8290	447.597	118.412
8292	447.716	118.412
8295	447.894	118.408
8297	448.013	118.405
8299	448.132	118.405
8301	448.25	118.405
8302	448.308	118.397
8304	448.427	118.373
8314	449.021	118.37
8318	449.258	118.164
8319	449.317	118.158
8320	449.378	118.158
8321	449.437	118.113
8329	449.912	118.113
8330	449.972	118.113
8331	450.032	118.111
8332	450.092	118.111
8333	450.151	118.107
8334	450.211	118.107
8338	450.448	118.105
8344	450.804	118.105
8346	450.92	118.101
8347	450.979	118.096
8349	451.099	118.082
8352	451.278	118.047
8354	451.397	118.039
8355	451.457	118.037
8367	452.236	118.02
8377	452.844	118.017
8382	453.14	118.017
8384	453.26	118.015
8390	453.615	117.968
8391	453.674	117.961
8397	454.022	117.922
8409	454.717	117.82
8410	454.775	117.799
8414	455.008	117.798
8426	455.704	117.79
8431	455.994	117.789
8449	457.047	117.788
8453	457.281	117.775
8454	457.339	117.773
8457	457.513	117.769
8462	457.807	117.767
8464	457.923	117.766
8468	458.157	117.765
8486	459.218	117.763
8488	459.335	117.762
8493	459.628	117.759
8495	459.745	117.747
8499	459.981	117.747
8500	460.039	117.747
8501	460.096	117.746
8502	460.154	117.746
8506	460.388	117.745
8510	460.623	117.745
8511	460.683	117.744
8512	460.741	117.744
8513	460.799	117.743
8518	461.09	117.725
8519	461.148	117.724
8521	461.265	117.72
8522	461.323	117.719
8525	461.497	117.719
8526	461.556	117.719
8531	461.848	117.716
8532	461.91	117.71
8538	462.278	117.691
8539	462.336	117.691
8543	462.569	117.69
8544	462.628	117.677
8547	462.803	117.676
8549	462.919	117.671
8550	462.977	117.669
8551	463.036	117.668
8552	463.095	117.664
8556	463.328	117.656
8560	463.563	117.649
8561	463.621	117.644
8563	463.738	117.635
8565	463.856	117.621
8570	464.223	117.621
8571	464.282	117.619
8574	464.456	117.618
8576	464.573	117.616
8577	464.632	117.611
8579	464.749	117.611
8581	464.865	117.607
8587	465.228	117.607
8588	465.288	117.555
8589	465.346	117.549
8590	465.404	117.547
8591	465.463	117.537
8593	465.582	117.537
8597	465.817	117.532
8598	465.877	117.516
8600	465.993	117.516
8601	466.052	117.515
8602	466.111	117.514
8604	466.229	117.511
8607	466.41	117.51
8608	466.469	117.474
8610	466.587	117.472
8616	466.939	117.459
8619	467.115	117.411
8624	467.408	117.408
8626	467.527	117.408
8627	467.586	117.407
8632	467.882	117.403
8635	468.058	117.396
8639	468.297	117.396
8641	468.426	117.394
8642	468.488	117.385
8644	468.606	117.297
8646	468.726	117.295
8648	468.844	117.284
8649	468.902	117.283
8652	469.08	117.277
8653	469.139	117.276
8654	469.2	117.271
8658	469.435	117.109
8659	469.497	117.085
8661	469.617	117.037
8663	469.735	117.037
8666	469.91	117.035
8670	470.145	116.974
8671	470.204	116.974
8678	470.615	116.974
8683	470.913	116.973
8684	470.973	116.966
8687	471.151	116.963
8689	471.27	116.951
8692	471.448	116.93
8707	472.332	116.925
8710	472.507	116.917
8714	472.744	116.917
8717	472.924	116.911
8722	473.218	116.911
8730	473.686	116.885
8731	473.744	116.883
8737	474.097	116.833
8749	474.806	116.805
8750	474.865	116.786
8757	475.285	116.783
8763	475.641	116.781
8766	475.817	116.78
8794	477.478	116.777
8812	478.541	116.769
8825	479.306	116.756
8830	479.602	116.752
8833	479.779	116.75
8835	479.896	116.747
8852	480.967	116.747
8855	481.144	116.742
8858	481.321	116.734
8859	481.379	116.733
8860	481.438	116.723
8861	481.496	116.72
8865	481.736	116.711
8871	482.089	116.71
8874	482.266	116.704
8877	482.442	116.704
8878	482.5	116.703
8879	482.559	116.701
8883	482.792	116.701
8884	482.851	116.696
8886	482.971	116.693
8887	483.03	116.692
8889	483.149	116.687
8890	483.207	116.683
8891	483.265	116.681
8894	483.444	116.68
8896	483.562	116.676
8903	483.976	116.666
8905	484.094	116.657
8907	484.212	116.657
8908	484.271	116.655
8910	484.392	116.654
8911	484.452	116.65
8913	484.57	116.646
8914	484.631	116.644
8916	484.748	116.641
8917	484.808	116.64
8919	484.925	116.639
8920	484.984	116.639
8921	485.043	116.634
8925	485.277	116.631
8928	485.455	116.613
8929	485.514	116.608
8931	485.631	116.597
8933	485.747	116.597
8935	485.864	116.59
8938	486.04	116.571
8940	486.159	116.571
8942	486.275	116.57
8944	486.389	116.565
8947	486.564	116.563
8948	486.623	116.554
8952	486.858	116.554
8956	487.09	116.548
8959	487.264	116.509
8961	487.381	116.507
8964	487.555	116.501
8966	487.67	116.501
8972	488.018	116.501
8974	488.138	116.5
8975	488.196	116.493
8976	488.254	116.485
8978	488.371	116.484
8979	488.429	116.473
8982	488.603	116.468
8984	488.718	116.433
8986	488.833	116.43
8989	489.007	116.309
8991	489.126	116.308
8992	489.186	116.109
8998	489.537	115.969
9000	489.654	115.969
9001	489.713	115.933
9003	489.831	115.933
9009	490.184	115.933
9010	490.246	115.932
9011	490.305	115.929
9014	490.479	115.927
9024	491.067	115.92
9029	491.358	115.908
9032	491.535	115.908
9035	491.71	115.907
9041	492.063	115.904
9042	492.121	115.9
9052	492.71	115.898
9054	492.829	115.868
9055	492.889	115.851
9064	493.418	115.847
9065	493.477	115.807
9066	493.536	115.806
9070	493.77	115.724
9071	493.828	115.72
9077	494.181	115.512
9079	494.296	115.511
9081	494.415	115.441
9089	494.893	115.404
9090	494.952	115.382
9093	495.128	115.38
9096	495.305	115.377
9109	496.067	115.37
9110	496.125	115.363
9112	496.243	115.359
9119	496.657	115.342
9122	496.841	115.341
9123	496.902	115.34
9124	496.962	115.322
9128	497.198	115.313
9132	497.435	115.306
9137	497.737	115.248
9143	498.147	115.248
9144	498.205	115.245
9146	498.325	115.228
9155	498.858	115.228
9160	499.155	115.207
9161	499.214	115.207
9168	499.63	115.205
9173	499.926	115.199
9175	500.044	115.194
9178	500.22	115.193
9184	500.576	115.182
9185	500.636	115.182
9187	500.755	115.181
9188	500.814	115.176
9189	500.875	115.176
9191	500.994	115.175
9193	501.113	115.132
9194	501.174	115.127
9196	501.294	115.126
9198	501.41	115.116
9207	501.941	115.113
9210	502.119	115.113
9211	502.177	115.112
9214	502.354	115.107
9215	502.412	115.106
9216	502.473	115.105
9217	502.532	115.102
9218	502.591	115.063
9220	502.71	115.063
9222	502.829	115.063
9224	502.947	115.06
9227	503.124	115.06
9230	503.303	115.045
9231	503.364	115.045
9232	503.424	115.044
9234	503.542	115.044
9237	503.72	115.038
9238	503.779	115.038
9241	503.956	115.037
9242	504.014	114.895
9245	504.189	114.884
9246	504.25	114.871
9247	504.309	114.871
9250	504.486	114.87
9251	504.544	114.86
9254	504.72	114.86
9256	504.839	114.855
9257	504.899	114.854
9259	505.017	114.853
9261	505.134	114.851
9262	505.195	114.85
9264	505.315	114.85
9268	505.555	114.74
9269	505.615	114.733
9270	505.673	114.73
9273	505.851	114.73
9275	505.97	114.724
9278	506.147	114.709
9280	506.265	114.709
9282	506.381	114.707
9285	506.556	114.707
9287	506.674	114.706
9288	506.733	114.69
9290	506.85	114.688
9296	507.204	114.682
9299	507.382	114.628
9302	507.561	114.628
9303	507.62	114.622
9305	507.739	114.622
9307	507.858	114.618
9310	508.035	114.617
9312	508.152	114.61
9313	508.212	114.606
9314	508.272	114.6
9318	508.507	114.6
9319	508.567	114.599
9320	508.627	114.598
9322	508.744	114.594
9324	508.862	114.578
9326	508.979	114.575
9329	509.155	114.56
9331	509.273	114.56
9332	509.332	114.559
9333	509.392	114.558
9334	509.45	114.558
9338	509.686	114.456
9339	509.745	114.452
9341	509.866	114.436
9342	509.925	114.435
9347	510.222	114.409
9350	510.401	114.407
9351	510.461	114.401
9353	510.578	114.392
9354	510.637	114.391
9357	510.816	114.383
9359	510.936	114.381
9364	511.232	114.379
9369	511.539	114.374
9370	511.599	113.878
9379	512.146	113.871
9381	512.266	113.869
9387	512.623	113.868
9392	512.958	113.868
9397	513.252	113.867
9406	513.782	113.865
9411	514.077	113.864
9413	514.197	113.81
9414	514.257	113.714
9415	514.315	113.713
9420	514.607	113.708
9429	515.133	113.674
9430	515.192	113.656
9433	515.367	113.651
9436	515.543	113.65
9437	515.601	113.642
9441	515.834	113.641
9443	515.953	113.634
9444	516.014	113.634
9448	516.248	113.634
9450	516.369	113.632
9453	516.549	113.628
9454	516.61	113.627
9459	516.907	113.023
9480	518.141	113.02
9483	518.316	113.02
9497	519.124	113.019
9499	519.239	113.018
9500	519.297	113.018
9505	519.59	113.007
9506	519.648	113.002
9510	519.882	113.001
9513	520.059	113
9518	520.349	112.998
9519	520.407	112.997
9523	520.639	112.986
9525	520.758	112.986
9527	520.875	112.986
9531	521.107	112.985
9533	521.224	112.983
9534	521.282	112.97
9538	521.514	112.96
9551	522.277	112.96
9554	522.452	112.956
9555	522.51	112.952
9556	522.568	112.952
9557	522.626	112.952
9558	522.686	112.918
9559	522.746	112.916
9561	522.866	112.847
9564	523.043	112.835
9565	523.101	112.833
9567	523.218	112.832
9569	523.337	112.832
9570	523.397	112.831
9572	523.514	112.823
9576	523.749	112.822
9580	523.984	112.817
9582	524.102	112.815
9586	524.337	112.812
9587	524.398	112.811
9588	524.456	112.81
9590	524.573	112.81
9591	524.631	112.808
9593	524.748	112.804
9594	524.806	112.804
9596	524.924	112.802
9597	524.982	112.8
9600	525.16	112.8
9604	525.395	112.799
9608	525.63	112.798
9611	525.804	112.781
9618	526.213	112.768
9622	526.448	112.768
9625	526.626	112.767
9628	526.803	112.752
9636	527.341	112.75
9637	527.399	112.747
9639	527.516	112.687
9643	527.75	112.658
9644	527.809	112.649
9647	527.983	112.646
9650	528.157	112.635
9651	528.217	112.614
9652	528.275	112.612
9653	528.334	112.609
9654	528.392	112.608
9655	528.45	112.505
9658	528.626	112.504
9659	528.686	112.503
9662	528.861	112.499
9664	528.978	112.477
9668	529.211	112.475
9669	529.271	112.445
9673	529.51	112.444
9678	529.803	112.289
9681	529.978	112.275
9687	530.327	112.251
9691	530.561	112.25
9693	530.678	112.242
9699	531.028	112.242
9704	531.321	112.241
9706	531.438	112.24
9707	531.496	112.237
9709	531.616	112.231
9712	531.791	112.212
9720	532.265	112.186
9721	532.323	112.184
9737	533.264	112.181
9739	533.381	112.177
9744	533.676	112.177
9750	534.035	112.171
9753	534.211	112.161
9754	534.27	112.058
9761	534.681	112.031
9769	535.151	112.023
9770	535.209	112.005
9774	535.445	112.004
9776	535.565	112.002
9781	535.861	112.001
9782	535.924	112
9783	535.983	111.995
9784	536.043	111.994
9786	536.159	111.992
9794	536.634	111.991
9796	536.753	111.987
9799	536.931	111.984
9814	537.809	111.984
9820	538.161	111.984
9821	538.221	111.975
9823	538.337	111.975
9845	539.635	111.961
9850	539.931	111.958
9853	540.108	111.956
9859	540.466	111.955
9860	540.525	111.95
9861	540.584	111.95
9863	540.702	111.942
9865	540.82	111.942
9874	541.354	111.937
9877	541.531	111.935
9878	541.59	111.928
9882	541.827	111.927
9889	542.245	111.926
9892	542.421	111.925
9898	542.783	111.905
9899	542.843	111.905
9901	542.961	111.894
9902	543.021	111.876
9903	543.081	111.876
9904	543.14	111.768
9907	543.318	111.767
9910	543.495	111.766
9912	543.613	111.764
9914	543.731	111.764
9916	543.898	111.764
9917	543.962	111.763
9922	544.258	111.761
9927	544.553	111.76
9930	544.732	111.76
9934	544.967	111.76
9936	545.086	111.758
9937	545.145	111.757
9941	545.383	111.756
9948	545.798	111.755
9949	545.858	111.753
9952	546.036	111.747
9953	546.096	111.747
9955	546.214	111.74
9958	546.393	111.733
9960	546.511	111.733
9962	546.63	111.733
9968	546.99	111.711
9970	547.11	111.709
9974	547.349	111.709
9979	547.646	111.682
9983	547.884	111.637
9984	547.943	111.631
9987	548.119	111.628
9990	548.297	111.619
9991	548.357	111.582
9995	548.596	111.542
9997	548.716	111.541
9998	548.774	111.541
9999	548.833	111.538
10000	548.893	111.538
# FIN	548.893	111.538

