# target=instancias/starrynight.png T=340 iters=10000 K=32 seed=auto
iter	segundos	MSE
0	0.00606085	6686.95
1	0.0332678	6676.29
2	0.0571677	6666.28
3	0.0814538	6658.87
4	0.105403	6658.59
5	0.129347	6645.29
6	0.153281	6615.34
7	0.178102	6586.3
8	0.202341	6585.77
9	0.226407	6569.12
10	0.25036	6533.41
11	0.274731	6530.88
12	0.298901	6453.28
13	0.322935	6439.87
14	0.347078	6439.28
15	0.371465	6352.06
16	0.395745	6304.68
17	0.419928	6297.75
18	0.44494	6282.12
19	0.470639	6267.13
20	0.495567	6257.98
21	0.52049	6257.26
22	0.545517	6231.73
23	0.569948	6218.68
24	0.594913	6218.25
25	0.619751	6145.48
26	0.644391	6126.77
27	0.669585	6113.46
28	0.694842	6100.84
29	0.719888	6100.75
30	0.745435	6100.72
31	0.770603	6100.66
32	0.795234	6098.31
33	0.819809	6097.9
34	0.844496	6066.93
35	0.869183	6066.53
36	0.893859	6036.47
37	0.918583	6017.07
38	0.94342	6017.05
39	0.96833	5979.63
40	0.993399	5958.61
41	1.01867	5947.26
42	1.04483	5946.23
43	1.07068	5839.59
44	1.09602	5832.73
45	1.12099	5824.46
46	1.14667	5794.17
47	1.17519	5786.7
48	1.20168	5756.47
49	1.22721	5754.27
50	1.25241	5748.8
51	1.27828	5739.27
52	1.30414	5668.35
53	1.33019	5619.86
54	1.35544	5615.11
55	1.38068	5574.36
56	1.4068	5556.25
57	1.43223	5537.71
58	1.45772	5526.54
59	1.48318	5524.64
60	1.50934	5493.14
61	1.53491	5480.97
62	1.56037	5454.81
63	1.58579	5454.35
64	1.61167	5419.94
65	1.63728	5419.84
66	1.6632	5412.59
67	1.68908	5355.06
68	1.71448	5349.78
69	1.74058	5333.12
70	1.7673	5332.3
71	1.79425	5312.6
72	1.82018	5289.61
73	1.84566	5283.08
74	1.87125	5280.46
75	1.89701	5247.01
76	1.92276	5246.48
77	1.94895	5233.12
78	1.97544	5218.39
79	2.00144	5218.35
80	2.02856	5215.98
81	2.05486	5215.22
82	2.08104	5213.7
83	2.1071	5213.64
84	2.13314	5190.46
85	2.15983	5186.92
86	2.1859	5176.82
87	2.21248	5169.49
88	2.24238	5155.66
89	2.2706	5151.82
90	2.30191	5145.96
91	2.32986	5091.68
92	2.35613	5044.92
93	2.38262	5044.87
94	2.40881	5042.73
95	2.43503	5036.88
96	2.46231	4973.57
97	2.48946	4973.28
98	2.51654	4966.11
99	2.54329	4965.98
100	2.56941	4955.33
101	2.59584	4949.26
102	2.62256	4942.74
103	2.64963	4942.31
104	2.67603	4916.13
105	2.70243	4883.39
106	2.72939	4879.03
107	2.7563	4859.14
108	2.78281	4857.3
109	2.80947	4835
110	2.83606	4828
111	2.86246	4825.55
112	2.89	4822.98
113	2.91679	4822.93
114	2.94353	4804.85
115	2.96999	4793.79
116	2.99659	4774.7
117	3.02437	4761.46
118	3.05171	4755.37
119	3.07899	4748.32
120	3.1071	4670.36
121	3.13542	4659.98
122	3.16298	4658.11
123	3.1898	4655.41
124	3.21733	4648.56
125	3.24486	4647.95
126	3.27333	4644.23
127	3.30097	4582.89
128	3.33076	4566.54
129	3.3594	4566.37
130	3.388	4526.91
131	3.41545	4522.82
132	3.44335	4519.5
133	3.4708	4510.15
134	3.49873	4500
135	3.5286	4499.83
136	3.55608	4481.14
137	3.58385	4464.99
138	3.61218	4427.73
139	3.66992	4419.92
140	3.71988	4374.01
141	3.75565	4373.41
142	3.78377	4333.39
143	3.81145	4332.69
144	3.83884	4316.17
145	3.86638	4313
146	3.89467	4305.65
147	3.92317	4300.36
148	3.95289	4250.57
149	3.98158	4250.17
150	4.01042	4239.04
151	4.03871	4235.18
152	4.06661	4233.29
153	4.09496	4229.43
154	4.12363	4212.03
155	4.15251	4210.17
156	4.18163	4204.25
157	4.21055	4183.7
158	4.2383	4178.81
159	4.26656	4174.36
160	4.29468	4170.96
161	4.32333	4164.33
162	4.35144	4160.68
163	4.37969	4134.62
164	4.4081	4113.21
165	4.43637	4111.99
166	4.46441	4111.9
167	4.49287	4099.82
168	4.52127	4093.96
169	4.54956	4093.64
170	4.57898	4093.48
171	4.60806	4093.44
172	4.63629	4092.22
173	4.66433	4092.12
174	4.69223	4082.71
175	4.72111	4076.63
176	4.74926	4054.75
177	4.77714	4054.33
178	4.80515	4038.97
179	4.83318	4027.4
180	4.86135	4026.59
181	4.89041	4016.6
182	4.91858	3995.61
183	4.94666	3970.59
184	4.97508	3958.73
185	5.00341	3953.53
186	5.0324	3938.99
187	5.06081	3934.38
188	5.08925	3919.01
189	5.11757	3918.97
190	5.14606	3916.23
191	5.17438	3907.6
192	5.20334	3873.81
193	5.23168	3866.54
194	5.2602	3848.48
195	5.28904	3835.73
196	5.31782	3815.33
197	5.34748	3815.08
198	5.37663	3765.08
199	5.40516	3764.64
200	5.43423	3750.09
201	5.46386	3736.06
202	5.49296	3725.36
203	5.52402	3688.29
204	5.55402	3682.14
205	5.58392	3681.98
206	5.61301	3681.78
207	5.64227	3681.37
208	5.67142	3676.23
209	5.70081	3671.63
210	5.72995	3650.4
211	5.75949	3647.94
212	5.78912	3647.58
213	5.81838	3647.26
214	5.84753	3623.25
215	5.87648	3611.78
216	5.90605	3599.53
217	5.93505	3598.9
218	5.96415	3598.2
219	5.99379	3597.64
220	6.0241	3586.05
221	6.05377	3585.4
222	6.08362	3552.36
223	6.11372	3552.31
224	6.14307	3550.23
225	6.17287	3528.41
226	6.20179	3525
227	6.2309	3524.58
228	6.25985	3524.01
229	6.28913	3523.86
230	6.31976	3516.91
231	6.34896	3511.68
232	6.37853	3507.23
233	6.40803	3500.31
234	6.4371	3497.65
235	6.46649	3492.18
236	6.49579	3491.68
237	6.52626	3395.43
238	6.55652	3389.25
239	6.58623	3378.84
240	6.61555	3354.17
241	6.64496	3319.16
242	6.67432	3295.57
243	6.70396	3293.04
244	6.73342	3280.75
245	6.76299	3238.04
246	6.79262	3227.43
247	6.82221	3187.64
248	6.85213	3187.43
249	6.88216	3175.52
250	6.91279	3162.12
251	6.9437	3162.11
252	6.97338	3161.28
253	7.00372	3159.64
254	7.03419	3156.92
255	7.06438	3156.78
256	7.0941	3149.81
257	7.1241	3147.86
258	7.15385	3147.78
259	7.18414	3137.57
260	7.21503	3137.35
261	7.245	3136.74
262	7.27476	3109.75
263	7.30484	3100.21
264	7.33486	3087.38
265	7.36539	3087.25
266	7.39504	3086.67
267	7.42458	3062.91
268	7.45435	3057.28
269	7.48509	3050.79
270	7.51537	3041.21
271	7.54522	3033.41
272	7.57494	3015.15
273	7.6049	3014.22
274	7.63641	3014.04
275	7.66637	3013.03
276	7.6972	3012.04
277	7.729	3010.06
278	7.75973	3009.22
279	7.78948	3008.3
280	7.81967	3007.46
281	7.84966	3007.02
282	7.88094	2980.92
283	7.91224	2963.98
284	7.94246	2951.62
285	7.97284	2947.32
286	8.004	2942.79
287	8.03539	2941.55
288	8.06644	2941.32
289	8.09657	2921.49
290	8.12699	2917.25
291	8.15797	2917.22
292	8.18911	2911.24
293	8.21915	2907.02
294	8.24925	2896.35
295	8.28021	2892.63
296	8.31074	2864.92
297	8.34132	2864.29
298	8.37202	2857.39
299	8.40272	2856.26
300	8.43333	2851.72
301	8.46394	2822.96
302	8.49593	2816.23
303	8.52619	2797.49
304	8.55652	2792.09
305	8.58719	2787.93
306	8.61802	2787.91
307	8.64877	2780.04
308	8.67948	2773.76
309	8.71009	2771.27
310	8.7409	2768.75
311	8.77148	2764.03
312	8.80308	2761.42
313	8.83384	2760.4
314	8.86509	2759.1
315	8.89651	2758.86
316	8.92841	2754.23
317	8.95983	2753.39
318	8.99056	2740.87
319	9.0219	2740.7
320	9.05307	2731.63
321	9.08378	2729.83
322	9.11534	2728.97
323	9.1476	2728.9
324	9.17875	2724.34
325	9.21085	2722.75
326	9.24273	2717.24
327	9.27481	2714.14
328	9.30606	2714
329	9.33727	2678.48
330	9.36854	2676.03
331	9.40011	2672.71
332	9.43143	2668.77
333	9.46253	2657.36
334	9.49371	2651.78
335	9.52469	2650.31
336	9.55598	2646.93
337	9.58694	2611.86
338	9.61839	2585.17
339	9.64955	2584.51
340	9.68076	2583.58
341	9.71202	2581.57
342	9.74321	2557.2
343	9.77466	2552.97
344	9.80591	2552.67
345	9.83799	2541.35
346	9.87012	2531.93
347	9.90315	2510.06
348	9.93496	2507.5
349	9.96626	2504.19
350	9.99792	2479.17
351	10.0297	2478.8
352	10.0612	2428.96
353	10.0932	2428.82
354	10.1261	2428.46
355	10.1577	2413.12
356	10.1904	2398.44
357	10.2224	2398.18
358	10.2547	2396.35
359	10.2863	2394.55
360	10.319	2391.35
361	10.3509	2390.66
362	10.383	2384.96
363	10.4149	2370.58
364	10.4466	2370.27
365	10.4787	2363.45
366	10.5113	2362.44
367	10.5432	2358.65
368	10.5751	2357.56
369	10.6076	2356.43
370	10.6397	2356.31
372	10.7041	2355.48
373	10.7361	2355.29
374	10.7686	2339.69
375	10.8008	2339.56
376	10.833	2336.21
377	10.8659	2334.9
378	10.8989	2333.55
379	10.932	2320.75
380	10.9675	2318.37
381	11.0003	2315.54
382	11.0324	2315.27
383	11.0646	2278.94
384	11.0969	2257.87
385	11.1295	2255.91
386	11.1623	2249
387	11.195	2248.74
388	11.2275	2237.84
389	11.2604	2235.95
390	11.2927	2231.12
391	11.3251	2222.52
392	11.3579	2188.34
393	11.3913	2173.93
394	11.4237	2172.14
395	11.457	2168.68
396	11.4896	2168.53
397	11.522	2167.56
398	11.5552	2164.45
399	11.5882	2163.2
400	11.6214	2160.52
401	11.6547	2158.8
402	11.687	2156.87
403	11.7192	2155.98
404	11.7515	2147.59
405	11.7838	2147.41
406	11.8168	2143.22
407	11.8502	2140.7
408	11.8828	2139.59
409	11.9153	2137.68
410	11.9476	2137.32
411	11.9807	2136.19
412	12.0138	2134.52
413	12.0463	2133.84
414	12.0804	2131.07
415	12.1142	2116.88
416	12.1473	2116.74
417	12.1805	2103.41
418	12.2135	2100.8
419	12.246	2100.7
420	12.2785	2100.61
421	12.3119	2098
422	12.3451	2077.83
423	12.3777	2077.41
424	12.4103	2073.91
425	12.443	2070.36
426	12.4766	2067.85
427	12.5092	2067.4
428	12.5432	2060.63
429	12.5759	2060.18
430	12.6092	2049.22
431	12.6426	2040.5
432	12.6754	2038.73
433	12.7083	2038.7
434	12.7409	2038.28
435	12.7736	2037.5
436	12.8065	2036.02
437	12.8395	2032.94
438	12.8724	2032.06
439	12.9052	2027.15
440	12.939	2008.54
441	12.9724	2007.76
442	13.0052	2007.57
443	13.0383	2007.19
444	13.0713	1985.07
445	13.1042	1983.11
446	13.137	1980.37
447	13.1699	1977.5
448	13.2029	1976.56
449	13.2361	1964.43
450	13.2704	1963.9
451	13.3037	1963.32
452	13.3373	1962.54
453	13.3705	1962.37
454	13.4045	1951.98
455	13.4378	1951.66
456	13.4715	1951.3
457	13.5058	1950.51
458	13.5405	1948.67
459	13.5765	1946.52
460	13.611	1928.37
461	13.6452	1924.49
462	13.6784	1924.47
463	13.7119	1923.97
464	13.7456	1921.86
465	13.7791	1921.85
466	13.8124	1921.37
467	13.8459	1912.38
468	13.8794	1909.82
469	13.9127	1909.69
470	13.9464	1888.06
471	13.9799	1881.98
472	14.0132	1881.82
473	14.0477	1881.57
474	14.0829	1878.79
475	14.1163	1878.78
476	14.1511	1871.51
477	14.1856	1866.12
478	14.2191	1849.32
479	14.2546	1848.7
480	14.2895	1824.38
481	14.324	1822.51
482	14.3589	1820.04
483	14.3928	1819.94
484	14.4266	1817.76
485	14.4602	1815.14
486	14.4954	1814.95
487	14.5292	1813.84
488	14.5633	1797.42
489	14.5973	1797.12
490	14.6315	1787.77
491	14.6669	1787.66
492	14.7021	1787.25
493	14.7373	1777.41
494	14.7712	1775.58
495	14.8054	1773.81
496	14.8394	1773.68
497	14.8737	1772.01
498	14.9082	1769.59
499	14.9421	1769.22
500	14.9763	1768.32
501	15.0103	1759.85
502	15.0445	1758.79
503	15.0789	1751.79
504	15.1144	1749.94
505	15.1488	1749.04
506	15.1827	1747.66
507	15.2179	1740.18
508	15.2521	1737.89
509	15.2879	1737.82
510	15.3227	1737.77
511	15.3572	1737.26
512	15.3921	1735.85
513	15.4263	1735.53
514	15.4604	1734.13
515	15.4944	1734.07
516	15.5287	1719.67
517	15.5634	1719.33
518	15.5983	1717.75
519	15.6327	1717.11
520	15.6671	1716.89
521	15.7026	1716.06
522	15.7372	1705.91
523	15.7716	1704.86
524	15.8064	1698.08
525	15.8408	1697.28
526	15.8755	1687.62
527	15.9101	1686.46
528	15.9451	1676.33
529	15.9795	1674.15
530	16.0145	1674.13
531	16.0493	1672.23
532	16.0848	1661.74
533	16.1198	1660.27
534	16.1548	1658.6
535	16.1893	1657.21
536	16.2238	1655.35
537	16.2586	1654.99
538	16.2931	1637.98
539	16.3283	1637.88
540	16.3636	1623.46
541	16.3982	1619.35
542	16.4336	1618.2
543	16.4696	1613.32
544	16.5051	1611.96
545	16.54	1611.39
546	16.5751	1610.15
547	16.61	1609.04
548	16.6447	1605.87
549	16.68	1595.7
550	16.7163	1589.25
551	16.7517	1588.12
552	16.7862	1587.99
553	16.8219	1587.6
554	16.8572	1584.34
555	16.8919	1578.66
556	16.9266	1578.37
557	16.9618	1578.09
558	16.9967	1576.96
559	17.0327	1576.84
560	17.069	1576.48
561	17.1045	1576.24
562	17.1396	1575.48
563	17.1743	1574.88
564	17.2103	1573.83
565	17.2463	1571.47
566	17.282	1571.06
567	17.3181	1570.23
568	17.3539	1569.62
569	17.3891	1569.56
570	17.4247	1565.1
571	17.4609	1560.69
572	17.4968	1550.68
573	17.5315	1548.38
574	17.5674	1548.05
575	17.6022	1543.04
576	17.6372	1542.58
577	17.6722	1509.71
578	17.7072	1504.61
579	17.7421	1502.15
580	17.7769	1499.1
581	17.8125	1494.72
582	17.848	1493.75
583	17.8832	1490.51
584	17.9184	1483.85
585	17.9535	1463.56
586	17.9899	1463.06
587	18.0251	1447.31
588	18.0606	1447.21
589	18.0956	1433.72
590	18.1318	1430.34
591	18.1673	1430.25
592	18.2031	1428.41
593	18.2382	1427.76
594	18.2736	1427.45
595	18.3106	1418.67
596	18.3471	1416.71
597	18.383	1416.32
598	18.4184	1416.29
599	18.4537	1413.13
600	18.489	1412.25
601	18.5244	1412.01
602	18.5597	1391.82
603	18.5961	1391.33
604	18.6329	1389.49
605	18.6705	1387.92
606	18.7074	1387.81
607	18.7432	1380.97
608	18.7791	1379.37
609	18.8149	1378.3
610	18.8507	1378.27
611	18.8865	1376.42
612	18.922	1373.8
613	18.9577	1373.41
614	18.9937	1373.14
615	19.0297	1373.07
616	19.066	1372.64
617	19.1028	1371.41
618	19.1392	1371.03
619	19.1755	1370.97
620	19.2117	1369.93
621	19.2479	1369.2
622	19.2839	1363.37
623	19.3204	1354.44
624	19.3576	1347.71
625	19.3942	1345.35
626	19.4305	1344.77
627	19.4666	1344.49
628	19.5028	1344.06
629	19.5388	1340.56
630	19.5748	1336.99
631	19.6106	1336.94
632	19.6471	1335.74
633	19.683	1335.72
634	19.7197	1333.24
635	19.7557	1329.73
636	19.7918	1329.07
637	19.8286	1327.94
638	19.8648	1325.35
639	19.9009	1325.05
640	19.9369	1324.5
641	19.9728	1321.14
642	20.0089	1319.07
643	20.0449	1317.52
644	20.0825	1311.98
645	20.119	1308.29
646	20.155	1307.52
647	20.1913	1306.68
648	20.2282	1303.71
649	20.2652	1303.51
650	20.3023	1300.74
651	20.3397	1299.83
652	20.3763	1298.72
653	20.4134	1298.69
654	20.4511	1297.81
655	20.489	1297.06
656	20.5253	1293.82
657	20.5616	1292.47
658	20.5999	1287.95
659	20.6364	1287.57
660	20.673	1286.17
661	20.7103	1285.51
662	20.7551	1285.27
663	20.7945	1282.93
664	20.8427	1281.6
665	20.8857	1279.02
666	20.9237	1276.05
667	20.9607	1272.18
668	20.9969	1271.71
669	21.0339	1254.33
670	21.0713	1254.16
671	21.1086	1252.93
672	21.1461	1252.93
673	21.1834	1250.94
674	21.2206	1250.9
675	21.2571	1249.66
676	21.2935	1247.45
677	21.3297	1239.85
678	21.3668	1237.8
679	21.4033	1237.11
680	21.4398	1237.08
681	21.4766	1236.63
682	21.5138	1224.1
683	21.5505	1223.46
684	21.5875	1223.16
685	21.6241	1220.43
686	21.6619	1214.94
687	21.6984	1212.08
688	21.735	1212
689	21.7716	1211.42
690	21.8087	1199.31
691	21.8455	1199.04
692	21.8823	1171.99
693	21.9197	1171.62
694	21.9574	1171.1
695	21.995	1170.61
696	22.0315	1166.08
697	22.0688	1165.55
698	22.1072	1164.32
699	22.1445	1162.94
700	22.1817	1162.55
701	22.2198	1162.47
702	22.2566	1160.87
703	22.2934	1149.84
704	22.3312	1149.71
705	22.3684	1147.36
706	22.4065	1147.26
707	22.4434	1146.96
708	22.4807	1145.8
709	22.5183	1145.75
710	22.5551	1145.64
711	22.5922	1145.64
712	22.631	1144.2
713	22.6688	1143.54
714	22.706	1134.3
715	22.744	1134.03
716	22.7813	1133.66
717	22.8187	1133.28
718	22.8577	1132.49
719	22.8955	1132.1
720	22.9325	1130.69
721	22.9694	1119.44
722	23.0068	1119.13
723	23.0439	1114.58
724	23.0825	1104.43
725	23.1224	1103.5
726	23.1599	1102.55
727	23.1971	1102.05
728	23.2347	1101.5
729	23.2733	1101.28
730	23.311	1096.66
731	23.3481	1096.31
732	23.3857	1068.99
733	23.4245	1066.75
734	23.462	1066.6
735	23.4997	1065.25
736	23.5369	1064.98
737	23.5741	1064.19
738	23.612	1062.52
739	23.6496	1062.02
740	23.687	1061.6
741	23.7252	1061.33
742	23.7641	1058.73
743	23.8013	1058.55
744	23.8396	1052.03
745	23.8782	1051.82
746	23.9166	1050.43
747	23.9538	1048.72
748	23.9911	1047.46
749	24.0284	1046.75
750	24.0658	1046.56
751	24.1034	1044.55
752	24.1413	1044.02
754	24.2163	1042.49
755	24.2536	1040.61
756	24.2913	1040.51
757	24.3287	1040.37
758	24.3668	1038.61
759	24.4043	1038.53
760	24.4431	1038.39
761	24.4809	1038.36
762	24.5195	1035.25
763	24.5578	1035.21
764	24.5961	1034.57
765	24.6333	1034.52
766	24.6722	1034.26
767	24.7108	1033.2
768	24.7499	1025.99
769	24.7874	1025.81
770	24.8256	1024.62
771	24.8631	1023.72
772	24.901	1023.64
773	24.9385	1023.13
774	24.9765	1022.92
775	25.0154	1022.87
776	25.054	1008.86
777	25.0917	1008.7
778	25.1298	1007.7
779	25.1677	1005.71
780	25.2062	1001.55
781	25.2454	1001.06
783	25.3221	1000.43
784	25.3627	998.148
785	25.4016	996.884
786	25.4397	996.012
787	25.4774	994.133
788	25.5153	994.037
789	25.553	988.855
790	25.5907	988.805
791	25.6287	987.052
792	25.6669	986.632
793	25.7052	986.555
794	25.7429	985.664
795	25.7821	985.376
796	25.821	984.865
797	25.8597	984.534
798	25.8975	983.716
799	25.9357	982.599
800	25.9749	977
801	26.0137	976.131
802	26.0516	975.83
803	26.0894	975.146
804	26.1282	974.722
805	26.1671	974.667
806	26.2058	974.593
807	26.2438	972.249
808	26.2825	969.395
809	26.3216	969.299
810	26.3597	968.682
811	26.3976	967.289
812	26.4354	967.249
813	26.4739	967.137
814	26.5125	964.69
815	26.5518	964.685
816	26.591	961.533
817	26.629	960.109
818	26.6671	944.419
819	26.7051	944.212
820	26.7442	938.389
821	26.7821	936.599
822	26.8205	934.669
823	26.8585	934.478
824	26.8964	933.66
825	26.9359	929.395
826	26.9741	929.095
827	27.0128	928.513
828	27.0517	926.623
829	27.0906	926.109
830	27.1301	924.877
831	27.1692	924.319
832	27.2083	923.911
833	27.2467	922.75
834	27.285	921.684
835	27.3232	920.725
836	27.3615	920.563
837	27.3996	919.846
838	27.4398	919.139
839	27.4799	918.713
840	27.5192	918.538
841	27.5576	915.603
842	27.5966	915.365
843	27.6352	911.916
844	27.6738	911.402
845	27.7128	911.273
846	27.7513	911.174
847	27.79	910.85
848	27.8283	901.524
849	27.8667	901.096
850	27.9052	901.066
851	27.9445	900.616
852	27.9833	899.445
853	28.0228	899.248
854	28.0632	898.643
855	28.1024	898.521
856	28.1411	897.559
857	28.1801	896.681
858	28.2187	892.454
859	28.2574	892.105
860	28.2971	892.007
862	28.3747	888.404
863	28.4142	887.594
864	28.4527	886.674
865	28.4915	886.592
866	28.5303	884.107
867	28.5703	883.994
868	28.609	881.546
869	28.6479	881.361
870	28.6868	881.042
871	28.7263	880.561
872	28.7655	880.058
873	28.8051	879.744
874	28.8443	878.996
875	28.8836	877.474
876	28.9223	876.521
877	28.9613	876.33
878	28.9998	875.607
879	29.0399	875.457
880	29.0802	872.592
881	29.1209	871.149
882	29.1597	870.912
883	29.1983	869.193
884	29.2373	868.039
885	29.2763	867.658
886	29.3155	866.939
887	29.356	866.698
888	29.3956	865.972
889	29.4354	865.544
890	29.4743	865.333
891	29.5138	864.907
892	29.5531	864.765
893	29.5923	864.712
894	29.6334	864.537
895	29.6734	863.379
896	29.7133	863.259
897	29.7527	863.241
898	29.7919	862.513
899	29.832	862.484
900	29.8709	862.157
901	29.9097	862.119
902	29.9487	860.745
903	29.9881	859.915
904	30.027	859.164
905	30.0667	858.343
906	30.1059	858.312
907	30.146	857.947
908	30.1848	857.868
909	30.2236	857.848
910	30.2623	856.196
911	30.3012	855.156
912	30.3401	854.405
913	30.3797	853.745
914	30.419	853.347
915	30.458	852.085
916	30.4971	851.643
917	30.5364	842.311
918	30.5756	841.946
919	30.6149	840.707
920	30.6541	838.601
921	30.693	831.758
922	30.7324	830.874
923	30.7719	829.75
924	30.8109	811.213
925	30.8504	785.398
927	30.9291	781.191
928	30.9689	781.169
929	31.0082	780.604
930	31.0475	779.85
931	31.0866	779.8
932	31.1271	778.947
933	31.168	778.533
934	31.2073	777.986
935	31.2468	777.982
936	31.2872	777.801
937	31.3266	777.59
938	31.3664	777.562
939	31.4078	774.678
940	31.4472	774.53
941	31.4869	774.342
942	31.5269	773.742
943	31.567	773.476
944	31.6073	772.725
945	31.6467	770.742
946	31.6862	770.441
947	31.7255	760.904
948	31.766	760.575
949	31.8081	759.088
950	31.8496	759.072
951	31.8899	758.67
952	31.9295	757.921
953	31.9689	757.659
954	32.0086	757.347
955	32.0478	757.346
956	32.0886	756.718
957	32.1284	756.382
958	32.1684	756.084
959	32.208	755.97
960	32.2476	755.694
961	32.2872	755.593
962	32.3274	754.688
963	32.3671	751.801
964	32.4067	751.527
965	32.4463	751.093
966	32.4866	750.262
967	32.5264	749.557
968	32.5674	749.331
969	32.6073	745.527
970	32.6477	743.626
971	32.6871	743.615
972	32.7265	742.298
973	32.767	742.12
974	32.8072	741.396
975	32.8469	737.858
976	32.8871	737.497
977	32.9269	737.294
978	32.9665	736.581
979	33.006	736.51
980	33.0453	736.46
981	33.0851	734.683
983	33.164	733.489
984	33.2034	732.696
985	33.2434	732.049
986	33.2837	731.819
987	33.3229	731.493
988	33.3623	730.267
990	33.4415	727.193
991	33.4813	726.345
992	33.5205	726.012
994	33.6011	725.877
996	33.6807	724.221
997	33.7211	724.123
998	33.7605	722.836
999	33.8	722.576
1000	33.8395	722.272
1001	33.88	721.918
1002	33.919	721.804
1003	33.9583	721.604
1004	33.9991	720.98
1005	34.0402	720.342
1006	34.0792	719.212
1007	34.1187	718.287
1009	34.1973	717.618
1010	34.2373	716.913
1011	34.2768	716.78
1012	34.3164	716.77
1013	34.356	716.391
1014	34.3953	716.374
1015	34.4353	715.407
1016	34.4743	713.681
1017	34.5139	711.156
1018	34.5536	710.719
1019	34.5932	710.392
1020	34.6325	710.2
1021	34.6724	709.737
1022	34.7118	708.074
1023	34.7512	708.003
1024	34.7906	707.929
1025	34.83	706.97
1026	34.8694	702.888
1027	34.9093	702.809
1028	34.9493	701.974
1029	34.9887	701.814
1030	35.0282	698.309
1031	35.0679	697.721
1032	35.108	678.983
1033	35.148	678.785
1034	35.1882	678.354
1035	35.229	677.988
1036	35.2692	677.281
1037	35.309	677.237
1038	35.3488	676.114
1039	35.3888	675.868
1040	35.4292	675.772
1041	35.4694	675.705
1042	35.5093	675.605
1043	35.5489	675.539
1044	35.5889	675.459
1045	35.6286	672.565
1046	35.6685	672.523
1047	35.7085	672.497
1048	35.7484	671.974
1049	35.7884	671.97
1050	35.8286	671.951
1051	35.869	671.942
1052	35.909	671.406
1053	35.949	670.36
1054	35.9889	670.291
1055	36.0289	670.122
1056	36.069	669.903
1057	36.1088	669.189
1058	36.1489	669.141
1059	36.1912	666.44
1060	36.2324	662.816
1061	36.2728	662.794
1062	36.3131	662.756
1063	36.3534	661.942
1064	36.3938	660.074
1065	36.434	659.95
1066	36.4741	659.841
1067	36.5146	659.769
1068	36.5546	659.663
1069	36.595	659.547
1070	36.6356	658.747
1073	36.7562	658.62
1074	36.7977	658.474
1075	36.8379	657.249
1076	36.8878	656.985
1077	36.9399	656.957
1078	36.9904	656.651
1079	37.0349	655.952
1080	37.075	655.761
1081	37.1151	655.727
1082	37.1558	655.231
1083	37.1969	655.226
1084	37.2368	653.366
1085	37.2772	653.242
1086	37.3182	652.552
1087	37.3599	652.431
1088	37.4015	651.799
1089	37.4423	651.27
1090	37.4824	651.138
1091	37.5227	651.025
1092	37.5628	650.92
1093	37.603	650.567
1094	37.6435	650.376
1095	37.6834	649.029
1096	37.7247	648.911
1097	37.7663	648.834
1098	37.8066	645.62
1099	37.8467	645.414
1100	37.8877	644.785
1101	37.9282	644.702
1102	37.9692	642.4
1103	38.0092	642.201
1104	38.0504	642.056
1105	38.0921	642.036
1106	38.1323	641.848
1107	38.1735	640.502
1108	38.2143	640.272
1109	38.2544	640.24
1110	38.2945	638.277
1111	38.3347	637.963
1112	38.3766	637.856
1113	38.4175	637.375
1114	38.4582	637.011
1115	38.4989	636.964
1116	38.5403	636.277
1117	38.5819	636.257
1118	38.6224	636.056
1119	38.6632	636.01
1120	38.7034	635.254
1121	38.7436	634.995
1122	38.7844	633.473
1123	38.8255	633.142
1124	38.8675	633.03
1125	38.9083	632.935
1126	38.9487	631.66
1127	38.9896	630.847
1128	39.0298	630.693
1129	39.0707	629.722
1130	39.1112	629.608
1131	39.1521	629.083
1132	39.1931	628.763
1133	39.2336	628.745
1134	39.2741	628.442
1135	39.3145	628.101
1137	39.3958	627.249
1138	39.4363	626.752
1139	39.4772	626.613
1140	39.5177	626.532
1141	39.5589	626.244
1142	39.6	626.214
1143	39.6417	626.18
1144	39.6825	625.975
1145	39.723	625.926
1146	39.7656	625.808
1148	39.8481	624.22
1149	39.8886	624.157
1150	39.9297	623.956
1151	39.9707	621.823
1152	40.0115	621.816
1153	40.0522	621.716
1154	40.0932	620.13
1155	40.1339	620.113
1156	40.175	619.289
1157	40.2173	619.13
1158	40.2583	616.841
1159	40.2995	616.188
1160	40.3405	614.521
1161	40.3811	613.968
1162	40.4222	613.496
1163	40.4633	613.467
1164	40.5054	612.915
1165	40.547	612.889
1166	40.5892	612.863
1167	40.6308	612.759
1168	40.6723	611.758
1169	40.7143	611.678
1170	40.7562	611.159
1171	40.7979	611.116
1172	40.8387	611.114
1173	40.8796	610.277
1174	40.9204	609.669
1175	40.9614	609.578
1176	41.0026	609.531
1177	41.0437	608.156
1179	41.1257	607.998
1180	41.1667	607.794
1181	41.2082	607.65
1182	41.2489	606.609
1183	41.2901	604.601
1184	41.3313	604.456
1185	41.372	604.359
1186	41.4136	603.621
1187	41.4547	603.282
1188	41.4961	601.676
1189	41.5373	601.504
1190	41.5785	601.482
1191	41.6208	601.445
1192	41.6624	600.868
1193	41.7031	600.787
1194	41.7447	600.601
1195	41.7862	600.529
1197	41.8689	600.184
1198	41.9098	599.749
1199	41.9507	599.15
1200	41.9915	598.939
1202	42.0734	598.499
1203	42.115	597.946
1204	42.1558	597.738
1205	42.1975	597.675
1206	42.2383	596.938
1207	42.2795	596.833
1208	42.3205	596.593
1209	42.3622	596.462
1210	42.4035	596.16
1211	42.4454	596.07
1212	42.4866	595.739
1213	42.528	595.513
1214	42.5688	595.351
1215	42.6101	594.706
1216	42.6508	594.274
1217	42.6931	594.242
1218	42.7348	594.072
1219	42.7771	594.024
1220	42.818	593.22
1221	42.86	592.965
1222	42.9016	591.886
1223	42.9433	591.363
1224	42.9841	590.258
1225	43.025	590.246
1226	43.0659	590.036
1227	43.1071	590.002
1228	43.1481	589.778
1229	43.1893	589.391
1230	43.2301	589.303
1231	43.2716	588.746
1232	43.3139	588.649
1233	43.3554	588.636
1234	43.3961	588.607
1235	43.4379	587.882
1236	43.4798	587.673
1237	43.5208	587.58
1238	43.5619	587.014
1239	43.6036	586.924
1240	43.6449	586.912
1241	43.6864	586.869
1242	43.7284	586.585
1243	43.7691	586.335
1244	43.8102	586.19
1245	43.851	585.641
1246	43.8919	585.424
1247	43.9327	585.203
1248	43.975	585.159
1249	44.0175	585.122
1250	44.0583	584.205
1251	44.1004	583.676
1252	44.1422	583.41
1253	44.1839	582.345
1254	44.2255	582.305
1255	44.2663	580.342
1256	44.3073	580.063
1257	44.3486	576.611
1259	44.4314	575.72
1260	44.4732	574.279
1261	44.5139	570.609
1262	44.555	570.49
1264	44.637	567.007
1265	44.6784	566.972
1266	44.7197	566.758
1267	44.7614	566.729
1268	44.803	566.715
1269	44.8456	566.279
1271	44.9306	566.148
1272	44.9722	566.039
1273	45.0135	565.858
1274	45.0554	565.332
1275	45.0964	563.605
1276	45.1384	563.533
1277	45.1798	563.308
1278	45.2214	563.269
1279	45.2638	561.576
1280	45.3065	561.529
1282	45.3903	561.364
1283	45.4314	561.347
1284	45.4732	560.581
1285	45.5158	560.362
1286	45.5569	560.274
1287	45.5981	558.671
1288	45.6391	558.352
1289	45.6803	557.822
1290	45.7217	557.785
1291	45.7629	557.555
1292	45.8045	556.76
1293	45.8463	556.659
1294	45.8875	556.526
1295	45.929	556.515
1296	45.9712	555.527
1298	46.0541	555.154
1299	46.0954	555.07
1300	46.1362	555.005
1301	46.1781	554.687
1302	46.2193	554.098
1303	46.2601	553.844
1304	46.3016	553.533
1305	46.3433	553.346
1306	46.3844	553.293
1307	46.4254	553.103
1308	46.4665	553.087
1309	46.508	551.568
1310	46.549	551.321
1311	46.5901	551.307
1312	46.6318	550.155
1313	46.6746	549.713
1314	46.7156	548.137
1315	46.7572	545.556
1316	46.7986	545.231
1317	46.8401	544.831
1318	46.8817	542.331
1320	46.9651	541.936
1321	47.0072	540.99
1323	47.0911	538.477
1324	47.1345	537.101
1325	47.177	536.873
1327	47.2618	536.416
1328	47.3035	535.775
1329	47.3458	535.732
1330	47.3883	534.896
1331	47.4298	534.633
1332	47.4716	534.203
1333	47.5136	534.189
1334	47.5561	533.882
1336	47.6403	531.979
1337	47.6832	531.926
1338	47.7242	531.62
1339	47.7654	531.315
1340	47.8066	531.202
1341	47.849	531.074
1344	47.9746	530.381
1345	48.0161	530.349
1346	48.0574	530.23
1347	48.0985	529.713
1348	48.1404	529.634
1349	48.1814	529.588
1350	48.2228	529.326
1351	48.2642	529.208
1352	48.3056	529.131
1353	48.3469	528.956
1354	48.389	528.935
1355	48.43	528.867
1356	48.4719	527.526
1357	48.5133	525.189
1358	48.5547	524.527
1359	48.5959	524.347
1360	48.6372	524.239
1361	48.6785	524.227
1362	48.7201	523.855
1363	48.7612	523.775
1364	48.8031	523.752
1365	48.8443	523.669
1366	48.8864	523.544
1367	48.9279	523.52
1368	48.9694	523.434
1369	49.0105	523.344
1370	49.0516	523.32
1371	49.095	523.249
1372	49.1371	523.005
1373	49.1783	522.967
1374	49.2195	522.942
1375	49.261	522.843
1376	49.3043	522.721
1377	49.3465	522.675
1378	49.3883	522.129
1379	49.4302	521.981
1380	49.472	521.911
1381	49.5132	521.882
1382	49.5545	521.868
1383	49.5963	521.79
1384	49.6375	521.585
1385	49.6789	521.14
1386	49.7169	521.095
1387	49.7549	521.094
1388	49.7926	521.08
1389	49.8313	521.078
1390	49.8694	520.965
1391	49.9096	520.582
1392	49.9475	519.732
1393	49.9855	519.652
1394	50.0241	519.265
1395	50.0622	519.137
1396	50.0999	519.064
1397	50.1377	518.855
1398	50.1753	518.808
1399	50.2133	518.535
1400	50.2513	517.975
1401	50.2893	517.967
1402	50.327	517.888
1403	50.366	517.599
1404	50.4042	516.88
1405	50.4425	516.805
1406	50.4821	516.697
1407	50.5208	516.668
1408	50.5587	516.543
1409	50.5968	516.452
1410	50.636	516.228
1412	50.7128	516.154
1413	50.7517	516.098
1414	50.7897	515.985
1415	50.8277	515.612
1416	50.8657	515.589
1417	50.9038	515.556
1418	50.942	515.493
1419	50.9801	515.123
1420	51.0182	514.245
1421	51.0562	514.217
1422	51.0948	514.087
1423	51.1332	514.062
1424	51.1712	513.357
1425	51.2104	513.338
1426	51.2501	512.95
1427	51.2884	512.914
1428	51.33	512.489
1429	51.3744	512.327
1430	51.4162	512.277
1431	51.4586	512.277
1432	51.5005	512.239
1433	51.5419	512.166
1434	51.5838	512.103
1435	51.6258	512.084
1436	51.6677	512.006
1437	51.7094	511.963
1438	51.7508	510.053
1439	51.7926	509.947
1440	51.8341	509.912
1441	51.8756	509.879
1442	51.9181	509.499
1443	51.9603	508.093
1444	52.0033	507.972
1446	52.0871	507.503
1447	52.1293	507.365
1448	52.1716	506.261
1449	52.2133	506.227
1450	52.2547	505.924
1451	52.2977	505.671
1452	52.3401	505.576
1453	52.3829	505.383
1454	52.4247	505.362
1455	52.4663	505.231
1456	52.508	505.026
1457	52.5497	504.989
1458	52.5917	504.116
1459	52.6332	504.087
1460	52.6756	503.559
1461	52.7177	503.511
1462	52.7597	502.065
1463	52.8013	501.987
1464	52.8433	501.958
1465	52.8851	501.936
1466	52.9266	501.861
1467	52.9685	501.766
1468	53.0103	501.573
1469	53.0521	501.322
1470	53.0939	501.25
1471	53.1364	501.132
1472	53.1778	501.068
1473	53.2201	501.043
1474	53.2617	500.914
1475	53.3032	500.412
1477	53.3864	500.214
1478	53.4288	499.956
1479	53.4714	499.808
1480	53.5153	499.744
1481	53.558	499.577
1482	53.5996	499.479
1483	53.6428	499.446
1484	53.6844	499.319
1485	53.7263	499.316
1486	53.7694	498.876
1487	53.8125	498.818
1488	53.8547	498.455
1489	53.8967	498.389
1490	53.9394	498.086
1491	53.982	497.391
1492	54.0235	497.385
1493	54.0651	497.146
1494	54.107	496.886
1495	54.149	496.872
1496	54.1903	496.21
1497	54.2329	495.801
1498	54.2762	495.512
1499	54.3179	495.469
1500	54.3598	494.671
1501	54.4016	494.294
1502	54.4433	494.064
1503	54.4847	494.057
1504	54.5264	493.539
1505	54.5679	493.385
1506	54.6098	493.383
1507	54.6523	493.272
1508	54.6943	493.081
1509	54.7362	493.068
1510	54.7796	492.793
1511	54.8215	492.708
1512	54.8634	492.674
1513	54.9056	491.729
1514	54.9476	491.188
1515	54.9896	490.682
1516	55.0317	490.569
1517	55.0734	490.265
1518	55.1155	490.22
1519	55.1584	490.04
1520	55.2	489.991
1521	55.2426	489.803
1522	55.2846	489.732
1523	55.3262	489.53
1524	55.3683	489.16
1525	55.4099	489.151
1526	55.4518	489.084
1527	55.4936	488.431
1528	55.5358	488.356
1529	55.5785	488.221
1530	55.6222	488.211
1531	55.6644	488.092
1532	55.7076	487.776
1533	55.7503	487.72
1534	55.7922	487.64
1535	55.8344	487.613
1536	55.8765	487.596
1537	55.9191	487.463
1538	55.9607	487.355
1539	56.0027	487.332
1540	56.0445	487.252
1542	56.1284	486.8
1543	56.1702	486.38
1544	56.2121	486.273
1545	56.2539	486.268
1546	56.2958	485.867
1547	56.3384	485.816
1548	56.3809	485.529
1549	56.4232	485.526
1550	56.4655	484.88
1551	56.5076	483.45
1552	56.5616	483.295
1553	56.6359	482.864
1555	56.7258	482.859
1556	56.7697	482.534
1557	56.8117	482.523
1558	56.8542	482.363
1559	56.8959	482.286
1560	56.9384	482.223
1561	56.9824	482.059
1562	57.0253	481.962
1563	57.0678	481.85
1564	57.1098	480.803
1565	57.1524	480.763
1566	57.1949	480.748
1567	57.2383	480.631
1568	57.2805	480.595
1569	57.324	480.591
1571	57.4089	480.044
1572	57.451	479.958
1573	57.4931	479.907
1574	57.5354	479.874
1575	57.5788	479.291
1577	57.6644	479.288
1578	57.7065	478.694
1579	57.7469	478.684
1580	57.7877	478.631
1581	57.8277	478.605
1583	57.9108	478.503
1584	57.9519	478.304
1585	57.9917	478.166
1586	58.0331	478.147
1587	58.0739	477.948
1588	58.1148	477.91
1589	58.1566	477.85
1590	58.1983	477.529
1592	58.2803	477.41
1594	58.3611	477.265
1595	58.4021	476.282
1596	58.4437	476.089
1597	58.4845	474.032
1598	58.5244	473.641
1599	58.5649	473.549
1600	58.6061	472.911
1601	58.646	469.252
1602	58.6861	469.164
1603	58.7274	468.934
1604	58.7697	462.705
1606	58.8535	462.691
1607	58.8957	462.653
1608	58.9377	462.652
1609	58.9794	462.491
1611	59.0633	462.322
1612	59.1069	462.183
1613	59.1497	462.133
1614	59.1928	461.803
1615	59.2355	461.153
1616	59.2787	460.825
1617	59.3211	460.763
1618	59.3647	460.731
1619	59.4067	460.113
1620	59.4492	459.991
1621	59.4912	459.906
1622	59.5332	459.704
1625	59.6603	459.514
1626	59.7023	459.407
1627	59.7441	458.399
1628	59.7864	458.187
1629	59.8282	457.898
1630	59.8701	457.853
1631	59.9121	457.733
1632	59.954	457.111
1633	59.9966	457.064
1635	60.0824	457.046
1636	60.1246	456.605
1637	60.1667	456.598
1638	60.2092	456.323
1639	60.2517	456.277
1640	60.2938	456.235
1641	60.3369	456.03
1642	60.3792	455.865
1643	60.4212	455.526
1644	60.4632	454.942
1645	60.5055	454.845
1646	60.5475	454.792
1648	60.6315	454.661
1649	60.6738	454.3
1650	60.7157	453.93
1651	60.7578	453.906
1652	60.7994	451.689
1653	60.8413	451.211
1654	60.883	450.773
1655	60.9251	449.506
1657	61.0089	449.23
1658	61.051	448.365
1659	61.0928	448.074
1660	61.1353	446.988
1663	61.2623	444.641
1664	61.3046	443.49
1665	61.3473	442.652
1666	61.3893	442.644
1667	61.4318	442.461
1668	61.4744	442.045
1669	61.5164	441.993
1670	61.5585	441.808
1671	61.6008	441.501
1672	61.6428	441.044
1673	61.6848	441.021
1674	61.7269	440.571
1676	61.8109	438.531
1677	61.8526	438.487
1678	61.8946	438.145
1679	61.9366	437.983
1680	61.9786	437.783
1681	62.0205	437.749
1684	62.1472	436.887
1686	62.2327	436.754
1687	62.275	436.084
1688	62.3171	435.889
1689	62.3594	435.791
1690	62.4013	435.546
1691	62.4433	435.525
1692	62.4854	435.499
1693	62.5273	435.037
1694	62.5694	435.029
1696	62.6546	433.982
1697	62.6965	432.35
1698	62.7388	431.972
1699	62.7808	431.884
1700	62.8228	431.855
1701	62.865	431.785
1702	62.9069	431.659
1703	62.949	431.658
1704	62.991	431.64
1705	63.0331	431.576
1706	63.0755	431.501
1708	63.1608	431.338
1709	63.2031	431.337
1710	63.2462	431.259
1711	63.2892	431.22
1712	63.3318	431.117
1713	63.3738	431.083
1714	63.4162	431.061
1715	63.4581	431.02
1716	63.5	430.715
1717	63.5422	430.58
1718	63.5849	430.436
1719	63.6279	430.357
1720	63.6708	430.33
1721	63.7142	430.312
1722	63.7572	430.25
1723	63.7996	430.224
1724	63.8415	430.188
1725	63.8837	430.083
1726	63.9255	429.592
1727	63.968	429.576
1728	64.0099	429.523
1729	64.0518	429.507
1730	64.0937	429.316
1731	64.1357	429.308
1732	64.1785	429.037
1733	64.2204	429.025
1734	64.2622	428.889
1735	64.3042	428.842
1736	64.3462	428.756
1737	64.3904	428.707
1738	64.4349	428.692
1739	64.4768	428.601
1740	64.5195	428.355
1742	64.6043	428.213
1743	64.6462	427.85
1744	64.6883	427.212
1745	64.7304	427.153
1746	64.773	426.99
1747	64.8152	426.952
1748	64.8581	426.898
1749	64.9	426.825
1750	64.9428	426.71
1752	65.0281	426.471
1753	65.0703	426.288
1754	65.1125	426.26
1756	65.1967	426.073
1757	65.2389	425.978
1758	65.2813	425.96
1759	65.3235	425.941
1760	65.3664	425.818
1761	65.4095	425.811
1763	65.4935	425.628
1764	65.5356	425.4
1765	65.5776	425.383
1766	65.6197	425.297
1767	65.6619	425.053
1768	65.7056	424.617
1769	65.7482	423.967
1770	65.7897	423.938
1772	65.8719	423.881
1773	65.9132	423.794
1774	65.9541	423.774
1775	65.9965	423.756
1776	66.0387	423.673
1777	66.0801	423.663
1778	66.1215	423.16
1779	66.1625	423.09
1780	66.2038	423.059
1782	66.286	422.703
1783	66.3274	422.615
1786	66.4515	422.389
1787	66.4932	422.36
1788	66.5353	422.291
1789	66.5783	422.143
1790	66.6196	421.96
1791	66.6606	421.696
1792	66.7021	421.244
1793	66.7443	421.204
1794	66.7869	420.996
1795	66.8287	420.942
1796	66.8706	420.835
1797	66.9131	420.81
1798	66.9554	420.774
1799	66.9976	420.763
1800	67.0405	420.703
1801	67.0843	420.615
1803	67.1683	420.555
1804	67.2101	420.536
1805	67.2537	420.49
1806	67.2968	420.454
1807	67.3402	420.412
1808	67.3823	420.388
1809	67.4243	419.75
1810	67.4667	419.64
1811	67.5089	419.612
1812	67.5511	419.575
1813	67.5933	419.568
1814	67.6356	419.213
1815	67.6779	419.101
1817	67.763	418.994
1819	67.8469	418.887
1820	67.8891	418.84
1821	67.9309	418.745
1822	67.9732	418.73
1823	68.0161	418.67
1824	68.0586	418.6
1825	68.1012	418.598
1826	68.1433	418.549
1828	68.2287	418.403
1829	68.2724	418.385
1830	68.3148	418.35
1831	68.3569	417.95
1832	68.3989	417.948
1833	68.4413	417.537
1834	68.4831	417.377
1835	68.5256	417.371
1836	68.5687	417.144
1837	68.6119	417.121
1839	68.6967	417.002
1840	68.7404	416.575
1841	68.7824	416.487
1842	68.8245	416.391
1843	68.8668	416.38
1844	68.9098	416.222
1845	68.9522	416.205
1846	68.9941	416.19
1847	69.0365	415.983
1849	69.1223	415.979
1850	69.1643	415.957
1851	69.2064	415.955
1852	69.2485	415.931
1853	69.2903	415.625
1855	69.3743	415.291
1856	69.4167	415.206
1859	69.5426	415.055
1860	69.585	415.035
1862	69.6692	414.922
1863	69.7115	414.225
1864	69.7533	414.163
1866	69.8391	414.091
1868	69.9231	412.926
1869	69.9656	412.757
1870	70.0076	412.754
1871	70.0496	412.387
1872	70.0917	412.193
1873	70.1335	412.16
1874	70.1764	412.105
1875	70.2208	411.924
1876	70.2628	411.9
1877	70.3049	411.83
1879	70.3891	411.71
1880	70.4311	411.638
1882	70.5161	411.504
1883	70.5585	411.228
1885	70.6428	411.15
1886	70.6847	411.039
1888	70.7692	410.446
1890	70.8545	410.365
1891	70.8999	410.251
1892	70.942	410.156
1893	70.9839	410.096
1894	71.0261	409.985
1897	71.1541	409.935
1898	71.1961	409.908
1899	71.2382	409.844
1900	71.2801	409.708
1902	71.3661	409.683
1904	71.4501	409.256
1905	71.4921	409.248
1907	71.5765	409.106
1908	71.6188	409.01
1909	71.6606	408.932
1911	71.7447	408.822
1912	71.7874	408.7
1913	71.8293	408.627
1914	71.8714	408.626
1915	71.9133	408.209
1917	71.9974	408.204
1918	72.0399	408.007
1919	72.0829	407.979
1920	72.1256	407.905
1921	72.1686	407.861
1922	72.2106	407.756
1923	72.2526	407.535
1924	72.2945	407.391
1925	72.3369	407.058
1926	72.38	407.003
1927	72.4226	406.862
1928	72.4661	406.802
1929	72.5093	406.784
1930	72.5525	406.636
1931	72.5962	406.366
1932	72.6391	406.292
1935	72.7657	405.671
1936	72.8089	405.573
1937	72.8514	404.472
1938	72.8943	404.255
1939	72.9362	403.593
1940	72.9783	403.183
1941	73.0205	402.452
1943	73.1069	402.269
1944	73.1502	401.594
1945	73.193	401.178
1947	73.279	401.072
1948	73.3222	401.047
1949	73.3643	400.922
1951	73.4493	400.868
1954	73.5755	400.443
1955	73.6177	400.245
1956	73.6597	399.906
1957	73.702	399.76
1958	73.7446	399.752
1959	73.7869	399.361
1960	73.8288	399.301
1961	73.8711	399.216
1962	73.914	399.172
1963	73.9564	399.101
1964	73.9985	399.087
1966	74.0828	398.977
1967	74.1249	398.619
1968	74.1671	397.962
1971	74.2954	397.755
1972	74.3383	397.534
1974	74.4225	397.526
1975	74.4647	397.516
1976	74.5079	397.16
1979	74.6346	397.06
1981	74.7213	397.017
1982	74.7635	396.918
1984	74.8481	396.55
1986	74.9323	396.388
1987	74.9745	396.3
1988	75.0172	396.28
1989	75.0603	396.092
1990	75.1028	395.935
1991	75.1449	395.916
1992	75.1871	395.703
1993	75.2306	395.391
1994	75.2742	395.168
1995	75.3163	393.056
1996	75.3588	392.825
1997	75.4008	392.405
1998	75.4429	392.131
1999	75.4852	392.063
2000	75.5275	391.936
2003	75.6541	391.497
2005	75.7381	391.276
2006	75.7802	391.275
2007	75.8226	391.212
2008	75.8647	391.09
2009	75.9069	391.069
2010	75.9491	391.069
2011	75.9921	390.653
2012	76.0358	390.516
2016	76.2075	389.235
2017	76.2503	389.201
2018	76.2928	388.959
2019	76.3356	388.812
2020	76.3777	388.718
2021	76.4198	388.551
2024	76.5469	388.489
2025	76.589	388.406
2026	76.6312	388.401
2027	76.6733	388.113
2028	76.7154	388.049
2032	76.8848	387.942
2033	76.9269	387.755
2034	76.9694	387.754
2035	77.0122	387.723
2036	77.0547	387.716
2037	77.0973	386.474
2038	77.1403	386.254
2039	77.1834	386.191
2041	77.2681	386.165
2042	77.3106	386.03
2043	77.3529	386.018
2044	77.3976	386.01
2045	77.4412	385.979
2046	77.4834	385.883
2048	77.5686	385.801
2049	77.612	385.77
2050	77.6553	385.716
2051	77.6987	385.694
2052	77.7408	385.555
2053	77.7834	385.533
2054	77.8257	385.499
2056	77.9104	385.466
2057	77.953	385.459
2058	77.996	385.309
2059	78.0384	385.269
2061	78.1234	385.241
2062	78.166	385.217
2063	78.2086	385.181
2064	78.2512	385.083
2065	78.2935	384.813
2066	78.336	384.372
2067	78.3783	384.368
2068	78.4216	384.358
2069	78.4648	384.352
2070	78.5438	384.328
2071	78.5954	384.301
2072	78.6395	383.859
2073	78.6818	383.847
2074	78.7248	383.843
2075	78.7671	383.797
2076	78.8094	383.757
2077	78.8515	383.67
2078	78.8938	383.642
2079	78.9361	383.609
2080	78.9786	383.395
2081	79.0216	383.379
2082	79.0653	383.324
2083	79.109	383.262
2084	79.1517	382.908
2085	79.1945	382.845
2086	79.2367	382.756
2087	79.2792	382.752
2089	79.3641	382.671
2090	79.4071	382.641
2093	79.5352	382.629
2094	79.5785	382.625
2096	79.6649	382.616
2097	79.7075	382.553
2098	79.7499	382.491
2099	79.7922	382.478
2100	79.8342	382.361
2101	79.8765	382.339
2103	79.9608	382.336
2107	80.1312	382.199
2108	80.1741	382.092
2109	80.2177	382.026
2110	80.2604	382.007
2111	80.3028	381.983
2112	80.345	381.963
2114	80.4294	381.949
2115	80.4716	381.937
2116	80.5147	381.902
2117	80.5576	381.887
2118	80.6012	381.542
2119	80.644	380.924
2120	80.6868	380.883
2121	80.729	380.836
2122	80.7714	380.206
2123	80.8142	379.464
2125	80.8997	379.458
2126	80.9418	379.429
2127	80.9841	379.308
2128	81.0263	379.059
2129	81.0687	378.939
2130	81.1108	378.836
2131	81.1541	378.621
2132	81.1962	378.465
2133	81.2387	378.435
2134	81.2808	378.345
2135	81.3241	378.327
2136	81.3661	378.016
2137	81.4085	377.98
2138	81.4506	377.979
2139	81.493	377.859
2141	81.5773	377.789
2143	81.6632	377.762
2144	81.7056	377.743
2145	81.7489	377.737
2146	81.7926	377.663
2147	81.8358	377.598
2149	81.9201	377.498
2150	81.9623	377.455
2151	82.0045	377.39
2152	82.0468	377.365
2153	82.0893	377.358
2154	82.1318	377.277
2156	82.217	377.273
2159	82.344	377.217
2161	82.4286	377.145
2162	82.4709	377.134
2164	82.5562	376.981
2165	82.5986	376.978
2166	82.6409	376.975
2168	82.7255	376.91
2169	82.7675	376.88
2170	82.8098	376.828
2171	82.8519	376.504
2172	82.8952	376.499
2173	82.9382	376.49
2174	82.9802	376.329
2175	83.0224	376.324
2177	83.1083	376.222
2178	83.1508	376.212
2179	83.1934	376.146
2180	83.2361	375.555
2181	83.2788	375.505
2182	83.3214	375.504
2183	83.3645	375.496
2184	83.4071	375.423
2185	83.4498	375.409
2188	83.5804	375.392
2189	83.6228	375.391
2191	83.7086	375.315
2192	83.7506	375.295
2193	83.7929	375.148
2194	83.8363	374.901
2196	83.9225	374.848
2197	83.9655	374.784
2200	84.0933	374.743
2201	84.1352	374.727
2202	84.1786	374.677
2203	84.2215	374.457
2204	84.2646	374.448
2205	84.3069	374.267
2206	84.3492	374.216
2208	84.4334	373.984
2209	84.4755	373.834
2210	84.5177	373.832
2211	84.5602	373.776
2212	84.6019	373.678
2213	84.6439	373.641
2214	84.6863	373.597
2215	84.7285	373.54
2217	84.8131	373.528
2219	84.8974	373.432
2220	84.9403	373.387
2221	84.9826	373.342
2222	85.025	373.248
2223	85.0671	373.167
2227	85.2375	373.129
2228	85.28	372.981
2229	85.3225	372.981
2230	85.3648	372.927
2231	85.4071	372.825
2232	85.4498	372.809
2233	85.4931	372.772
2234	85.5354	372.749
2237	85.6633	372.706
2238	85.7053	372.699
2240	85.7901	372.673
2241	85.8322	372.657
2244	85.9583	372.129
2245	86.0007	372.127
2247	86.0854	372.113
2248	86.1303	372.062
2252	86.3018	372.054
2253	86.3439	371.98
2254	86.3861	371.97
2255	86.4283	371.664
2256	86.47	371.655
2257	86.5114	371.651
2258	86.5532	371.53
2259	86.5951	371.524
2263	86.7614	371.198
2265	86.8446	371.138
2266	86.8859	371.102
2267	86.9283	371.055
2268	86.9701	370.868
2269	87.0116	370.86
2270	87.0532	370.794
2272	87.136	370.773
2275	87.2605	370.41
2276	87.3025	370.321
2277	87.3443	370.058
2278	87.3857	369.892
2279	87.4272	369.421
2280	87.4685	369.122
2281	87.51	368.755
2283	87.5941	368.663
2284	87.6356	368.297
2285	87.6782	368.066
2287	87.7622	367.99
2288	87.8042	367.987
2289	87.8459	367.921
2291	87.9302	367.88
2292	87.9727	367.873
2293	88.0142	367.869
2294	88.0563	367.091
2295	88.0984	366.997
2298	88.2238	366.986
2299	88.2679	366.469
2300	88.31	366.43
2301	88.3517	366.409
2303	88.4348	366.389
2304	88.4773	366.348
2306	88.5612	366.329
2311	88.7718	366.12
2312	88.8141	365.498
2313	88.8558	365.49
2314	88.8989	365.489
2316	88.9827	365.191
2318	89.066	365.1
2323	89.2739	364.99
2328	89.4841	364.655
2329	89.5264	364.51
2330	89.5686	364.275
2331	89.6102	364.25
2332	89.6517	363.974
2333	89.6939	363.512
2334	89.7356	363.495
2335	89.7773	363.107
2336	89.819	362.942
2337	89.8608	362.509
2338	89.9023	362.382
2339	89.946	362.34
2340	89.9884	362.233
2341	90.0302	362.222
2343	90.1134	361.252
2345	90.1968	361.023
2346	90.2389	361.006
2349	90.3658	360.98
2350	90.4102	360.215
2351	90.4527	360.026
2352	90.4945	359.969
2356	90.6613	359.331
2357	90.7031	359.33
2359	90.7874	359.185
2360	90.829	359.06
2361	90.8707	358.838
2362	90.9123	358.718
2364	90.9959	358.661
2366	91.0796	358.633
2367	91.121	358.293
2368	91.163	358.193
2370	91.2469	358.035
2371	91.2887	357.939
2372	91.3308	357.935
2374	91.4142	357.931
2377	91.5399	357.557
2378	91.582	357.472
2379	91.6241	357.439
2381	91.7088	357.437
2382	91.751	357.399
2383	91.7928	357.398
2384	91.8345	357.393
2385	91.8766	357.384
2386	91.9183	357.3
2387	91.96	357.18
2388	92.0018	357.149
2389	92.0434	356.993
2390	92.0852	356.85
2391	92.1274	356.831
2392	92.169	356.329
2393	92.2107	356.321
2394	92.2535	356.302
2396	92.3382	356.273
2397	92.3801	356.23
2398	92.4225	356.145
2399	92.4643	356.087
2401	92.5497	356.057
2402	92.5927	356.03
2403	92.6353	356.016
2404	92.678	355.994
2405	92.7197	355.926
2406	92.7615	355.896
2408	92.8447	355.879
2409	92.8867	355.873
2410	92.9286	355.577
2411	92.9704	355.575
2412	93.0125	355.559
2413	93.0544	355.555
2415	93.139	355.386
2416	93.1821	355.354
2418	93.2666	355.247
2420	93.3504	355.09
2421	93.3925	355.09
2422	93.4351	355.069
2423	93.4774	355.022
2424	93.5194	354.871
2425	93.5624	354.821
2426	93.6045	354.759
2429	93.7308	354.674
2430	93.7732	354.663
2433	93.8985	354.6
2434	93.9406	354.59
2436	94.0245	354.587
2437	94.0663	354.553
2438	94.1083	354.469
2439	94.1502	354.442
2440	94.1921	354.281
2441	94.2344	354.272
2443	94.3184	354.271
2444	94.3608	354.015
2447	94.4869	354.007
2448	94.5289	354.003
2449	94.5706	353.958
2450	94.6127	353.946
2451	94.6545	353.929
2452	94.6969	353.909
2453	94.7416	353.903
2454	94.7841	353.81
2456	94.8684	353.708
2457	94.9104	353.683
2458	94.9529	353.371
2459	94.9951	353.276
2460	95.0372	352.957
2462	95.1216	352.615
2463	95.1635	352.254
2465	95.2478	352.246
2466	95.2899	352.213
2467	95.3329	352.19
2468	95.3749	352.057
2469	95.4173	351.979
2470	95.4602	351.9
2471	95.5025	351.818
2472	95.5445	351.815
2473	95.5867	351.775
2474	95.6289	351.737
2475	95.671	351.699
2477	95.7554	351.666
2478	95.7978	351.65
2479	95.8404	351.627
2481	95.9244	351.623
2483	96.0092	351.619
2484	96.052	351.602
2485	96.0947	351.576
2486	96.1371	351.512
2489	96.2662	351.479
2490	96.3085	351.442
2492	96.3936	351.4
2493	96.4366	351.383
2496	96.5635	351.363
2499	96.6912	351.326
2500	96.734	351.326
2501	96.7761	351.194
2502	96.8184	351.18
2504	96.9051	351.148
2505	96.9479	351.12
2506	96.991	351.104
2508	97.0755	350.97
2510	97.1604	350.91
2511	97.2032	350.866
2512	97.2456	350.859
2513	97.2877	350.858
2514	97.3301	350.784
2515	97.3723	350.781
2519	97.5411	350.748
2520	97.5834	350.747
2521	97.6256	350.72
2523	97.7103	350.714
2524	97.7527	350.642
2525	97.7953	350.626
2529	97.9662	350.532
2531	98.052	350.53
2532	98.0957	350.491
2533	98.138	350.34
2534	98.181	350.085
2536	98.2664	350.056
2540	98.4368	350.033
2541	98.4795	350.029
2544	98.6081	349.718
2545	98.6505	349.711
2546	98.6936	349.668
2548	98.7783	348.59
2549	98.8226	348.539
2550	98.8649	348.538
2551	98.9076	348.453
2552	98.9501	348.388
2553	98.9928	348.142
2554	99.0354	348.118
2555	99.0804	347.998
2560	99.2962	347.967
2561	99.3391	347.806
2564	99.4665	347.798
2565	99.5091	347.678
2567	99.594	347.675
2568	99.6366	347.504
2569	99.6792	347.49
2571	99.7648	347.437
2572	99.8073	347.405
2577	100.022	347.386
2580	100.151	347.084
2583	100.28	347.058
2586	100.409	347.052
2587	100.451	347.002
2588	100.494	346.982
2589	100.538	346.965
2592	100.667	346.949
2593	100.71	346.894
2594	100.752	346.885
2595	100.795	346.67
2597	100.881	346.663
2598	100.925	346.56
2599	100.968	346.553
2603	101.139	346.511
2605	101.227	346.501
2606	101.272	346.177
2607	101.316	346.146
2608	101.358	345.911
2609	101.402	345.896
2610	101.444	345.822
2616	101.704	345.733
2617	101.748	344.833
2618	101.791	344.643
2619	101.834	344.593
2622	101.963	344.583
2624	102.049	344.253
2626	102.134	344.213
2627	102.177	344.193
2628	102.22	344.19
2631	102.349	344.152
2632	102.393	344.124
2634	102.478	344.028
2635	102.521	343.897
2637	102.608	343.823
2638	102.65	343.817
2639	102.693	343.434
2641	102.78	343.428
2643	102.867	343.406
2644	102.909	343.306
2645	102.952	342.018
2646	102.995	341.962
2647	103.038	340.278
2651	103.211	340.267
2652	103.254	340.221
2653	103.297	340.148
2654	103.34	340.143
2656	103.427	340.028
2659	103.561	339.995
2660	103.605	339.994
2664	103.777	339.908
2668	103.974	339.798
2669	104.017	339.721
2670	104.06	339.517
2671	104.103	339.515
2672	104.146	339.37
2673	104.189	339.285
2675	104.277	338.569
2676	104.32	338.452
2677	104.363	338.119
2679	104.45	338.093
2680	104.493	338.082
2683	104.621	337.831
2685	104.709	337.605
2686	104.752	337.595
2688	104.838	337.519
2689	104.881	337.514
2690	104.924	337.481
2692	105.01	337.448
2696	105.183	336.961
2699	105.311	336.907
2700	105.354	336.88
2701	105.398	336.731
2702	105.441	336.723
2704	105.526	336.687
2706	105.612	336.665
2707	105.656	336.437
2708	105.698	336.323
2714	105.959	336.318
2715	106.004	336.026
2716	106.047	335.681
2717	106.091	335.047
2721	106.266	335.007
2722	106.311	334.948
2723	106.355	334.939
2724	106.399	334.924
2725	106.445	334.899
2726	106.49	334.859
2728	106.582	334.778
2729	106.628	334.746
2730	106.673	334.609
2731	106.717	334.592
2732	106.763	334.276
2733	106.81	334.262
2734	106.855	334.236
2735	106.898	334.232
2736	106.945	334.218
2737	106.989	334.138
2738	107.035	333.736
2739	107.082	333.667
2740	107.126	333.586
2741	107.169	333.577
2742	107.214	333.574
2743	107.258	333.571
2744	107.302	333.533
2745	107.345	333.494
2746	107.389	333.488
2747	107.433	333.465
2749	107.521	333.462
2750	107.565	333.412
2751	107.609	333.407
2753	107.696	333.404
2754	107.739	333.392
2756	107.826	333.348
2758	107.914	333.335
2761	108.046	333.328
2762	108.089	333.285
2763	108.133	333.102
2764	108.177	332.978
2765	108.22	332.917
2766	108.265	332.9
2768	108.351	332.889
2769	108.395	332.831
2770	108.439	332.81
2773	108.57	332.771
2774	108.613	332.761
2775	108.657	332.671
2776	108.702	332.639
2777	108.745	332.618
2778	108.788	332.539
2779	108.831	332.452
2780	108.875	332.322
2781	108.918	332.311
2783	109.006	332.31
2784	109.049	332.036
2785	109.092	332.025
2787	109.181	332.014
2788	109.224	331.576
2789	109.268	331.548
2790	109.312	331.54
2791	109.355	331.515
2792	109.399	331.472
2793	109.442	331.466
2794	109.486	331.425
2795	109.53	331.414
2796	109.573	331.338
2797	109.616	331.33
2798	109.659	331.185
2799	109.702	331.139
2800	109.746	331.116
2802	109.833	331.067
2803	109.877	330.849
2806	110.007	330.829
2807	110.053	330.776
2809	110.141	330.672
2810	110.184	330.549
2811	110.228	330.471
2812	110.272	330.427
2813	110.315	330.407
2814	110.359	330.322
2815	110.402	330.308
2816	110.446	330.297
2817	110.49	330.28
2818	110.534	330.271
2819	110.577	330.27
2823	110.753	330.262
2824	110.796	330.259
2825	110.839	330.257
2826	110.883	330.21
2827	110.926	330.168
2829	111.012	330.122
2830	111.055	330.091
2831	111.098	329.915
2832	111.142	329.88
2833	111.185	329.875
2835	111.271	329.855
2836	111.315	329.839
2837	111.357	329.818
2839	111.443	329.737
2841	111.529	329.573
2842	111.572	329.561
2844	111.659	329.548
2845	111.703	329.542
2846	111.746	329.526
2848	111.832	329.478
2850	111.918	329.327
2851	111.961	329.305
2852	112.004	329.299
2853	112.047	329.291
2854	112.09	329.279
2855	112.133	329.277
2857	112.221	329.169
2859	112.309	329.091
2860	112.352	328.92
2861	112.395	328.868
2863	112.481	328.861
2864	112.524	328.854
2865	112.566	328.845
2866	112.609	328.8
2869	112.738	328.796
2871	112.824	328.773
2872	112.867	328.764
2874	112.953	328.63
2876	113.039	328.622
2879	113.17	328.613
2880	113.213	328.595
2882	113.301	328.577
2884	113.387	328.573
2885	113.429	328.559
2886	113.472	328.541
2887	113.515	328.405
2888	113.559	327.857
2889	113.603	327.8
2890	113.646	327.798
2891	113.69	327.616
2893	113.775	327.528
2894	113.818	327.486
2895	113.862	327.414
2897	113.949	327.409
2899	114.036	327.376
2900	114.079	327.343
2903	114.209	327.305
2904	114.252	327.275
2907	114.384	327.262
2908	114.429	327.184
2909	114.472	327.179
2910	114.516	327.153
2911	114.56	327.087
2912	114.604	327.057
2917	114.82	327.033
2918	114.864	326.894
2919	114.908	326.876
2920	114.951	326.811
2926	115.211	326.801
2927	115.255	326.725
2928	115.3	326.504
2929	115.343	326.477
2930	115.387	326.458
2933	115.517	326.239
2934	115.56	326.154
2935	115.604	326.016
2936	115.648	325.894
2937	115.691	325.843
2938	115.735	325.83
2939	115.779	325.825
2942	115.909	325.79
2943	115.952	325.788
2945	116.039	325.762
2946	116.083	325.715
2947	116.126	325.554
2948	116.169	325.494
2949	116.213	325.482
2954	116.432	325.439
2955	116.476	325.407
2956	116.519	325.399
2957	116.564	324.809
2960	116.696	324.74
2961	116.74	324.667
2962	116.783	324.658
2964	116.87	324.507
2965	116.915	324.472
2966	116.958	324.444
2967	117.001	324.433
2968	117.045	324.429
2969	117.088	324.404
2971	117.175	324.401
2973	117.262	324.399
2974	117.306	324.167
2975	117.35	324.133
2978	117.48	324.128
2979	117.524	323.918
2981	117.61	323.717
2986	117.828	323.662
2987	117.872	323.297
2988	117.917	323.196
2992	118.091	323.021
2993	118.135	322.904
2994	118.178	322.888
2995	118.222	322.884
2996	118.265	322.797
2997	118.309	322.764
2998	118.353	322.729
3000	118.44	322.729
3008	118.783	322.532
3009	118.827	322.505
3010	118.87	322.327
3011	118.914	322.321
3013	119.034	322.251
3016	119.163	322.235
3017	119.206	322.078
3019	119.29	322.037
3020	119.332	322.03
3023	119.46	321.795
3025	119.545	321.719
3026	119.588	321.706
3027	119.63	321.6
3028	119.672	321.586
3029	119.715	321.586
3030	119.757	321.54
3033	119.885	321.52
3034	119.927	321.469
3036	120.012	321.336
3037	120.055	321.336
3039	120.14	321.335
3044	120.351	321.215
3046	120.438	321.209
3048	120.523	321.107
3049	120.565	321.09
3050	120.608	320.996
3051	120.65	320.961
3054	120.778	320.934
3055	120.821	319.816
3056	120.863	319.581
3060	121.035	319.565
3061	121.077	319.523
3062	121.12	319.475
3063	121.162	319.462
3064	121.205	319.456
3065	121.248	319.448
3066	121.292	319.392
3068	121.377	319.369
3069	121.42	319.366
3070	121.464	319.342
3071	121.507	319.329
3072	121.55	319.222
3074	121.636	319.21
3076	121.721	319.203
3077	121.764	319.194
3078	121.807	319.027
3079	121.85	319.002
3080	121.893	318.998
3081	121.937	318.986
3082	121.981	318.973
3083	122.025	318.959
3084	122.068	318.931
3085	122.112	318.867
3086	122.155	318.669
3087	122.198	318.606
3088	122.241	318.599
3089	122.285	318.599
3090	122.328	318.556
3091	122.371	318.554
3092	122.415	318.482
3093	122.458	318.322
3094	122.501	318.32
3096	122.588	318.295
3098	122.675	318.278
3100	122.761	318.256
3101	122.804	318.243
3102	122.848	318.216
3103	122.891	318.189
3104	122.934	318.171
3105	122.978	318.082
3106	123.022	318.057
3107	123.065	318.003
3109	123.155	317.949
3110	123.199	317.92
3112	123.286	317.091
3113	123.331	317.021
3114	123.374	317.02
3115	123.42	317.005
3116	123.464	316.98
3117	123.507	316.928
3119	123.594	316.905
3120	123.639	316.849
3123	123.77	316.842
3127	123.943	316.832
3128	123.987	316.113
3129	124.03	316.093
3130	124.073	316.064
3132	124.16	315.899
3136	124.335	315.845
3137	124.378	315.833
3139	124.465	315.817
3140	124.508	315.806
3143	124.639	315.632
3146	124.772	315.599
3149	124.903	315.51
3150	124.947	315.501
3152	125.034	315.443
3153	125.077	315.425
3154	125.121	315.415
3155	125.165	315.406
3157	125.252	315.397
3158	125.298	315.388
3159	125.341	315.386
3160	125.385	315.386
3163	125.515	315.385
3164	125.558	315.384
3165	125.601	315.376
3166	125.644	315.362
3167	125.687	315.337
3168	125.73	315.321
3169	125.773	315.298
3171	125.86	315.167
3172	125.902	315.161
3173	125.945	315.153
3176	126.075	315.144
3177	126.118	315.073
3179	126.207	315.051
3181	126.294	314.989
3182	126.338	314.977
3184	126.424	314.922
3185	126.467	314.909
3186	126.51	314.89
3189	126.639	314.872
3190	126.682	314.836
3191	126.726	314.738
3192	126.77	314.728
3193	126.813	314.72
3195	126.899	314.719
3199	127.071	314.679
3200	127.115	314.614
3201	127.158	314.564
3203	127.244	314.558
3204	127.288	314.474
3205	127.331	314.467
3207	127.419	314.463
3208	127.464	314.408
3209	127.507	314.394
3210	127.551	314.271
3211	127.594	314.249
3212	127.637	314.242
3214	127.723	314.162
3215	127.767	314.103
3220	127.983	314.081
3222	128.07	314.049
3226	128.242	314.031
3227	128.286	313.956
3229	128.373	313.924
3230	128.416	313.919
3231	128.461	313.82
3232	128.505	313.816
3233	128.548	313.78
3234	128.592	313.731
3235	128.635	313.641
3237	128.722	313.533
3239	128.81	313.491
3240	128.853	313.456
3247	129.157	313.429
3248	129.2	313.419
3249	129.244	313.415
3250	129.288	313.395
3251	129.332	313.358
3252	129.375	313.213
3253	129.418	313.21
3257	129.593	313.193
3258	129.637	313.13
3259	129.681	313.117
3260	129.725	313.101
3266	129.99	313.099
3267	130.036	313.023
3270	130.167	312.968
3272	130.255	312.964
3273	130.299	312.925
3274	130.343	312.916
3275	130.388	312.881
3276	130.432	312.668
3277	130.476	312.663
3279	130.564	312.66
3285	130.829	312.6
3286	130.874	312.578
3287	130.918	312.341
3288	130.962	312.282
3289	131.007	312.282
3290	131.051	310.753
3293	131.185	310.744
3297	131.361	310.435
3300	131.494	310.288
3306	131.76	310.246
3307	131.806	310.233
3308	131.852	310.231
3309	131.896	310.223
3314	132.117	309.912
3315	132.161	309.904
3316	132.205	309.88
3318	132.293	309.877
3320	132.381	309.874
3321	132.426	309.747
3322	132.47	309.7
3327	132.693	309.374
3332	132.912	309.347
3333	132.955	309.186
3336	133.085	309.078
3338	133.172	308.952
3339	133.215	308.946
3348	133.606	308.77
3349	133.65	308.762
3350	133.694	308.595
3351	133.737	308.575
3353	133.823	308.393
3355	133.91	308.323
3356	133.953	308.251
3357	133.999	308.169
3359	134.087	308.055
3360	134.131	308.052
3361	134.175	308.011
3364	134.306	307.85
3365	134.351	307.797
3367	134.438	307.759
3370	134.568	307.741
3374	134.742	307.538
3379	134.959	307.522
3382	135.089	307.519
3384	135.175	307.243
3386	135.262	307.237
3387	135.305	306.968
3388	135.348	306.962
3389	135.392	306.915
3391	135.479	306.792
3401	135.916	306.784
3402	135.96	306.743
3403	136.003	306.677
3404	136.047	306.673
3405	136.09	306.629
3406	136.134	306.601
3408	136.222	306.597
3411	136.354	306.587
3412	136.398	306.095
3414	136.485	306.09
3416	136.571	306.084
3417	136.615	306.05
3418	136.658	305.99
3419	136.702	305.946
3420	136.745	305.936
3421	136.789	305.933
3422	136.832	305.925
3423	136.875	305.887
3424	136.918	305.866
3425	136.962	305.854
3426	137.005	305.822
3427	137.049	305.822
3428	137.094	305.815
3429	137.137	305.807
3430	137.181	305.763
3431	137.224	305.76
3433	137.311	305.75
3434	137.354	305.742
3438	137.528	305.727
3439	137.572	305.648
3440	137.615	305.32
3441	137.659	305.258
3442	137.703	305.249
3443	137.746	305.226
3446	137.876	305.22
3447	137.92	305.203
3449	138.007	305.169
3450	138.051	305.142
3453	138.182	305.118
3456	138.314	305.091
3457	138.359	305.061
3459	138.447	305.055
3461	138.535	305.051
3463	138.622	305.043
3464	138.667	305.042
3468	138.843	304.646
3469	138.887	304.637
3470	138.941	304.627
3471	138.989	304.623
3474	139.143	304.622
3476	139.231	304.58
3477	139.275	304.563
3480	139.407	304.555
3483	139.541	304.405
3486	139.672	304.383
3488	139.759	304.382
3489	139.803	304.323
3490	139.847	304.317
3491	139.891	304.232
3492	139.935	304.195
3493	139.979	304.177
3494	140.024	304.156
3496	140.111	304.154
3497	140.154	304.144
3498	140.198	304.104
3499	140.242	304.093
3500	140.286	304.093
3503	140.419	304.09
3504	140.463	304.085
3505	140.508	304.082
3506	140.553	304.063
3507	140.596	303.903
3509	140.685	303.864
3510	140.729	303.844
3511	140.773	303.814
3512	140.817	303.812
3513	140.861	303.807
3514	140.905	303.784
3515	140.949	303.758
3516	140.992	303.736
3517	141.037	302.588
3519	141.124	302.535
3521	141.213	302.44
3522	141.256	302.395
3524	141.345	302.391
3525	141.389	302.252
3527	141.477	302.188
3529	141.563	302.173
3531	141.651	302.161
3532	141.695	302.152
3533	141.739	302.152
3539	142.002	302.147
3540	142.047	302.108
3541	142.091	302.071
3543	142.178	302.007
3544	142.221	301.965
3545	142.265	301.95
3547	142.352	301.911
3549	142.439	301.896
3551	142.527	301.858
3552	142.571	301.851
3554	142.658	301.715
3556	142.747	301.67
3561	142.967	301.669
3562	143.01	301.655
3564	143.098	301.644
3566	143.185	301.629
3567	143.228	301.61
3568	143.272	301.29
3569	143.315	301.267
3570	143.359	301.266
3571	143.403	301.21
3573	143.491	301.186
3574	143.535	301.148
3575	143.579	300.898
3577	143.667	300.889
3580	143.798	300.87
3584	143.973	300.859
3587	144.105	300.853
3588	144.149	300.792
3589	144.192	300.788
3590	144.236	300.784
3591	144.279	300.718
3592	144.324	300.643
3593	144.367	300.635
3594	144.411	300.631
3597	144.544	300.618
3598	144.587	300.553
3600	144.675	300.55
3606	144.939	300.545
3608	145.027	300.505
3610	145.115	300.423
3613	145.246	300.386
3614	145.289	300.379
3615	145.334	300.265
3616	145.378	300.095
3617	145.422	300.051
3618	145.466	300.044
3619	145.511	300.043
3625	145.774	300.021
3627	145.862	300.002
3628	145.906	299.991
3629	145.95	299.988
3630	145.993	299.437
3631	146.038	299.417
3635	146.214	299.415
3637	146.301	299.157
3640	146.433	299.09
3641	146.477	298.998
3642	146.52	298.977
3646	146.697	298.827
3647	146.74	298.768
3648	146.784	298.766
3649	146.828	298.763
3653	147.003	298.744
3658	147.225	298.739
3659	147.269	298.715
3661	147.358	298.599
3666	147.577	298.594
3668	147.665	298.589
3670	147.754	298.494
3671	147.798	298.491
3673	147.886	298.467
3674	147.929	298.465
3675	147.973	298.452
3676	148.017	298.036
3677	148.061	297.997
3678	148.105	297.807
3679	148.149	297.798
3680	148.193	297.792
3684	148.368	297.778
3685	148.413	297.777
3686	148.459	297.722
3688	148.547	297.538
3689	148.592	297.533
3690	148.636	297.364
3691	148.679	297.363
3693	148.767	297.209
3695	148.855	297.079
3696	148.899	297.045
3701	149.117	296.806
3705	149.296	296.327
3711	149.562	296.314
3713	149.65	296.305
3716	149.782	296.253
3719	149.913	296.247
3720	149.958	296.245
3721	150.002	296.222
3723	150.09	296.216
3724	150.134	296.205
3730	150.398	296.201
3731	150.444	296.007
3734	150.576	296.004
3740	150.838	295.997
3742	150.925	295.968
3743	150.969	295.961
3744	151.013	295.958
3745	151.057	295.923
3746	151.101	295.867
3747	151.145	295.838
3748	151.189	295.743
3750	151.276	295.726
3751	151.321	295.724
3752	151.365	295.643
3754	151.455	295.636
3756	151.543	295.631
3757	151.586	295.624
3758	151.63	295.571
3759	151.674	295.543
3760	151.718	295.536
3762	151.806	295.531
3763	151.85	295.511
3764	151.894	295.504
3766	151.982	295.479
3768	152.07	295.475
3769	152.113	295.467
3770	152.157	295.424
3772	152.245	295.368
3773	152.289	295.358
3774	152.334	295.356
3776	152.423	295.345
3777	152.467	295.333
3778	152.51	295.326
3780	152.598	295.316
3781	152.642	295.293
3782	152.686	295.29
3783	152.731	295.089
3788	152.95	295.08
3789	152.994	295.054
3790	153.037	295.046
3792	153.125	294.823
3793	153.168	294.766
3794	153.212	294.759
3795	153.256	294.752
3796	153.299	294.732
3797	153.343	294.7
3799	153.43	294.697
3800	153.474	294.672
3802	153.562	294.614
3803	153.607	294.571
3804	153.651	294.569
3806	153.739	294.555
3808	153.826	294.507
3809	153.87	294.496
3810	153.914	294.485
3812	154.003	294.443
3813	154.047	294.399
3814	154.091	294.391
3816	154.178	294.366
3817	154.222	294.351
3818	154.266	294.345
3819	154.309	294.343
3820	154.353	294.335
3821	154.396	294.331
3822	154.44	294.311
3823	154.483	294.184
3824	154.527	294.126
3825	154.573	294.094
3828	154.704	294.068
3829	154.749	294.009
3830	154.793	293.999
3832	154.88	293.983
3833	154.923	293.966
3834	154.967	293.947
3836	155.054	293.942
3837	155.097	293.941
3840	155.228	293.908
3843	155.359	293.899
3844	155.403	293.894
3845	155.447	293.888
3846	155.491	293.847
3847	155.534	293.765
3848	155.578	293.746
3849	155.622	293.598
3851	155.709	293.539
3852	155.753	293.538
3854	155.842	293.507
3857	155.974	293.263
3859	156.064	293.238
3861	156.151	293.089
3862	156.195	293.047
3865	156.327	293.026
3867	156.414	292.992
3869	156.501	292.991
3870	156.545	292.959
3871	156.589	292.937
3872	156.632	292.932
3873	156.676	292.916
3874	156.72	292.883
3876	156.809	292.866
3879	156.939	292.83
3881	157.028	292.766
3883	157.116	292.743
3885	157.205	292.742
3887	157.293	292.742
3889	157.38	292.727
3891	157.467	292.713
3892	157.51	292.694
3894	157.597	292.645
3896	157.686	292.585
3898	157.775	292.58
3900	157.862	292.58
3902	157.951	292.549
3903	157.996	292.545
3904	158.039	292.529
3906	158.127	292.5
3907	158.195	292.471
3908	158.243	292.272
3909	158.297	292.205
3910	158.343	292.105
3911	158.386	291.545
3912	158.43	291.509
3913	158.474	291.347
3914	158.517	291.32
3915	158.561	291.136
3918	158.692	291.087
3919	158.736	291.074
3920	158.78	291.055
3922	158.868	291.021
3924	158.955	290.979
3925	158.999	290.961
3927	159.087	290.907
3928	159.131	290.875
3929	159.174	290.871
3931	159.262	290.692
3932	159.306	290.673
3933	159.35	290.66
3934	159.394	290.636
3937	159.525	290.622
3939	159.612	290.614
3940	159.656	290.611
3942	159.744	290.607
3943	159.788	290.595
3946	159.919	290.592
3947	159.963	290.571
3950	160.094	290.563
3953	160.229	290.551
3956	160.36	290.473
3957	160.404	290.466
3963	160.665	290.461
3964	160.709	290.375
3966	160.796	290.373
3967	160.841	290.36
3968	160.884	290.317
3970	160.972	290.285
3971	161.016	290.281
3972	161.06	290.253
3976	161.236	290.112
3977	161.28	289.888
3980	161.411	289.78
3982	161.499	289.724
3984	161.586	289.592
3987	161.718	289.536
3988	161.761	289.533
3994	162.024	289.503
3995	162.068	289.432
3998	162.201	289.427
3999	162.245	289.389
4000	162.29	289.389
4001	162.336	289.308
4007	162.597	289.279
4010	162.728	289.222
4013	162.859	289.178
4016	162.99	289.037
4017	163.034	289.013
4018	163.078	288.95
4028	163.515	288.875
4030	163.602	288.755
4031	163.645	288.691
4033	163.733	288.682
4035	163.821	288.66
4036	163.866	288.659
4037	163.909	288.588
4041	164.086	288.554
4042	164.13	288.506
4043	164.174	288.493
4045	164.261	288.245
4049	164.44	288.244
4050	164.485	288.228
4056	164.749	288.128
4060	164.925	288.126
4062	165.012	288.12
4064	165.099	287.953
4066	165.187	287.95
4068	165.274	287.925
4070	165.361	287.847
4071	165.405	287.706
4074	165.536	287.702
4077	165.668	287.48
4081	165.842	287.451
4082	165.885	287.344
4083	165.929	287.342
4085	166.016	287.314
4086	166.06	287.268
4088	166.147	287.248
4090	166.234	287.231
4094	166.41	287.217
4095	166.454	287.215
4096	166.497	287.213
4097	166.54	287.18
4098	166.582	287.15
4099	166.626	286.723
4100	166.67	286.717
4102	166.756	286.711
4104	166.842	286.699
4105	166.885	286.642
4106	166.928	286.628
4108	167.013	286.625
4109	167.056	286.611
4110	167.099	286.577
4113	167.228	286.554
4114	167.271	286.547
4115	167.315	286.518
4116	167.357	286.517
4117	167.4	286.504
4118	167.442	286.484
4119	167.485	286.436
4121	167.571	286.433
4122	167.615	286.418
4124	167.701	286.363
4128	167.873	286.354
4129	167.916	286.325
4130	167.959	286.277
4131	168.002	285.681
4133	168.087	285.65
4136	168.216	285.633
4137	168.259	285.594
4139	168.345	285.589
4140	168.388	285.538
4142	168.473	285.497
4144	168.558	285.489
4147	168.687	285.456
4148	168.73	285.431
4150	168.818	285.423
4154	168.989	285.374
4156	169.076	285.355
4158	169.161	285.329
4159	169.205	285.3
4160	169.248	285.26
4162	169.334	285.218
4163	169.376	285.054
4164	169.42	285.026
4165	169.462	285.024
4166	169.505	284.842
4168	169.591	284.795
4169	169.634	284.738
4170	169.677	284.726
4172	169.762	284.635
4173	169.805	284.617
4174	169.848	284.587
4177	169.978	284.573
4183	170.236	284.567
4184	170.279	284.562
4185	170.322	284.561
4186	170.365	284.531
4187	170.408	284.463
4188	170.45	284.403
4189	170.494	284.394
4190	170.537	284.392
4197	170.838	284.354
4199	170.925	284.316
4201	171.014	284.203
4202	171.058	284.183
4205	171.186	284.173
4212	171.491	284.17
4213	171.534	284.146
4214	171.577	284.107
4219	171.793	284.045
4221	171.879	284.035
4223	171.965	284.033
4225	172.051	284.032
4226	172.095	284.032
4231	172.311	284.011
4232	172.354	283.986
4234	172.44	283.979
4236	172.526	283.975
4240	172.698	283.972
4242	172.784	283.966
4247	173.002	283.92
4248	173.045	283.129
4249	173.09	283.093
4250	173.135	283.079
4251	173.179	283.04
4252	173.222	282.999
4253	173.265	282.979
4254	173.308	282.933
4255	173.352	282.8
4257	173.439	282.795
4260	173.57	282.782
4261	173.613	282.78
4268	173.918	282.77
4269	173.961	282.767
4271	174.047	282.482
4272	174.091	282.476
4277	174.306	282.457
4280	174.435	282.45
4283	174.565	282.422
4284	174.608	282.163
4286	174.695	282.16
4287	174.739	282.144
4293	175	282.136
4294	175.044	282.135
4295	175.09	282.125
4296	175.134	282.085
4297	175.177	282.007
4307	175.616	281.995
4308	175.66	281.992
4310	175.749	281.957
4311	175.794	281.928
4312	175.837	281.922
4315	175.967	281.903
4316	176.035	281.814
4317	176.083	281.644
4319	176.177	281.622
4320	176.22	281.383
4321	176.264	280.597
4327	176.525	280.584
4328	176.569	280.58
4331	176.699	280.57
4334	176.829	280.543
4335	176.872	280.488
4341	177.133	280.435
4347	177.394	280.377
4350	177.526	280.354
4353	177.656	279.794
4356	177.785	279.706
4358	177.871	279.675
4359	177.915	279.652
4366	178.221	279.628
4368	178.307	279.564
4370	178.395	279.449
4371	178.438	279.415
4376	178.655	279.413
4377	178.699	279.384
4380	178.831	279.376
4383	178.962	279.197
4385	179.049	279.01
4390	179.27	278.952
4393	179.402	278.942
4400	179.713	278.918
4401	179.757	278.872
4402	179.802	278.755
4406	179.978	278.751
4408	180.065	278.729
4410	180.153	278.539
4411	180.197	278.476
4412	180.241	278.476
4414	180.329	278.469
4421	180.634	278.442
4422	180.677	278.293
4423	180.721	278.291
4424	180.764	278.289
4425	180.808	278.255
4426	180.852	278.207
4427	180.896	278.164
4428	180.941	278.127
4429	180.985	278.126
4430	181.028	278.105
4431	181.072	278.087
4432	181.116	278.078
4434	181.203	278.072
4436	181.29	278.071
4437	181.333	278.052
4438	181.377	278.006
4439	181.421	277.941
4441	181.508	277.753
4443	181.595	277.741
4444	181.639	277.725
4446	181.728	277.683
4447	181.774	277.674
4448	181.819	277.666
4449	181.862	277.664
4450	181.907	277.621
4453	182.038	277.616
4454	182.082	277.612
4455	182.126	277.591
4456	182.171	277.57
4458	182.258	277.559
4461	182.389	277.544
4462	182.432	277.493
4463	182.476	277.489
4464	182.52	277.473
4465	182.563	277.463
4466	182.607	277.46
4469	182.739	277.436
4471	182.826	277.301
4473	182.913	277.273
4476	183.044	277.262
4477	183.087	277.228
4479	183.176	277.221
4480	183.221	277.17
4482	183.309	277.01
4487	183.527	276.996
4488	183.571	276.971
4490	183.659	276.964
4491	183.704	276.948
4492	183.773	276.943
4494	183.867	276.918
4495	183.911	276.914
4496	183.959	276.893
4498	184.048	276.722
4499	184.094	276.722
4500	184.138	276.689
4501	184.182	276.677
4503	184.272	276.573
4505	184.365	276.569
4506	184.409	276.535
4508	184.498	276.506
4509	184.542	276.498
4510	184.585	276.474
4511	184.629	276.36
4513	184.716	276.349
4517	184.892	276.343
4524	185.199	276.343
4525	185.243	276.342
4526	185.288	276.29
4527	185.332	276.271
4530	185.463	276.269
4531	185.506	276.244
4532	185.55	276.243
4537	185.767	276.045
4539	185.857	276.018
4540	185.901	276.012
4541	185.945	275.97
4542	185.989	275.962
4544	186.078	275.948
4545	186.124	275.922
4550	186.349	275.866
4552	186.438	275.837
4553	186.482	275.829
4554	186.536	275.239
4558	186.723	275.209
4559	186.767	275.207
4561	186.857	275.194
4563	186.946	275.184
4564	186.991	275.182
4565	187.036	275.18
4566	187.081	275.177
4571	187.307	275.161
4572	187.351	275.08
4574	187.441	275.064
4576	187.532	275.064
4578	187.675	275.061
4581	187.818	275.06
4582	187.863	275.027
4583	187.908	274.869
4588	188.131	274.508
4589	188.175	274.474
4590	188.219	274.461
4591	188.263	274.454
4592	188.317	274.441
4593	188.388	274.431
4594	188.435	274.421
4595	188.481	274.296
4599	188.661	274.284
4600	188.706	274.268
4604	188.888	274.219
4605	188.934	274.214
4607	189.028	274.209
4608	189.075	274.178
4610	189.167	274.173
4611	189.216	274.12
4612	189.264	274.118
4613	189.312	274.11
4617	189.49	274.101
4620	189.624	274.098
4625	189.846	274.077
4628	189.98	274.058
4632	190.159	274.058
4634	190.248	274.058
4635	190.291	274.02
4636	190.335	274.001
4637	190.378	273.994
4639	190.465	273.993
4642	190.599	273.992
4643	190.645	273.97
4647	190.823	273.96
4649	190.911	273.958
4652	191.086	273.955
4655	191.24	273.681
4656	191.284	273.618
4657	191.328	273.522
4660	191.459	273.499
4664	191.634	273.425
4667	191.765	273.4
4669	191.854	273.389
4671	191.941	273.382
4673	192.028	273.382
4678	192.247	273.371
4680	192.334	273.26
4681	192.385	273.224
4686	192.604	273.219
4687	192.647	273.166
4688	192.692	273.146
4690	192.781	273.114
4693	192.915	273.111
4695	193.002	273.102
4696	193.046	273.072
4698	193.133	273.065
4708	193.569	272.833
4710	193.656	272.73
4711	193.7	272.704
4719	194.075	272.703
4723	194.254	272.579
4725	194.369	272.538
4730	194.603	272.453
4733	194.737	272.447
4739	195.009	272.444
4741	195.1	272.409
4742	195.146	272.389
4747	195.367	272.359
4752	195.589	272.356
4754	195.678	272.343
4761	195.989	272.338
4762	196.032	272.278
4763	196.078	272.276
4765	196.167	272.187
4766	196.211	272.179
4768	196.301	272.16
4769	196.346	272.156
4770	196.39	272.141
4771	196.434	272.134
4773	196.522	272.13
4776	196.655	272.13
4777	196.701	272.121
4778	196.746	272.099
4779	196.79	272.073
4781	196.915	272.067
4783	197.004	272.061
4784	197.048	272.051
4785	197.098	272.019
4786	197.144	272.014
4787	197.191	272.011
4788	197.236	272.007
4789	197.28	272.006
4790	197.325	271.963
4793	197.458	271.962
4796	197.593	271.953
4798	197.682	271.948
4799	197.726	271.943
4802	197.858	271.912
4804	197.947	271.907
4809	198.168	271.887
4811	198.254	271.791
4812	198.298	271.77
4813	198.342	271.758
4816	198.474	271.746
4817	198.517	271.673
4818	198.56	271.673
4819	198.603	271.672
4820	198.646	271.654
4821	198.689	271.652
4822	198.732	271.51
4827	198.945	271.486
4828	198.988	271.451
4829	199.031	271.435
4830	199.074	271.431
4834	199.246	271.425
4836	199.365	271.418
4838	199.473	271.355
4839	199.516	271.341
4840	199.559	271.328
4843	199.688	271.271
4845	199.773	271.267
4846	199.816	271.188
4848	199.903	271.157
4849	199.946	271.153
4850	199.989	271.148
4852	200.114	271.131
4853	200.159	271.123
4856	200.289	271.123
4857	200.332	271.118
4863	200.593	271.112
4866	200.723	271.084
4869	200.852	271.03
4870	200.895	271.014
4871	200.938	271.01
4872	200.981	271.009
4876	201.155	270.927
4877	201.198	270.782
4879	201.284	270.747
4881	201.371	270.702
4882	201.415	270.694
4885	201.545	270.67
4888	201.676	270.649
4894	201.936	270.638
4899	202.153	270.638
4901	202.241	270.627
4903	202.329	270.621
4904	202.372	270.62
4905	202.416	270.619
4911	202.678	270.606
4912	202.721	270.573
4916	202.896	270.571
4925	203.287	270.562
4928	203.417	270.315
4929	203.461	270.278
4930	203.506	270.267
4932	203.595	270.169
4934	203.682	270.16
4935	203.726	270.054
4937	203.815	270.052
4940	203.946	270.038
4948	204.295	269.884
4951	204.427	269.832
4952	204.47	269.829
4957	204.688	269.819
4960	204.818	269.812
4965	205.036	269.799
4966	205.08	269.795
4970	205.256	269.78
4977	205.561	269.772
4979	205.647	269.769
4981	205.735	269.768
4983	205.822	269.764
4987	205.999	269.755
4989	206.087	269.754
4990	206.131	269.712
4991	206.175	269.687
4992	206.219	269.686
4995	206.349	269.638
4996	206.392	269.563
4997	206.436	269.468
4998	206.48	269.444
5000	206.569	269.444
5004	206.744	269.211
5007	206.877	269.2
5009	206.965	269.164
5011	207.074	269.162
5018	207.386	269.157
5019	207.43	269.045
5027	207.781	269.029
5034	208.116	269.029
5048	208.751	268.476
5050	208.846	268.443
5055	209.131	268.306
5059	209.318	268.305
5063	209.495	268.249
5065	209.583	268.185
5070	209.804	268.085
5081	210.315	268.077
5082	210.368	268.068
5090	210.731	268.009
5094	210.908	268.008
5099	211.128	268.002
5101	211.216	267.998
5102	211.26	267.969
5103	211.304	267.968
5104	211.348	267.959
5105	211.392	267.937
5106	211.437	267.912
5108	211.525	267.885
5111	211.658	267.866
5112	211.703	267.847
5116	211.881	267.847
5117	211.924	267.832
5118	211.968	267.827
5119	212.012	267.804
5121	212.1	267.796
5126	212.327	267.794
5128	212.416	267.788
5129	212.462	267.786
5130	212.509	267.742
5133	212.646	267.727
5138	212.869	267.725
5142	213.046	267.704
5143	213.09	267.692
5148	213.311	267.645
5149	213.355	267.628
5151	213.443	267.623
5153	213.533	267.613
5154	213.577	267.611
5156	213.664	267.605
5157	213.708	267.592
5159	213.796	267.586
5160	213.865	267.578
5161	213.912	267.568
5163	214.005	267.566
5174	214.484	267.561
5176	214.571	267.557
5177	214.641	267.543
5178	214.692	267.48
5179	214.736	267.478
5180	214.78	267.469
5183	214.913	267.416
5185	215.001	267.408
5186	215.056	267.321
5188	215.144	267.305
5189	215.188	267.295
5190	215.232	267.168
5193	215.364	267.162
5194	215.41	267.161
5197	215.544	267.158
5199	215.692	267.152
5205	215.957	267.152
5206	216.002	267.115
5210	216.177	267.104
5211	216.221	267.076
5213	216.31	267.069
5216	216.441	267.064
5217	216.485	266.994
5218	216.529	266.983
5219	216.572	266.962
5220	216.618	266.959
5221	216.662	266.956
5222	216.706	266.953
5224	216.793	266.947
5225	216.84	266.944
5228	216.972	266.885
5230	217.062	266.885
5232	217.15	266.856
5233	217.194	266.856
5235	217.282	266.852
5237	217.369	266.85
5238	217.413	266.839
5240	217.5	266.807
5241	217.543	266.805
5243	217.633	266.802
5244	217.676	266.798
5245	217.72	266.797
5246	217.764	266.786
5247	217.808	266.768
5249	217.895	266.764
5251	217.981	266.755
5252	218.026	266.734
5259	218.335	266.728
5260	218.379	266.716
5262	218.468	266.707
5268	218.732	266.553
5269	218.776	266.517
5270	218.82	266.508
5271	218.864	266.499
5274	218.998	266.486
5275	219.044	266.402
5277	219.133	266.396
5278	219.178	266.388
5280	219.266	266.376
5288	219.622	266.374
5291	219.759	266.347
5292	219.817	266.344
5295	219.956	266.334
5297	220.044	266.32
5302	220.264	266.314
5305	220.397	266.311
5312	220.704	266.31
5313	220.75	266.309
5317	220.927	266.305
5319	221.016	266.302
5327	221.373	266.294
5328	221.417	266.291
5329	221.461	266.249
5336	221.769	266.159
5337	221.815	266.096
5338	221.859	266.093
5344	222.126	266.059
5346	222.214	266.054
5347	222.257	266.051
5351	222.433	266.051
5353	222.52	266.046
5354	222.564	266.039
5355	222.607	266.019
5358	222.738	266.016
5361	222.869	265.996
5367	223.136	265.944
5382	223.796	265.904
5388	224.057	265.767
5390	224.145	265.688
5393	224.277	265.685
5395	224.365	265.51
5396	224.409	265.485
5397	224.453	265.483
5399	224.542	265.483
5400	224.585	265.481
5405	224.804	265.466
5408	224.937	265.442
5410	225.025	265.402
5417	225.333	265.402
5422	225.552	265.401
5424	225.642	265.387
5428	225.818	265.385
5429	225.862	265.373
5430	225.905	265.315
5431	225.95	265.297
5434	226.082	265.293
5438	226.285	265.185
5440	226.383	265.183
5441	226.433	265.171
5442	226.477	265.136
5443	226.521	265.135
5444	226.565	265.134
5445	226.611	265.119
5446	226.655	265.103
5448	226.743	265.084
5449	226.786	265.075
5450	226.83	265.067
5451	226.874	265.059
5452	226.918	265.021
5456	227.124	265.02
5457	227.176	264.918
5458	227.221	264.895
5459	227.266	264.883
5461	227.354	264.871
5464	227.488	264.867
5465	227.533	264.867
5466	227.579	264.849
5467	227.628	264.848
5468	227.675	264.844
5469	227.72	264.841
5470	227.768	264.803
5471	227.812	264.802
5473	227.9	264.611
5474	227.946	264.605
5476	228.035	264.605
5478	228.124	264.602
5479	228.168	264.598
5482	228.301	264.594
5483	228.345	264.591
5484	228.389	264.58
5485	228.433	264.58
5489	228.611	264.575
5490	228.654	264.486
5491	228.698	264.4
5493	228.786	264.399
5495	228.875	264.396
5496	228.919	264.382
5497	228.962	264.375
5500	229.094	264.362
5501	229.138	264.345
5503	229.226	264.345
5505	229.314	264.344
5507	229.402	264.337
5510	229.537	264.336
5515	229.76	264.324
5516	229.804	264.309
5518	229.894	264.291
5520	230.016	264.28
5524	230.218	264.276
5526	230.307	264.245
5529	230.439	264.24
5530	230.482	264.234
5531	230.525	264.211
5532	230.569	264.178
5533	230.612	264.172
5534	230.655	264.168
5537	230.791	264.163
5538	230.834	264.144
5543	231.049	264.143
5545	231.135	264.142
5546	231.178	264.111
5549	231.306	264.088
5550	231.349	264.066
5553	231.48	264.06
5557	231.651	263.915
5561	231.822	263.91
5562	231.865	263.904
5564	231.951	263.9
5565	231.994	263.894
5566	232.037	263.861
5567	232.081	263.855
5568	232.124	263.812
5571	232.257	263.807
5572	232.3	263.799
5581	232.686	263.794
5583	232.773	263.791
5584	232.816	263.789
5585	232.859	263.789
5589	233.031	263.788
5591	233.118	263.782
5592	233.162	263.749
5601	233.553	263.748
5602	233.596	263.742
5608	233.856	263.628
5609	233.899	263.605
5610	233.942	263.599
5615	234.16	263.527
5617	234.248	263.514
5619	234.337	263.514
5620	234.382	263.498
5622	234.471	263.44
5625	234.602	263.439
5627	234.69	263.304
5628	234.734	263.289
5631	234.865	263.269
5632	234.909	263.266
5637	235.127	263.257
5638	235.171	263.253
5642	235.345	263.232
5646	235.519	263.231
5647	235.562	263.229
5654	235.87	263.196
5659	236.089	263.195
5662	236.222	263.185
5667	236.443	263.178
5669	236.533	263.11
5670	236.576	263.099
5672	236.664	263.098
5676	236.84	263.022
5677	236.883	262.999
5686	237.279	262.999
5687	237.323	262.97
5691	237.497	262.969
5711	238.4	262.965
5714	238.532	262.961
5716	238.62	262.96
5728	239.179	262.828
5729	239.222	262.813
5730	239.266	262.78
5733	239.396	262.753
5735	239.484	262.619
5736	239.527	262.611
5740	239.703	262.603
5749	240.093	262.602
5750	240.137	262.571
5752	240.224	262.569
5753	240.267	262.568
5757	240.44	262.567
5767	240.879	262.558
5768	240.923	262.55
5777	241.316	262.508
5780	241.447	262.504
5781	241.49	262.5
5782	241.534	262.477
5783	241.578	262.476
5785	241.666	262.463
5786	241.71	262.435
5788	241.796	262.422
5789	241.84	262.42
5791	241.928	262.406
5792	241.973	262.396
5795	242.105	262.388
5796	242.15	262.384
5797	242.196	262.372
5798	242.242	262.347
5799	242.287	262.334
5800	242.331	262.334
5801	242.376	262.332
5803	242.467	262.329
5805	242.556	262.325
5806	242.601	262.321
5807	242.646	262.32
5808	242.691	262.315
5809	242.737	262.312
5810	242.783	262.279
5813	242.918	262.271
5814	242.962	262.271
5823	243.373	262.269
5829	243.645	262.264
5830	243.69	262.243
5831	243.735	262.234
5833	243.825	262.231
5834	243.87	262.228
5836	243.961	262.22
5837	244.008	262.218
5840	244.144	262.197
5841	244.188	262.197
5843	244.277	262.194
5845	244.365	262.193
5848	244.496	262.187
5850	244.584	262.045
5852	244.672	261.926
5855	244.803	261.921
5856	244.847	261.921
5857	244.891	261.92
5860	245.021	261.915
5865	245.243	261.902
5866	245.286	261.871
5870	245.462	261.806
5873	245.594	261.801
5874	245.638	261.799
5877	245.769	261.797
5878	245.812	261.78
5884	246.076	261.778
5885	246.121	261.772
5886	246.166	261.77
5890	246.343	261.755
5891	246.387	261.751
5892	246.431	261.75
5893	246.474	261.748
5897	246.651	261.668
5901	246.826	261.653
5905	246.999	261.647
5906	247.043	261.641
5912	247.309	261.631
5913	247.352	261.629
5921	247.704	261.627
5931	248.142	261.593
5932	248.186	261.576
5940	248.537	261.54
5941	248.58	261.536
5944	248.711	261.534
5945	248.754	261.519
5948	248.887	261.419
5949	248.931	261.399
5950	248.976	261.396
5952	249.063	261.396
5955	249.193	261.349
5958	249.324	261.31
5960	249.411	261.299
5965	249.63	261.294
5967	249.719	261.254
5971	249.894	261.22
5977	250.159	261.212
5979	250.249	261.21
5986	250.56	261.209
5992	250.827	261.208
5993	250.872	261.208
5994	250.917	261.198
5997	251.051	261.19
5998	251.095	261.178
5999	251.14	261.178
6000	251.184	261.178
6004	251.362	261.081
6007	251.496	261.075
6009	251.585	261.049
6012	251.718	261.048
6016	251.903	260.984
6017	251.949	260.973
6019	252.04	260.972
6020	252.085	260.938
6022	252.173	260.924
6023	252.218	260.911
6024	252.262	260.87
6026	252.352	260.859
6028	252.441	260.857
6031	252.574	260.856
6036	252.795	260.748
6038	252.883	260.747
6039	252.927	260.743
6048	253.41	260.674
6055	253.724	260.674
6056	253.769	260.575
6061	253.996	260.561
6064	254.129	260.55
6068	254.305	260.469
6069	254.35	260.468
6070	254.395	260.409
6073	254.528	260.342
6075	254.617	260.328
6076	254.661	260.326
6077	254.704	260.324
6081	254.88	260.316
6082	254.924	260.313
6085	255.056	260.307
6086	255.099	260.305
6090	255.275	260.288
6093	255.409	260.287
6096	255.54	260.276
6097	255.584	260.271
6099	255.671	260.265
6102	255.802	260.253
6105	255.934	260.253
6110	256.155	260.243
6114	256.335	260.238
6116	256.471	260.233
6120	256.649	260.219
6122	256.737	260.16
6123	256.781	260.159
6125	256.869	260.154
6126	256.913	260.137
6127	256.957	260.133
6128	257.001	260.127
6131	257.132	260.124
6133	257.219	260.119
6136	257.351	260.114
6137	257.395	260.107
6138	257.44	260.086
6139	257.485	260.084
6141	257.572	260.08
6145	257.748	260.031
6146	257.792	260.026
6148	257.879	260.024
6149	257.923	260.024
6150	257.967	259.995
6151	258.01	259.994
6153	258.099	259.978
6154	258.143	259.978
6160	258.411	259.972
6165	258.633	259.967
6166	258.677	259.955
6171	258.898	259.937
6174	259.031	259.924
6176	259.119	259.92
6177	259.163	259.904
6179	259.251	259.904
6180	259.295	259.88
6182	259.384	259.605
6183	259.429	259.599
6185	259.517	259.599
6187	259.606	259.594
6190	259.739	259.584
6191	259.783	259.583
6192	259.827	259.549
6194	259.915	259.536
6195	259.959	259.531
6197	260.049	259.528
6198	260.094	259.399
6200	260.182	259.391
6205	260.404	259.39
6206	260.448	259.389
6208	260.539	259.383
6209	260.584	259.382
6210	260.628	259.336
6212	260.717	259.331
6213	260.762	259.328
6216	260.895	259.323
6217	260.939	259.322
6218	260.985	259.305
6221	261.118	259.299
6224	261.252	259.285
6226	261.34	259.271
6230	261.516	259.257
6233	261.648	259.255
6236	261.779	259.253
6244	262.132	259.24
6245	262.177	259.238
6248	262.31	259.235
6249	262.354	259.223
6251	262.442	259.218
6252	262.485	259.212
6253	262.528	259.209
6259	262.791	259.203
6260	262.834	259.115
6261	262.876	259.114
6263	262.962	259.113
6265	263.047	259.111
6271	263.305	259.051
6272	263.348	259.038
6273	263.391	259.033
6276	263.521	259.029
6277	263.564	258.991
6280	263.694	258.99
6281	263.737	258.983
6284	263.866	258.971
6288	264.039	258.874
6289	264.082	258.864
6290	264.125	258.863
6292	264.21	258.858
6295	264.341	258.82
6296	264.385	258.782
6300	264.558	258.77
6301	264.601	258.728
6304	264.73	258.721
6308	264.904	258.711
6311	265.034	258.686
6313	265.122	258.674
6317	265.299	258.669
6326	265.688	258.668
6334	266.034	258.663
6335	266.077	258.661
6337	266.164	258.653
6338	266.208	258.594
6343	266.426	258.588
6344	266.47	258.574
6347	266.601	258.569
6348	266.645	258.566
6349	266.688	258.546
6356	266.997	258.478
6357	267.041	258.353
6364	267.347	258.283
6366	267.436	258.276
6367	267.48	258.269
6371	267.655	258.269
6375	267.832	258.259
6378	267.963	258.259
6388	268.4	258.207
6396	268.787	258.152
6399	268.923	258.147
6400	268.967	258.118
6408	269.323	258.049
6410	269.411	258.002
6413	269.542	257.975
6420	269.848	257.975
6421	269.892	257.965
6423	269.98	257.931
6426	270.111	257.93
6428	270.201	257.913
6430	270.289	257.908
6433	270.419	257.906
6437	270.595	257.904
6439	270.682	257.903
6440	270.726	257.886
6444	270.902	257.553
6445	270.945	257.553
6446	270.989	257.552
6449	271.12	257.542
6458	271.516	257.536
6461	271.646	257.534
6462	271.69	257.514
6464	271.777	257.498
6466	271.863	257.475
6468	271.95	257.462
6469	271.994	257.462
6470	272.038	257.411
6471	272.082	257.403
6474	272.214	257.401
6476	272.301	257.398
6477	272.345	257.391
6478	272.389	257.384
6479	272.432	257.382
6480	272.477	257.377
6484	272.652	257.376
6486	272.738	257.374
6488	272.825	257.371
6489	272.869	257.369
6490	272.913	257.34
6491	272.958	257.31
6492	273.002	257.284
6493	273.047	257.279
6494	273.091	257.275
6495	273.135	257.274
6496	273.178	257.266
6497	273.222	257.251
6500	273.354	257.251
6502	273.443	256.898
6503	273.487	256.893
6505	273.575	256.883
6508	273.706	256.881
6509	273.75	256.871
6510	273.794	256.869
6512	273.881	256.868
6513	273.925	256.846
6516	274.057	256.835
6517	274.101	256.815
6522	274.325	256.723
6523	274.37	256.723
6530	274.684	256.708
6532	274.774	256.702
6535	274.909	256.698
6538	275.043	256.664
6540	275.134	256.648
6545	275.36	256.647
6548	275.495	256.628
6549	275.54	256.628
6550	275.585	256.555
6553	275.723	256.552
6554	275.768	256.549
6558	275.947	256.548
6564	276.217	256.539
6565	276.262	256.536
6566	276.305	256.506
6570	276.481	256.501
6572	276.568	256.5
6573	276.612	256.499
6582	277.049	256.452
6583	277.093	256.439
6584	277.137	256.433
6587	277.268	256.433
6590	277.4	256.432
6591	277.444	256.424
6592	277.487	256.416
6593	277.531	256.403
6599	277.793	256.346
6601	277.882	256.342
6605	278.064	256.337
6607	278.152	256.329
6609	278.239	256.325
6611	278.327	256.305
6612	278.371	256.288
6614	278.46	256.279
6617	278.591	256.132
6620	278.722	256.128
6621	278.766	256.118
6622	278.81	256.111
6627	279.027	256.09
6628	279.071	256.057
6629	279.114	256.049
6631	279.201	256.046
6634	279.332	256.039
6635	279.376	256.004
6640	279.595	255.995
6648	279.947	255.989
6651	280.08	255.963
6652	280.124	255.962
6653	280.169	255.962
6655	280.256	255.961
6656	280.301	255.902
6657	280.345	255.897
6665	280.695	255.895
6666	280.738	255.894
6670	280.913	255.882
6673	281.044	255.761
6674	281.087	255.76
6677	281.226	255.754
6682	281.444	255.724
6683	281.488	255.716
6685	281.575	255.707
6687	281.662	255.702
6688	281.707	255.701
6692	281.881	255.684
6696	282.056	255.621
6697	282.099	255.608
6700	282.234	255.535
6707	282.546	255.521
6708	282.591	255.436
6709	282.636	255.377
6716	283.006	255.357
6718	283.095	255.35
6719	283.14	255.328
6728	283.541	255.288
6729	283.585	255.272
6731	283.674	255.257
6734	283.809	255.257
6736	283.898	255.255
6741	284.12	255.204
6745	284.298	255.184
6750	284.523	255.137
6752	284.611	255.121
6753	284.655	254.887
6755	284.742	254.881
6757	284.83	254.88
6759	284.918	254.864
6760	284.962	254.861
6763	285.093	254.744
6765	285.181	254.742
6766	285.225	254.741
6768	285.313	254.698
6770	285.4	254.684
6771	285.444	254.45
6772	285.488	254.438
6773	285.532	254.437
6776	285.663	254.435
6777	285.707	254.433
6781	285.882	254.431
6782	285.926	254.425
6783	285.969	254.421
6784	286.013	254.369
6792	286.364	254.369
6796	286.54	254.355
6799	286.674	254.353
6801	286.763	254.346
6802	286.824	254.326
6803	286.886	254.283
6804	286.93	254.279
6806	287.02	254.265
6807	287.071	254.257
6808	287.116	254.241
6809	287.16	254.228
6810	287.205	254.224
6811	287.249	254.223
6812	287.294	254.209
6813	287.339	254.207
6816	287.471	254.195
6817	287.515	254.19
6823	287.782	254.187
6824	287.826	254.184
6828	288.002	254.183
6829	288.046	254.173
6830	288.09	254.138
6831	288.135	254.137
6832	288.18	254.095
6833	288.225	254.094
6834	288.269	254.093
6835	288.313	254.058
6837	288.402	254.056
6840	288.534	254.049
6842	288.622	254.037
6843	288.667	254.034
6845	288.756	254.033
6846	288.802	254.031
6847	288.848	254.02
6849	288.937	254.008
6851	289.024	254.002
6853	289.113	253.664
6854	289.157	253.654
6855	289.202	253.646
6856	289.247	253.631
6857	289.291	253.629
6860	289.424	253.621
6866	289.688	253.617
6867	289.732	253.579
6870	289.864	253.55
6871	289.909	253.547
6872	289.952	253.542
6873	289.997	253.535
6874	290.041	253.527
6876	290.13	253.527
6877	290.174	253.527
6878	290.219	253.421
6879	290.264	253.42
6880	290.308	253.407
6884	290.485	253.405
6887	290.617	253.404
6888	290.66	253.4
6889	290.705	253.398
6890	290.749	253.295
6891	290.793	253.249
6892	290.839	253.245
6893	290.906	253.244
6894	290.955	253.239
6896	291.048	253.223
6897	291.103	253.221
6903	291.37	253.22
6904	291.414	253.204
6906	291.503	253.19
6909	291.635	253.172
6910	291.689	253.163
6911	291.746	253.161
6920	292.174	253.142
6921	292.218	253.088
6922	292.262	253.079
6925	292.403	253.075
6927	292.518	253.007
6931	292.711	252.992
6932	292.757	252.988
6933	292.803	252.983
6938	293.026	252.976
6939	293.069	252.959
6941	293.158	252.957
6944	293.292	252.955
6946	293.381	252.949
6949	293.512	252.946
6951	293.6	252.945
6952	293.644	252.927
6954	293.732	252.881
6957	293.863	252.814
6959	293.952	252.803
6960	294.007	252.795
6961	294.051	252.786
6962	294.096	252.774
6964	294.184	252.77
6965	294.228	252.755
6967	294.316	252.743
6968	294.361	252.733
6969	294.405	252.723
6972	294.538	252.72
6973	294.583	252.703
6974	294.629	252.69
6975	294.674	252.662
6976	294.718	252.622
6978	294.807	252.61
6980	294.896	252.599
6985	295.119	252.593
6986	295.164	252.564
6988	295.252	252.561
6991	295.387	252.536
6992	295.431	252.527
6993	295.48	252.517
6995	295.567	252.493
6997	295.653	252.489
6999	295.739	252.484
7000	295.782	252.456
7006	296.053	252.455
7007	296.097	252.453
7012	296.313	252.446
7013	296.357	252.43
7017	296.529	252.427
7018	296.573	252.382
7019	296.617	252.38
7020	296.661	252.362
7022	296.748	252.341
7024	296.835	252.292
7025	296.879	252.284
7027	296.966	252.272
7028	297.01	252.269
7029	297.054	252.261
7032	297.187	252.245
7033	297.23	252.244
7036	297.36	252.211
7037	297.403	252.191
7039	297.495	252.187
7042	297.628	252.177
7043	297.672	252.174
7044	297.716	252.164
7047	297.846	252.162
7048	297.891	252.141
7049	297.934	252.129
7051	298.022	252.128
7053	298.11	252.122
7056	298.242	252.004
7061	298.461	251.948
7067	298.724	251.937
7071	298.899	251.93
7077	299.163	251.93
7080	299.295	251.923
7090	299.741	251.88
7096	300.006	251.717
7098	300.094	251.71
7108	300.534	251.68
7110	300.622	251.678
7111	300.666	251.591
7112	300.71	251.583
7115	300.841	251.576
7122	301.147	251.563
7124	301.235	251.529
7126	301.322	251.524
7131	301.541	251.441
7132	301.585	251.434
7140	301.939	251.425
7141	301.983	251.411
7142	302.027	251.392
7143	302.07	251.386
7144	302.114	251.378
7146	302.201	251.373
7148	302.289	251.364
7149	302.333	251.332
7150	302.376	251.329
7152	302.464	251.276
7153	302.508	251.271
7156	302.64	251.266
7157	302.684	251.26
7158	302.729	251.252
7160	302.817	251.251
7163	302.948	251.239
7164	302.992	251.238
7168	303.168	251.237
7169	303.212	251.234
7170	303.256	251.223
7172	303.345	251.185
7173	303.389	251.185
7174	303.433	251.183
7175	303.477	251.172
7176	303.521	251.171
7180	303.697	251.168
7181	303.741	251.161
7182	303.786	251.158
7185	303.917	251.155
7189	304.139	251.154
7190	304.183	251.146
7191	304.227	251.145
7193	304.315	251.092
7195	304.405	251.089
7196	304.45	251.086
7197	304.495	250.998
7199	304.585	250.997
7200	304.63	250.989
7202	304.72	250.922
7206	304.897	250.921
7210	305.075	250.909
7214	305.254	250.897
7217	305.387	250.894
7219	305.475	250.881
7220	305.52	250.872
7222	305.61	250.857
7225	305.744	250.85
7227	305.832	250.842
7229	305.921	250.84
7230	305.965	250.833
7233	306.097	250.832
7244	306.589	250.819
7246	306.677	250.789
7249	306.808	250.786
7250	306.851	250.784
7251	306.896	250.766
7256	307.116	250.759
7260	307.299	250.752
7261	307.344	250.737
7262	307.387	250.734
7265	307.519	250.731
7272	307.827	250.72
7273	307.871	250.717
7275	307.959	250.715
7278	308.091	250.701
7281	308.223	250.696
7283	308.31	250.694
7285	308.398	250.691
7289	308.608	250.691
7291	308.706	250.687
7292	308.752	250.675
7294	308.844	250.654
7297	308.981	250.607
7300	309.115	250.596
7301	309.161	250.592
7304	309.297	250.589
7305	309.341	250.58
7307	309.43	250.579
7309	309.518	250.571
7311	309.606	250.567
7314	309.738	250.552
7315	309.782	250.518
7319	309.959	250.51
7320	310.003	250.505
7326	310.267	250.493
7328	310.356	250.487
7329	310.4	250.483
7331	310.489	250.451
7332	310.534	250.449
7333	310.578	250.433
7335	310.668	250.423
7336	310.712	250.386
7337	310.757	250.382
7338	310.801	250.378
7339	310.845	250.373
7340	310.89	250.368
7346	311.155	250.367
7347	311.2	250.365
7353	311.465	250.34
7357	311.641	250.327
7358	311.686	250.322
7359	311.73	250.322
7362	311.862	250.317
7364	311.951	250.291
7365	311.995	250.281
7366	312.039	250.28
7367	312.083	250.274
7368	312.127	250.271
7376	312.478	250.235
7377	312.522	250.219
7388	313.01	250.198
7389	313.055	250.176
7394	313.275	250.151
7395	313.318	250.129
7412	314.069	250.101
7416	314.246	250.1
7430	314.861	250.076
7433	314.997	249.868
7436	315.13	249.862
7437	315.174	249.86
7439	315.262	249.854
7445	315.529	249.849
7466	316.458	249.849
7472	316.723	249.848
7478	316.996	249.848
7481	317.128	249.831
7482	317.176	249.809
7483	317.221	249.807
7484	317.265	249.799
7488	317.441	249.786
7489	317.486	249.758
7491	317.574	249.756
7492	317.636	249.725
7493	317.685	249.724
7496	317.828	249.72
7497	317.873	249.719
7499	317.963	249.717
7500	318.007	249.717
7503	318.139	249.704
7508	318.362	249.703
7509	318.406	249.7
7510	318.451	249.689
7513	318.584	249.668
7514	318.628	249.668
7515	318.672	249.661
7516	318.717	249.658
7521	318.947	249.651
7522	318.993	249.65
7524	319.082	249.647
7525	319.126	249.646
7528	319.259	249.631
7529	319.304	249.624
7531	319.395	249.614
7533	319.483	249.581
7535	319.571	249.565
7536	319.616	249.561
7537	319.66	249.56
7540	319.791	249.558
7541	319.835	249.556
7545	320.012	249.548
7546	320.056	249.544
7550	320.233	249.538
7551	320.278	249.532
7552	320.322	249.521
7557	320.542	249.507
7558	320.587	249.503
7559	320.631	249.477
7560	320.677	249.477
7561	320.72	249.476
7562	320.765	249.472
7563	320.809	249.465
7566	320.941	249.459
7567	320.985	249.459
7569	321.073	249.455
7570	321.117	249.453
7571	321.161	249.366
7572	321.206	249.359
7573	321.25	249.359
7576	321.383	249.351
7581	321.608	249.344
7584	321.742	249.337
7585	321.786	249.333
7586	321.83	249.048
7590	322.008	249.04
7591	322.052	249.004
7592	322.097	249.003
7599	322.409	249.002
7600	322.453	248.987
7601	322.498	248.967
7602	322.543	248.966
7605	322.676	248.957
7608	322.808	248.955
7611	322.941	248.941
7612	322.985	248.933
7613	323.029	248.931
7614	323.074	248.926
7616	323.162	248.917
7618	323.25	248.897
7620	323.338	248.864
7621	323.382	248.864
7625	323.56	248.862
7627	323.648	248.847
7629	323.738	248.843
7631	323.828	248.839
7632	323.872	248.823
7633	323.916	248.819
7638	324.139	248.814
7640	324.227	248.799
7642	324.315	248.788
7644	324.403	248.758
7645	324.447	248.747
7646	324.491	248.743
7647	324.535	248.741
7648	324.58	248.739
7651	324.714	248.737
7655	324.891	248.71
7657	324.979	248.71
7659	325.068	248.698
7660	325.113	248.688
7670	325.556	248.687
7671	325.6	248.668
7673	325.688	248.647
7674	325.733	248.64
7677	325.865	248.639
7680	325.999	248.637
7681	326.043	248.631
7686	326.264	248.63
7692	326.529	248.63
7693	326.573	248.619
7695	326.663	248.589
7696	326.706	248.582
7697	326.751	248.574
7698	326.795	248.536
7699	326.84	248.535
7703	327.017	248.534
7705	327.105	248.498
7707	327.194	248.491
7710	327.328	248.483
7716	327.592	248.454
7717	327.635	248.448
7719	327.722	248.433
7720	327.766	248.314
7728	328.117	248.304
7729	328.161	248.302
7736	328.496	248.241
7740	328.671	248.237
7747	328.978	248.221
7748	329.021	248.217
7751	329.151	248.213
7753	329.238	248.176
7757	329.412	248.176
7761	329.587	248.164
7768	329.891	248.066
7770	329.991	248.049
7773	330.132	247.374
7775	330.221	247.364
7776	330.266	247.358
7777	330.31	247.322
7787	330.768	247.32
7789	330.855	247.319
7793	331.03	247.318
7796	331.161	247.309
7797	331.222	247.309
7800	331.366	247.302
7801	331.411	247.297
7804	331.545	247.281
7805	331.593	247.268
7806	331.637	247.264
7807	331.681	247.263
7810	331.812	247.214
7812	331.902	247.14
7814	331.992	247.135
7816	332.081	247.12
7819	332.212	247.12
7821	332.3	247.105
7822	332.344	247.089
7823	332.389	247.086
7824	332.433	247.084
7826	332.522	247.078
7827	332.566	247.065
7828	332.609	247.046
7829	332.653	246.99
7831	332.74	246.987
7832	332.784	246.965
7833	332.828	246.963
7834	332.871	246.961
7835	332.914	246.952
7836	332.958	246.949
7838	333.046	246.941
7839	333.09	246.931
7840	333.135	246.929
7844	333.332	246.926
7846	333.42	246.924
7848	333.509	246.923
7849	333.553	246.92
7850	333.597	246.913
7853	333.728	246.912
7854	333.772	246.91
7861	334.089	246.909
7862	334.133	246.888
7863	334.178	246.884
7865	334.266	246.882
7868	334.397	246.88
7869	334.441	246.877
7871	334.53	246.732
7873	334.622	246.696
7874	334.665	246.69
7876	334.754	246.688
7877	334.798	246.679
7881	334.973	246.678
7890	335.377	246.654
7893	335.509	246.648
7897	335.685	246.648
7898	335.729	246.557
7899	335.773	246.544
7905	336.038	246.542
7906	336.082	246.533
7907	336.126	246.489
7910	336.258	246.483
7912	336.345	246.476
7913	336.389	246.476
7914	336.434	246.476
7924	336.875	246.472
7925	336.919	246.472
7926	336.963	246.443
7927	337.007	246.435
7930	337.14	246.43
7932	337.228	246.424
7933	337.273	246.417
7934	337.317	246.413
7937	337.449	246.326
7940	337.58	246.318
7941	337.624	246.315
7942	337.668	246.307
7945	337.799	246.3
7952	338.106	246.295
7954	338.194	246.286
7961	338.502	246.285
7963	338.59	246.281
7964	338.634	246.273
7968	338.81	246.236
7971	338.948	246.232
7972	338.991	246.22
7974	339.081	246.203
7977	339.213	246.196
7978	339.257	246.185
7982	339.433	246.182
7985	339.565	246.169
7993	339.915	246.167
7995	340.002	246.143
8000	340.223	246.139
8011	340.707	246.129
8012	340.751	246.128
8017	340.972	246.126
8026	341.373	246.126
8032	341.638	246.125
8033	341.682	246.122
8035	341.77	246.118
8036	341.814	246.116
8037	341.859	246.102
8038	341.903	246.1
8043	342.124	245.947
8045	342.212	245.925
8047	342.3	245.92
8048	342.344	245.919
8051	342.475	245.9
8052	342.519	245.849
8056	342.698	245.824
8060	342.873	245.801
8062	342.975	245.751
8064	343.079	245.751
8068	343.258	245.74
8069	343.303	245.731
8071	343.392	245.7
8073	343.48	245.688
8076	343.612	245.673
8079	343.744	245.661
8088	344.142	245.585
8091	344.274	245.575
8093	344.363	245.555
8094	344.408	245.551
8098	344.585	245.549
8100	344.674	245.546
8104	344.85	245.413
8108	345.028	245.372
8109	345.072	245.356
8110	345.116	245.345
8113	345.249	245.341
8117	345.426	245.326
8120	345.561	245.326
8122	345.651	245.306
8124	345.74	245.301
8125	345.785	245.297
8139	346.404	245.292
8141	346.492	245.28
8144	346.626	245.259
8145	346.67	245.247
8152	346.978	245.231
8154	347.066	245.229
8161	347.376	245.219
8162	347.421	245.204
8163	347.465	245.202
8164	347.509	245.201
8165	347.553	245.2
8168	347.687	245.183
8169	347.732	245.171
8172	347.865	245.155
8173	347.909	245.153
8176	348.041	245.152
8177	348.086	245.149
8179	348.175	245.132
8189	348.619	245.129
8190	348.663	245.121
8192	348.752	245.11
8193	348.796	245.089
8198	349.018	245.089
8200	349.106	245.083
8201	349.15	245.078
8202	349.194	245.075
8203	349.238	245.071
8205	349.326	245.07
8211	349.592	245.061
8213	349.68	245.035
8216	349.813	245.034
8217	349.858	245.031
8219	349.946	245.031
8220	349.99	245.02
8222	350.079	244.774
8223	350.123	244.773
8224	350.168	244.76
8226	350.257	244.728
8230	350.437	244.725
8232	350.526	244.719
8233	350.57	244.707
8235	350.66	244.707
8237	350.749	244.703
8238	350.793	244.574
8239	350.837	244.571
8244	351.058	244.569
8245	351.103	244.566
8246	351.147	244.538
8247	351.192	244.535
8250	351.325	244.528
8251	351.369	244.521
8254	351.504	244.519
8259	351.727	244.519
8260	351.771	244.506
8265	351.996	244.502
8266	352.041	244.486
8273	352.351	244.48
8276	352.484	244.479
8280	352.688	244.46
8281	352.738	244.456
8287	353.002	244.453
8292	353.222	244.446
8301	353.622	244.445
8303	353.71	244.445
8307	353.888	244.438
8311	354.065	244.433
8312	354.11	244.416
8318	354.377	244.399
8322	354.554	244.394
8324	354.643	244.388
8331	354.952	244.384
8334	355.084	244.384
8335	355.128	244.366
8337	355.216	244.365
8340	355.349	244.362
8345	355.571	244.358
8346	355.615	244.325
8348	355.703	244.324
8350	355.791	244.324
8351	355.835	244.32
8352	355.879	244.318
8353	355.923	244.311
8354	355.967	244.303
8359	356.189	244.302
8360	356.233	244.301
8367	356.543	244.298
8372	356.763	244.298
8373	356.807	244.297
8374	356.851	244.294
8377	356.984	244.289
8379	357.074	244.289
8380	357.118	244.286
8381	357.163	244.283
8383	357.251	244.281
8386	357.387	244.263
8387	357.43	244.257
8390	357.563	244.25
8392	357.651	244.244
8393	357.695	244.231
8396	357.828	244.194
8398	357.916	244.193
8400	358.004	244.183
8401	358.049	244.171
8402	358.094	244.164
8403	358.138	244.164
8406	358.27	244.163
8407	358.314	244.153
8408	358.359	244.148
8409	358.403	244.147
8411	358.492	244.134
8414	358.626	244.128
8415	358.671	244.125
8428	359.247	244.12
8430	359.335	244.119
8431	359.38	244.104
8433	359.467	244.092
8434	359.51	244.089
8445	360.007	244.087
8446	360.05	244.083
8448	360.137	244.047
8449	360.182	244.027
8450	360.225	244.017
8454	360.403	243.972
8455	360.446	243.949
8460	360.663	243.941
8462	360.752	243.895
8463	360.795	243.865
8466	360.94	243.864
8470	361.125	243.861
8474	361.297	243.851
8476	361.384	243.846
8480	361.558	243.839
8481	361.602	243.824
8482	361.678	243.814
8484	361.771	243.781
8485	361.815	243.754
8486	361.86	243.751
8487	361.904	243.747
8490	362.034	243.741
8492	362.128	243.731
8494	362.225	243.725
8496	362.318	243.724
8497	362.363	243.722
8498	362.407	243.719
8500	362.495	243.719
8502	362.585	243.701
8503	362.628	243.7
8504	362.672	243.696
8505	362.716	243.693
8506	362.76	243.692
8508	362.848	243.677
8509	362.892	243.676
8511	362.983	243.672
8512	363.026	243.668
8513	363.07	243.668
8514	363.114	243.667
8516	363.212	243.664
8517	363.267	243.659
8518	363.311	243.658
8520	363.406	243.657
8524	363.586	243.655
8525	363.63	243.651
8526	363.676	243.642
8528	363.764	243.641
8529	363.808	243.637
8530	363.851	243.632
8531	363.896	243.627
8532	363.939	243.599
8533	363.983	243.592
8536	364.13	243.586
8537	364.178	243.583
8538	364.238	243.58
8539	364.285	243.572
8542	364.42	243.57
8543	364.464	243.555
8547	364.638	243.555
8549	364.725	243.552
8551	364.812	243.544
8553	364.899	243.533
8554	364.943	243.531
8555	364.988	243.519
8556	365.032	243.518
8560	365.212	243.517
8562	365.301	243.501
8563	365.346	243.497
8568	365.567	243.487
8570	365.655	243.485
8571	365.699	243.483
8573	365.787	243.47
8575	365.875	243.469
8578	366.006	243.426
8579	366.05	243.425
8580	366.093	243.422
8582	366.182	243.401
8583	366.226	243.396
8584	366.271	243.396
8585	366.315	243.394
8590	366.533	243.388
8591	366.578	243.384
8593	366.665	243.384
8597	366.843	243.383
8600	366.974	243.38
8606	367.243	243.368
8611	367.465	243.356
8613	367.553	243.353
8614	367.598	243.351
8616	367.686	243.35
8619	367.818	243.344
8620	367.862	243.339
8621	367.906	243.332
8622	367.949	243.326
8623	367.993	243.312
8627	368.168	243.306
8630	368.302	243.298
8631	368.346	243.293
8632	368.39	243.286
8634	368.479	243.285
8641	368.789	243.281
8643	368.877	243.28
8644	368.921	243.279
8651	369.23	243.276
8652	369.274	243.271
8654	369.361	243.269
8655	369.405	243.254
8658	369.539	243.244
8660	369.627	243.242
8661	369.672	243.241
8662	369.716	243.235
8663	369.76	243.234
8664	369.804	243.228
8666	369.891	243.225
8675	370.286	243.221
8678	370.418	243.221
8680	370.507	243.218
8687	370.815	243.207
8688	370.859	243.188
8691	370.991	243.173
8693	371.08	243.17
8698	371.301	243.156
8700	371.389	243.156
8706	371.655	243.151
8708	371.743	243.148
8714	372.008	243.146
8715	372.052	243.136
8717	372.141	243.127
8719	372.229	243.126
8722	372.362	243.122
8726	372.541	243.109
8727	372.585	243.104
8730	372.718	243.08
8736	372.984	243.053
8745	373.38	243.047
8746	373.425	243.04
8748	373.514	243.036
8749	373.559	243.033
8751	373.646	243.009
8760	374.046	243.009
8775	374.711	243.007
8777	374.8	243
8789	375.33	242.99
8790	375.374	242.972
8794	375.55	242.957
8796	375.64	242.948
8800	375.815	242.946
8802	375.903	242.874
8805	376.038	242.863
8813	376.392	242.859
8819	376.66	242.857
8821	376.751	242.847
8822	376.797	242.846
8826	376.977	242.845
8831	377.198	242.84
8832	377.242	242.832
8836	377.418	242.821
8841	377.638	242.819
8842	377.682	242.813
8843	377.726	242.811
8845	377.815	242.807
8847	377.903	242.8
8848	377.948	242.785
8850	378.036	242.779
8851	378.08	242.777
8852	378.125	242.758
8857	378.347	242.755
8858	378.391	242.753
8860	378.479	242.752
8864	378.656	242.751
8865	378.7	242.749
8866	378.744	242.746
8870	378.922	242.737
8872	379.064	242.729
8874	379.158	242.728
8876	379.246	242.726
8879	379.379	242.726
8882	379.511	242.718
8883	379.556	242.716
8889	379.823	242.713
8890	379.868	242.711
8893	380.001	242.701
8896	380.133	242.7
8897	380.177	242.696
8899	380.266	242.694
8900	380.31	242.694
8902	380.402	242.685
8903	380.447	242.684
8907	380.624	242.675
8908	380.668	242.671
8910	380.756	242.667
8911	380.8	242.662
8916	381.021	242.658
8917	381.065	242.657
8918	381.11	242.613
8919	381.154	242.606
8920	381.197	242.602
8921	381.242	242.599
8925	381.419	242.596
8930	381.64	242.591
8931	381.684	242.59
8932	381.728	242.585
8946	382.352	242.577
8951	382.576	242.575
8952	382.621	242.574
8953	382.665	242.572
8956	382.8	242.569
8957	382.843	242.505
8959	382.933	242.501
8960	382.978	242.491
8972	383.513	242.487
8976	383.689	242.487
8981	383.91	242.479
8983	383.999	242.475
8984	384.045	242.466
8985	384.09	242.449
8991	384.358	242.446
8992	384.403	242.432
8998	384.669	242.412
9000	384.759	242.412
9001	384.803	242.398
9006	385.024	242.379
9009	385.158	242.375
9013	385.334	242.371
9015	385.422	242.361
9016	385.468	242.355
9020	385.645	242.348
9029	386.044	242.345
9031	386.133	242.325
9032	386.178	242.325
9033	386.223	242.302
9036	386.357	242.286
9037	386.402	242.285
9038	386.446	242.283
9040	386.535	242.281
9041	386.579	242.279
9046	386.798	242.279
9057	387.29	242.275
9059	387.383	242.274
9060	387.428	242.273
9061	387.473	242.272
9066	387.695	242.269
9067	387.74	242.267
9070	387.873	242.257
9076	388.14	242.23
9080	388.316	242.228
9082	388.404	242.219
9083	388.448	242.213
9088	388.672	242.21
9089	388.716	242.208
9091	388.803	242.198
9100	389.206	242.195
9105	389.427	242
9106	389.471	241.995
9120	390.087	241.991
9126	390.38	241.991
9130	390.567	241.991
9131	390.612	241.989
9132	390.658	241.978
9134	390.747	241.973
9136	390.837	241.97
9138	390.926	241.958
9140	391.015	241.952
9142	391.103	241.948
9144	391.192	241.916
9146	391.281	241.916
9147	391.328	241.904
9149	391.422	241.904
9151	391.511	241.901
9153	391.599	241.895
9156	391.729	241.894
9157	391.773	241.893
9159	391.861	241.879
9160	391.914	241.878
9162	392.005	241.876
9163	392.051	241.875
9165	392.181	241.869
9168	392.311	241.865
9170	392.398	241.858
9172	392.486	241.852
9174	392.573	241.845
9176	392.66	241.839
9177	392.703	241.827
9179	392.791	241.823
9182	392.922	241.815
9183	392.965	241.812
9185	393.052	241.811
9188	393.183	241.795
9189	393.227	241.741
9190	393.271	241.727
9191	393.315	241.724
9196	393.536	241.722
9198	393.624	241.722
9199	393.667	241.72
9200	393.711	241.706
9201	393.754	241.704
9204	393.886	241.701
9206	393.973	241.699
9207	394.017	241.699
9208	394.062	241.697
9210	394.151	241.693
9214	394.326	241.692
9215	394.37	241.691
9216	394.413	241.691
9217	394.458	241.69
9222	394.676	241.68
9224	394.764	241.679
9229	394.981	241.676
9233	395.157	241.669
9234	395.202	241.668
9236	395.29	241.663
9237	395.333	241.659
9239	395.42	241.659
9247	395.774	241.65
9250	395.906	241.627
9253	396.038	241.621
9254	396.082	241.619
9257	396.214	241.58
9260	396.345	241.578
9261	396.39	241.571
9262	396.433	241.571
9263	396.477	241.483
9264	396.521	241.478
9269	396.744	241.474
9270	396.787	241.473
9271	396.831	241.465
9273	396.92	241.464
9276	397.052	241.464
9277	397.097	241.464
9278	397.142	241.455
9279	397.186	241.454
9284	397.404	241.452
9286	397.492	241.446
9291	397.712	241.434
9292	397.757	241.432
9299	398.065	241.431
9302	398.197	241.43
9303	398.242	241.424
9307	398.418	241.418
9308	398.463	241.416
9311	398.594	241.414
9312	398.638	241.411
9313	398.683	241.409
9316	398.814	241.39
9319	398.947	241.386
9321	399.035	241.384
9323	399.126	241.383
9324	399.171	241.368
9326	399.258	241.368
9328	399.347	241.368
9331	399.479	241.365
9332	399.523	241.359
9336	399.699	241.358
9338	399.787	241.358
9339	399.831	241.354
9340	399.875	241.353
9341	399.92	241.349
9343	400.011	241.331
9346	400.143	241.328
9349	400.276	241.319
9350	400.32	241.318
9355	400.541	241.314
9356	400.585	241.312
9357	400.629	241.307
9358	400.672	241.302
9359	400.716	241.301
9360	400.761	241.298
9364	400.937	241.277
9366	401.026	241.272
9367	401.069	241.266
9368	401.113	241.266
9370	401.2	241.265
9371	401.244	241.251
9372	401.288	241.249
9373	401.332	241.232
9377	401.509	241.228
9378	401.553	241.228
9379	401.597	241.225
9380	401.641	241.213
9381	401.685	241.212
9384	401.816	241.206
9385	401.86	241.202
9386	401.904	241.202
9387	401.948	241.187
9390	402.08	241.185
9392	402.17	241.184
9393	402.215	241.178
9394	402.259	241.175
9396	402.347	241.051
9397	402.391	241.047
9399	402.482	241.046
9403	402.657	241.045
9404	402.701	241.038
9406	402.79	241.034
9407	402.834	241.032
9409	402.923	241.031
9410	402.967	240.999
9411	403.011	240.99
9412	403.055	240.989
9415	403.188	240.986
9416	403.234	240.963
9419	403.367	240.962
9421	403.456	240.947
9422	403.501	240.946
9423	403.547	240.942
9425	403.637	240.929
9428	403.77	240.927
9431	403.901	240.914
9445	404.524	240.896
9448	404.656	240.879
9450	404.744	240.877
9455	404.965	240.853
9458	405.097	240.853
9459	405.14	240.844
9465	405.405	240.842
9470	405.625	240.841
9475	405.845	240.814
9476	405.889	240.814
9482	406.154	240.812
9493	406.642	240.811
9495	406.73	240.803
9497	406.818	240.803
9498	406.862	240.797
9499	406.907	240.791
9500	406.952	240.791
9505	407.173	240.789
9508	407.306	240.78
9510	407.395	240.768
9512	407.483	240.762
9514	407.572	240.754
9519	407.791	240.753
9522	407.924	240.74
9523	407.968	240.738
9525	408.056	240.735
9528	408.188	240.719
9529	408.232	240.704
9530	408.276	240.7
9536	408.54	240.699
9538	408.629	240.697
9539	408.675	240.69
9540	408.719	240.687
9542	408.807	240.683
9547	409.03	240.682
9550	409.163	240.678
9556	409.43	240.671
9557	409.474	240.662
9560	409.607	240.655
9562	409.695	240.64
9563	409.739	240.639
9566	409.871	240.624
9569	410.005	240.619
9570	410.048	240.613
9573	410.181	240.612
9574	410.225	240.611
9575	410.269	240.611
9577	410.357	240.608
9580	410.489	240.607
9582	410.578	240.592
9590	410.932	240.566
9592	411.041	240.562
9596	411.234	240.56
9597	411.278	240.535
9600	411.41	240.523
9602	411.499	240.519
9603	411.543	240.507
9604	411.588	240.503
9605	411.632	240.502
9610	411.853	240.501
9611	411.897	240.495
9614	412.029	240.493
9616	412.119	240.485
9617	412.163	240.481
9626	412.56	240.475
9628	412.649	240.469
9633	412.87	240.468
9642	413.274	240.463
9645	413.406	240.46
9648	413.539	240.448
9650	413.626	240.446
9652	413.714	240.443
9653	413.758	240.442
9656	413.891	240.421
9659	414.024	240.417
9661	414.112	240.414
9662	414.156	240.374
9664	414.246	240.361
9666	414.334	240.361
9671	414.557	240.358
9672	414.601	240.352
9681	414.998	240.35
9684	415.13	240.347
9690	415.399	240.347
9700	415.843	240.346
9704	416.021	240.295
9711	416.33	240.283
9713	416.419	240.277
9717	416.594	240.276
9727	417.039	240.274
9734	417.349	240.271
9736	417.441	240.244
9737	417.484	240.243
9742	417.704	240.242
9743	417.748	240.241
9746	417.881	240.241
9747	417.925	240.239
9756	418.323	240.227
9757	418.368	240.205
9759	418.456	240.152
9764	418.677	240.139
9766	418.768	240.136
9768	418.857	240.135
9771	418.988	240.126
9774	419.122	239.975
9787	419.698	239.973
9795	420.052	239.962
9798	420.185	239.961
9799	420.229	239.96
9800	420.273	239.957
9811	420.759	239.955
9819	421.113	239.954
9822	421.246	239.948
9836	421.869	239.916
9852	422.574	239.912
9854	422.662	239.905
9856	422.75	239.871
9863	423.059	239.869
9868	423.279	239.859
9869	423.324	239.848
9876	423.635	239.848
9877	423.679	239.848
9878	423.723	239.847
9879	423.767	239.847
9883	423.945	239.846
9884	423.991	239.845
9887	424.124	239.845
9890	424.259	239.841
9893	424.392	239.836
9896	424.524	239.83
9897	424.568	239.828
9902	424.783	239.826
9903	424.846	239.812
9906	425.019	239.802
9910	425.192	239.796
9917	425.495	239.794
9923	425.755	239.792
9933	426.192	239.791
9936	426.324	239.79
9937	426.367	239.777
9940	426.498	239.773
9941	426.542	239.769
9954	427.103	239.768
9957	427.233	239.768
9963	427.494	239.767
9966	427.625	239.757
9980	428.234	239.757
9982	428.322	239.748
9985	428.452	239.747
9988	428.584	239.746
9992	428.758	239.742
9993	428.802	239.741
9996	428.933	239.734
9999	429.064	239.724
10000	429.108	239.724
# FIN	429.108	239.724

