# target=instancias/starrynight.png T=1000 iters=50000 K=64 seed=auto
iter	segundos	MSE
0	0.00659946	1651.78
1	0.167755	1651.2
2	0.327957	1646.48
3	0.488586	1643.18
4	0.650641	1639.65
5	0.812981	1639.37
6	0.973589	1634.17
7	1.13342	1632.44
8	1.29831	1632.11
9	1.46593	1632.05
10	1.62911	1616.47
11	1.78975	1616.35
12	1.95143	1616.35
13	2.11141	1616.15
14	2.27149	1616.14
15	2.43208	1615.69
16	2.59262	1615.68
17	2.75295	1610.95
18	2.91277	1610.94
19	3.07509	1610.65
20	3.235	1610.46
21	3.39531	1610.15
22	3.55526	1600.04
23	3.7153	1598.96
24	3.87479	1595.26
26	4.19601	1595.22
27	4.35626	1591.63
29	4.67775	1591.63
30	4.8375	1590.02
31	4.99813	1589.61
32	5.15787	1584.96
33	5.32054	1563.76
34	5.48256	1563.76
35	5.64309	1563.73
36	5.80368	1563.7
37	5.96355	1563.25
39	6.28468	1563.13
40	6.44529	1563.13
41	6.60658	1553.87
42	6.76686	1553.36
43	6.92753	1552.68
44	7.08778	1552.49
45	7.24944	1552.48
46	7.41046	1552.31
47	7.57054	1552.19
48	7.7374	1552.18
49	7.90226	1552.15
50	8.06381	1551.98
51	8.22612	1551.77
52	8.38673	1551.77
53	8.54785	1550.54
55	8.8691	1550.5
56	9.0298	1550.29
57	9.19022	1550.15
58	9.35025	1550.14
59	9.51078	1550.13
60	9.67265	1550.13
61	9.83313	1546.66
62	9.9949	1546.52
63	10.1582	1544.58
64	10.3196	1544.57
65	10.4798	1543.36
66	10.6402	1543.31
67	10.8015	1543.23
68	10.9637	1543.23
70	11.2883	1543.21
72	11.619	1543.07
74	11.9405	1543
75	12.1017	1542.8
77	12.423	1542.78
78	12.5831	1542.73
79	12.7434	1541.83
80	12.9044	1541.81
81	13.0657	1540.66
82	13.2278	1537.82
83	13.3906	1537.75
84	13.5525	1537.73
85	13.7133	1536.56
86	13.8749	1535.7
87	14.0347	1535.08
88	14.1974	1533.75
89	14.3587	1533.33
90	14.5242	1533.23
91	14.6875	1533.21
92	14.8543	1524.21
93	15.0178	1522.94
94	15.1809	1522.91
96	15.5062	1522.8
97	15.6685	1522.79
98	15.8299	1518.62
99	15.991	1518.55
100	16.1529	1518.54
101	16.3165	1518.49
102	16.4814	1518.48
103	16.6425	1518.47
104	16.8042	1510.88
105	16.9651	1510.87
106	17.1276	1510.83
107	17.2881	1510.83
108	17.4496	1510.75
109	17.6107	1510.68
110	17.7728	1510.42
111	17.9344	1510.15
112	18.0953	1508.67
114	18.4181	1508.27
115	18.5787	1508.26
116	18.7394	1503.72
117	18.9012	1503.19
118	19.0622	1503.17
119	19.2235	1502.91
120	19.3851	1502.89
121	19.5518	1502.55
122	19.7134	1501.8
123	19.8746	1501.78
124	20.0358	1498.78
125	20.197	1498.75
126	20.3595	1495.52
127	20.5214	1495.29
128	20.6833	1487.3
129	20.8457	1471.38
131	21.1687	1470.81
133	21.4908	1470.78
134	21.6532	1470.77
135	21.8199	1469.97
136	21.9853	1468.25
137	22.147	1468.18
138	22.3074	1468.13
139	22.4682	1467.99
140	22.6301	1467.98
141	22.7916	1467.82
143	23.1127	1463.04
144	23.2738	1463.02
145	23.4355	1462.52
146	23.5974	1462.13
147	23.7581	1462.11
148	23.9198	1462.09
149	24.0819	1461.9
151	24.4067	1461.86
152	24.5683	1455.12
153	24.7298	1454.81
154	24.8914	1453.75
155	25.0526	1453.68
156	25.2145	1453.61
157	25.3738	1453.39
158	25.5358	1453.37
159	25.698	1446.28
160	25.8594	1445.41
161	26.0209	1445
162	26.183	1445
163	26.3455	1434.5
164	26.5071	1434.02
165	26.6714	1434
166	26.8332	1433.99
167	26.9948	1433.94
168	27.1564	1433.9
169	27.3197	1427.5
170	27.4814	1426.29
171	27.6433	1425.68
172	27.8041	1425.65
173	27.9666	1425.42
174	28.1276	1425.42
175	28.2894	1425.24
176	28.453	1425.07
177	28.6145	1417.55
178	28.7769	1417.54
179	28.9432	1415.73
180	29.1048	1415.09
181	29.2671	1415.08
182	29.4286	1415.03
183	29.5905	1415.02
184	29.7534	1413.44
185	27.4417	1412.98
186	27.6036	1411.09
187	27.7663	1410.92
188	27.9284	1404.56
189	28.0898	1404.56
190	28.2514	1404.37
191	28.4132	1404.33
192	28.5745	1404.22
193	28.7364	1404
195	29.0617	1392.52
196	29.2243	1391.24
197	29.3861	1391.02
198	29.548	1390.4
199	29.7103	1389.46
200	29.8713	1388.64
201	30.0322	1388.56
202	30.1941	1387.94
203	30.3565	1384.01
204	30.5187	1383.7
206	30.8419	1383.51
207	31.0038	1383.24
208	31.166	1383.03
209	31.3305	1382.86
210	31.4916	1382.73
211	31.6504	1382.41
212	31.8102	1382.33
213	31.972	1380.98
214	32.1338	1380.96
215	32.2921	1379.62
216	32.4544	1378.75
217	32.616	1378.53
218	32.7781	1378.49
220	33.1013	1378.46
221	33.2628	1378.23
222	33.4246	1378.23
223	33.5898	1360.93
224	33.7513	1360.89
225	33.913	1360.78
226	34.0741	1360.77
227	34.2361	1360.65
228	34.3962	1360.11
229	34.5583	1356.39
230	34.72	1355.69
231	34.882	1355.67
232	35.0421	1355.65
235	35.5278	1354.74
236	35.6894	1354.69
237	35.8524	1354.67
238	36.0161	1353.19
239	36.1781	1350.66
240	36.34	1350.33
241	36.5026	1350.32
242	36.6649	1349.93
243	36.8267	1349.79
244	36.9874	1349.2
245	37.1478	1348.45
246	37.3097	1347.01
247	37.4715	1346.66
248	37.6333	1346.65
249	37.7933	1346.53
250	37.9566	1346.3
251	38.1175	1346.25
252	38.2825	1345.6
253	38.4458	1344.52
254	38.6076	1344.51
255	38.7694	1344.36
256	38.9324	1344.34
257	39.0945	1344.31
258	39.2567	1343
259	39.4191	1339.41
260	39.5813	1339.23
261	39.7427	1339.23
262	39.905	1339.19
263	40.0674	1339.19
264	40.2292	1338.5
265	40.3914	1338.49
266	40.5538	1336.27
267	40.7187	1336.23
268	40.8798	1336.22
269	41.0416	1334.92
270	41.2046	1334.8
271	41.3673	1334.72
272	41.5296	1334.63
273	41.6922	1334.35
274	41.8544	1334.34
275	42.0137	1333.57
276	42.1733	1333.49
277	42.3358	1333.45
279	42.6597	1330.74
280	42.822	1330.74
282	43.1491	1330.62
283	43.3118	1330.53
284	43.4742	1330.1
285	43.6364	1329.94
286	43.7979	1329.93
287	43.961	1329.88
288	44.1228	1324.85
289	44.2854	1324.83
290	44.4511	1324.67
291	44.6141	1324.3
292	44.7774	1323.99
293	44.9395	1323.98
295	45.2608	1323.97
296	45.4291	1323.95
297	45.5929	1323.72
299	45.9178	1323.57
301	46.2415	1323.31
302	46.4036	1323.11
303	46.5664	1322.92
304	46.7294	1322.91
305	46.8918	1322.9
306	47.0542	1321.94
307	47.2171	1321.75
308	47.3796	1320.13
309	47.5421	1319.96
310	47.7043	1310.8
311	47.8689	1310.8
312	48.0325	1310.64
314	48.3588	1310.04
315	48.5216	1310.01
316	48.6837	1309.98
317	48.8466	1309.76
318	49.0092	1309.72
319	49.1711	1307.06
320	49.3335	1307.01
323	49.828	1307
324	49.9908	1306.53
325	50.1544	1306.42
326	50.3176	1306.42
327	50.4793	1305.21
328	50.6419	1296.88
329	50.8043	1296.81
330	50.9667	1296.76
331	51.1287	1296.71
332	51.2911	1296.4
333	51.4546	1296.4
334	51.6162	1296.39
335	51.7769	1295.6
336	51.94	1295.43
337	52.1017	1295.43
338	52.3348	1294.62
339	52.5006	1293
340	52.6631	1292.98
341	52.8259	1292.95
342	52.9875	1292.89
343	53.1496	1292.76
344	53.3125	1291.77
345	53.4745	1291.49
347	53.7973	1291.48
349	54.1204	1291.47
350	54.2836	1291.38
351	54.4458	1290.6
352	54.6092	1290.58
353	54.7722	1290.35
354	54.94	1290.23
355	55.1036	1290.23
356	55.2662	1290.23
357	55.4286	1289.94
358	55.5909	1289.89
359	55.7528	1289.64
360	55.9144	1289.63
361	56.0779	1289.63
362	56.2402	1289.61
364	56.5648	1289.61
365	56.7281	1289.32
366	56.8912	1289.29
367	57.0541	1289.26
368	57.2178	1289.21
369	57.3813	1288.89
370	57.5441	1288.88
371	57.7079	1284.69
372	57.8719	1284.59
373	58.0344	1284.56
374	58.2024	1284.53
375	58.3635	1284.51
376	58.5257	1284.44
377	58.6886	1284.28
378	58.8508	1282.46
379	59.0135	1281.94
380	59.1758	1281.84
381	59.3385	1281.81
382	59.5004	1279.81
383	57.1846	1279.78
384	57.3475	1279.76
385	57.5093	1279.65
386	57.671	1278.65
387	57.8336	1277.01
388	57.9958	1276.45
389	58.1625	1276.44
390	58.3268	1276.38
391	58.4893	1274.9
392	58.6514	1274.82
393	58.8173	1274.61
394	58.9799	1274.36
395	59.1416	1273.42
396	59.3026	1273.35
397	59.4663	1273.32
398	59.63	1273.22
399	59.7926	1273.04
400	59.9547	1272.61
401	60.1176	1272.52
402	60.2798	1272.09
403	60.4423	1272.09
404	60.6051	1269.23
405	60.768	1269.14
406	60.93	1269.04
407	61.0919	1268.98
408	61.2545	1268.84
409	61.4186	1268.73
410	61.581	1267.74
412	61.9074	1267.36
413	62.07	1266.99
414	62.2325	1266.98
415	62.3945	1266.97
416	62.558	1266.52
417	62.7205	1266.36
419	63.0461	1265.99
420	63.2085	1265.99
421	63.3715	1265.98
422	63.5338	1265.73
423	63.6954	1265.24
424	63.8585	1264.87
425	64.0205	1263.53
426	64.1829	1263.29
427	64.3482	1263.27
428	64.5107	1262.91
429	64.6729	1262.89
430	64.8361	1262.8
431	64.9986	1262.76
432	65.1616	1262.68
433	65.3238	1262.62
434	65.4878	1262.59
435	65.6501	1262.53
436	65.8126	1262.52
437	65.9745	1262.49
438	66.1364	1262.44
439	66.2996	1262.36
440	66.4621	1262.28
441	66.6277	1261.94
442	66.7907	1261.59
443	66.9521	1261.31
444	67.1142	1261.3
445	67.2771	1261.29
446	67.438	1260.86
447	67.6016	1260.59
448	67.7639	1260.57
449	67.9267	1260.43
450	68.0898	1260.36
451	68.2505	1260.07
452	68.4119	1259.95
453	68.5745	1259.57
454	68.738	1256.78
455	68.9022	1256.77
456	69.0674	1256.7
457	69.2301	1256.61
458	69.3934	1256.26
459	69.5561	1256.15
460	69.7182	1255.96
461	69.8802	1255.94
462	70.0428	1255.93
463	70.2038	1239.84
464	70.3672	1239.62
465	70.5282	1239.6
466	70.6908	1239.56
467	70.8532	1239.1
468	71.0155	1239.07
469	71.1768	1238.48
470	71.3417	1238.45
471	71.5049	1238.21
472	71.6686	1237.83
473	71.8317	1237.82
474	71.994	1237.33
475	72.1568	1236.76
476	72.3198	1230.74
477	72.4823	1230.73
478	72.6435	1230.72
479	72.8073	1230.53
480	72.9698	1230.24
481	73.1322	1220.05
482	73.2952	1218.23
483	73.4593	1217.54
484	73.6227	1217.54
485	73.7881	1217.45
486	73.9508	1217.42
487	74.1137	1217.35
488	74.2769	1210.29
489	74.4403	1210.2
490	74.6026	1210.14
491	74.7661	1209.95
492	74.9284	1209.88
493	75.0898	1209.79
494	75.2513	1208.42
495	75.4119	1208.35
496	75.5747	1207.61
497	75.7374	1207.51
498	75.8999	1207.47
499	76.0654	1207.45
500	76.2276	1207.11
501	76.3909	1207
502	76.5515	1206.72
503	76.7127	1206.55
504	76.874	1206.05
505	77.0363	1205.98
506	77.2005	1205.98
508	77.5257	1205.62
509	77.6888	1205.55
510	77.8509	1205.14
511	78.0134	1202.7
512	78.1756	1202.69
513	78.3393	1202.36
514	78.5048	1202.3
515	78.6675	1202.28
516	78.8302	1201.98
517	78.9922	1201.97
518	79.1566	1200.93
519	79.3213	1199.45
520	79.4849	1199.44
521	79.6473	1199.04
522	79.8102	1198.54
523	79.9724	1198.52
524	80.1337	1198.5
526	80.457	1198.4
527	80.6197	1197.92
528	80.7858	1197.49
529	80.9502	1197.18
530	81.1136	1197.09
531	81.2756	1197.08
532	81.4382	1196.96
533	81.6013	1193.37
534	81.7649	1193.36
535	81.9284	1186.18
536	82.0915	1183.61
537	82.2539	1183.56
538	82.4168	1183.52
539	82.5798	1183.42
540	82.7441	1181.12
541	82.9069	1181.09
544	83.3994	1175.47
545	83.5626	1170.37
546	83.7258	1169.84
547	83.8882	1169.81
548	84.0519	1167.27
550	84.3776	1128.55
551	84.5405	1127.03
552	84.7032	1124.27
553	84.8651	1124.22
554	85.0273	1124.16
555	85.1884	1124.06
556	85.3511	1124.05
557	85.5152	1124.02
558	85.6791	1123.93
559	85.8417	1123.78
560	86.0046	1123.75
561	86.1659	1123.56
563	86.4916	1123.51
564	86.6548	1123.1
565	86.8182	1122.53
566	86.9808	1122.5
567	87.144	1122.39
568	87.305	1122.32
569	87.4684	1122.12
570	87.6302	1122.06
572	87.9587	1122.06
573	88.1228	1122.03
574	88.2859	1121.82
575	88.4502	1121.75
576	88.6137	1121.12
577	88.7764	1120.9
578	88.9392	1120.75
579	89.1019	1120.74
580	89.2641	1120.21
581	86.9455	1120.21
582	87.11	1119.91
583	87.273	1119.84
584	87.4358	1119.77
585	87.5992	1119.55
586	87.7643	1118.19
587	87.9277	1118.18
588	88.0924	1118.16
589	88.2562	1118.04
590	88.4186	1116.83
591	88.5818	1116.14
592	88.7441	1116.13
593	88.9073	1115.45
594	89.0712	1115.24
596	89.3969	1114.26
597	89.5602	1112.74
598	89.7231	1112.59
599	89.8859	1112.53
600	90.0492	1105.77
601	90.2151	1105.59
602	90.3789	1104.7
603	90.5413	1104.56
604	90.7038	1102.92
605	90.8674	1102.68
606	91.0295	1102.63
607	91.1936	1102.5
608	91.356	1096.57
609	91.5181	1096.54
610	91.6816	1096.32
611	91.8446	1096.1
612	92.0082	1095.8
613	92.1705	1094.22
614	92.3314	1094.22
615	92.4968	1092.98
616	92.6599	1092.73
617	92.8226	1092.71
618	92.9852	1092.71
619	93.1495	1092.55
620	93.3109	1092.53
621	93.4722	1092.15
622	93.6363	1091.41
623	93.7993	1090.09
624	93.9606	1089.81
626	94.2867	1089.21
627	94.4498	1088.86
628	94.614	1088.86
629	94.7776	1088.67
630	94.9426	1088.63
631	95.1071	1088.63
632	95.2711	1088.39
633	95.4337	1088.39
634	95.5957	1083.05
635	95.7588	1082.84
636	95.9229	1082.84
637	96.0861	1082.51
638	96.2497	1082.4
639	96.4131	1082.29
640	96.577	1081.98
641	96.7402	1081.81
642	96.9047	1081.48
643	97.0684	1080.78
644	97.2345	1080.74
645	97.3984	1079.78
646	97.5617	1079.77
647	97.7241	1079.5
648	97.8867	1079.15
649	98.0502	1079.13
650	98.2146	1078.9
651	98.3777	1078.88
652	98.5406	1078.77
653	98.7034	1078.32
654	98.8658	1078.28
655	99.0289	1078.26
656	99.1923	1077.93
657	99.3556	1077.85
658	99.5177	1077.76
659	99.683	1077.03
660	99.846	1076.88
661	100.009	1075.27
662	100.173	1066.8
663	100.336	1065.97
664	100.498	1065.93
665	100.661	1065.59
666	100.825	1065.57
667	100.986	1065.48
668	101.149	1064.92
669	101.312	1064.87
670	101.474	1062.24
671	101.637	1062.2
672	101.8	1062.2
673	101.969	1062.05
674	102.133	1060.74
676	102.458	1059.87
677	102.622	1059.56
678	102.784	1054.51
679	102.947	1054.36
680	103.108	1054.34
681	103.27	1054.18
682	103.433	1054.11
683	103.597	1053.13
684	103.76	1052.77
685	103.923	1052.39
686	104.086	1051.54
687	104.248	1051.52
688	104.414	1050.27
689	104.577	1050.21
690	104.741	1050.16
691	104.902	1049.91
692	105.065	1049.88
693	105.228	1047.91
694	105.389	1047.69
695	105.567	1046.73
696	105.728	1046.71
697	105.891	1046.51
698	106.054	1046.45
699	106.218	1046.43
700	106.38	1038.58
701	106.542	1038.57
702	106.707	1037.91
703	106.87	1037.67
704	107.033	1037.65
705	107.196	1037.6
706	107.359	1037.59
707	107.523	1037.44
708	107.686	1037.38
709	107.849	1036.69
710	108.011	1036.69
711	108.175	1030.73
712	108.338	1030.52
713	108.501	1029.89
714	108.665	1029.61
715	108.828	1029.6
716	108.991	1029.6
717	109.157	1028.88
718	109.32	1028.33
719	109.488	1028.29
720	109.653	1027.6
721	109.817	1027.07
722	109.98	1026.83
723	110.142	1026.47
724	110.305	1026.45
725	110.467	1026.42
726	110.629	1026.37
727	110.792	1026.25
728	110.955	1026.17
729	111.117	1025.89
730	111.281	1025.78
731	111.447	1025.32
732	111.61	1025.2
733	111.773	1025.17
734	111.935	1025.07
735	112.098	1018.31
736	112.26	1018.31
737	112.422	1018.27
738	112.585	1018.01
739	112.748	1017.44
740	112.911	1016.71
742	113.237	1016.07
743	113.4	1015.8
744	113.563	1013.55
745	113.726	1013.55
746	113.89	1012.73
747	114.054	1012.13
748	114.216	1011.9
749	114.38	1011.8
750	114.542	1011.8
751	114.706	1011.32
752	114.869	1011.31
753	115.032	1011.25
754	115.195	1011.14
755	115.358	1011.01
756	115.522	1010.51
757	115.683	1010.3
758	115.845	1010.1
759	116.007	1010.05
760	116.172	1008.01
761	116.335	1007.39
762	116.498	1007.3
763	116.66	1007.13
764	116.822	1006.64
765	116.985	1005.8
766	117.148	1005.68
767	117.311	1005.52
768	117.475	1005.02
769	117.637	1005.01
770	117.801	1004.95
771	117.964	1004.33
772	118.127	1004.26
773	118.289	1004.06
774	118.453	1004.05
775	118.618	1003.2
776	118.781	1002.28
777	118.942	998.083
778	119.105	997.41
779	116.788	973.942
780	116.951	973.887
781	117.114	973.773
782	117.277	973.282
783	117.44	972.912
784	117.602	972.87
785	117.765	972.852
786	117.928	972.76
787	118.09	972.319
788	118.252	972.064
789	118.416	971.806
790	118.578	970.71
791	118.741	970.63
792	118.903	970.164
793	119.066	970.162
794	119.229	968.932
795	119.392	968.9
796	119.555	968.739
797	119.717	963.214
798	119.88	963.205
799	120.043	962.841
800	120.205	962.81
801	120.367	962.633
802	120.529	962.633
803	120.691	962.561
804	120.857	962.087
805	121.02	962.02
806	121.183	960.734
807	121.345	960.602
808	121.51	960.309
809	121.672	960.244
810	121.835	958.503
811	121.999	956.939
812	122.162	955.598
813	122.325	955.498
814	122.488	954.982
815	122.651	954.566
816	122.814	953.978
817	122.977	953.724
818	123.142	953.339
819	123.307	953.145
820	123.469	953.112
821	123.632	953.002
822	123.796	952.976
823	123.959	952.973
824	124.122	950.24
825	124.285	950.164
826	124.448	950.109
827	124.611	948.899
828	124.78	947.443
829	124.943	946.963
830	125.106	946.896
831	125.269	946.749
832	125.432	946.307
833	125.598	946.143
834	125.761	939.225
835	125.924	939.146
836	126.085	938.072
837	126.248	937.814
838	126.409	937.01
839	126.573	935.551
840	126.735	935.485
841	126.898	932.323
842	127.06	932.017
843	127.221	929.608
844	127.383	927.252
846	127.708	927.032
847	127.874	926.358
848	128.037	926.305
849	128.199	926.237
850	128.359	924.694
851	128.523	919.916
852	128.685	916.292
853	128.848	909.905
854	129.01	902.965
855	129.172	902.676
856	129.335	902.245
857	129.498	902.235
858	129.659	900.017
859	129.821	899.964
860	129.983	899.387
861	130.146	898.704
862	130.312	889.883
863	130.474	889.036
864	130.637	880.201
865	130.797	880.107
866	130.959	879.911
867	131.121	862.344
868	131.284	861.684
869	131.446	861.252
870	131.608	861.199
871	131.771	857.117
872	131.933	856.625
873	132.097	851.105
874	132.26	842.92
875	132.424	842.658
876	132.587	842.134
877	132.752	841.617
878	132.914	839.648
879	133.077	839.555
880	133.238	838.754
881	133.403	838.413
882	133.565	838.341
883	133.728	837.656
884	133.891	837.558
885	134.054	837.26
886	134.217	836.681
887	134.381	836.095
888	134.543	834.301
889	134.707	834.255
890	134.868	832.854
891	135.032	832.001
892	135.194	831.777
893	135.358	831.673
894	135.52	825.481
895	135.682	820.842
896	135.843	820.831
897	136.003	819.433
898	136.165	819.399
899	136.328	818.856
900	136.49	818.729
901	136.653	818.084
902	136.815	817.781
903	136.978	812.59
904	137.14	812.256
905	137.302	812.088
906	137.467	811.964
907	137.629	811.89
908	137.791	811.855
909	137.955	810.955
910	138.116	810.87
911	138.276	810.808
912	138.437	810.704
913	138.598	810.267
914	138.76	809.658
915	138.922	808.809
916	139.084	808.507
917	139.246	808.33
918	139.406	805.645
919	139.568	803.836
920	139.735	803.511
921	139.897	799.823
922	140.059	799.002
923	140.22	798.974
924	140.382	798.746
925	140.544	798.67
926	140.705	798.28
927	140.868	792.234
928	141.03	792.168
929	141.19	791.589
930	141.351	791.52
931	141.512	785.437
932	141.675	782.344
933	141.838	782.216
934	142	781.656
935	142.165	779.362
936	142.328	778.462
937	142.489	773.906
938	142.652	773.33
939	142.814	772.683
940	142.977	769.921
941	143.139	768.646
942	143.3	767.907
943	143.462	767.844
944	143.624	758.104
945	143.786	757.958
946	143.951	757.759
947	144.118	757.676
948	144.283	757.599
949	144.447	757.098
950	144.61	756.649
951	144.772	756.505
952	144.934	747.656
953	145.096	747.007
954	145.258	741.786
955	145.42	741.728
956	145.582	739.313
957	145.743	738.962
958	145.904	738.71
959	146.067	738.259
960	146.229	738.127
961	146.391	737.707
962	146.553	737.526
963	146.715	737.338
964	146.88	737.332
965	147.042	722.941
966	147.203	721.64
967	147.364	721.314
968	147.527	721.242
969	147.689	721.056
970	147.85	715.817
971	148.012	715.449
972	148.174	715.319
973	148.336	714.971
974	148.498	714.92
975	148.66	713.398
976	148.822	711.357
977	146.501	710.099
978	146.664	706.201
979	146.828	704.516
980	146.989	703.935
981	147.151	702.801
982	147.314	699.203
983	147.477	698.512
984	147.641	697.474
985	147.803	697.46
986	147.964	696.766
987	148.126	694.947
988	148.287	694.897
989	148.448	694.434
990	148.611	694.027
991	148.773	693.926
992	148.934	693.116
993	149.098	692.538
994	149.261	690.502
995	149.422	690.468
996	149.583	689.737
997	149.743	689.672
998	149.904	668.234
999	150.066	665.028
1000	150.227	664.598
1001	150.389	664.56
1002	150.55	664.516
1003	150.712	662.877
1004	150.873	662.859
1005	151.034	662.815
1006	151.195	662.497
1007	151.357	661.992
1008	151.521	661.889
1009	151.682	661.879
1010	151.843	661.815
1011	152.018	661.624
1013	152.34	661.547
1014	152.503	661.516
1015	152.664	661.514
1016	152.824	661.488
1017	152.986	660.829
1019	153.309	660.803
1020	153.471	660.754
1021	153.633	660.68
1022	153.795	659.344
1023	153.96	659.316
1024	154.122	659.233
1026	154.443	659.214
1027	154.605	659.168
1029	154.93	659.148
1030	155.091	659.038
1031	155.252	658.679
1032	155.412	658.292
1033	155.574	654.682
1035	155.897	654.58
1036	156.059	654.556
1037	156.222	654.548
1039	156.546	654.482
1040	156.708	654.476
1041	156.87	654.077
1042	157.031	653.902
1043	157.192	653.793
1044	157.353	653.792
1046	157.676	653.787
1047	157.837	653.771
1048	157.998	653.767
1049	158.16	653.748
1050	158.322	653.701
1051	158.483	653.609
1052	158.652	653.605
1053	158.814	653.074
1055	159.138	653.057
1056	159.3	653.03
1057	159.459	650.655
1058	159.62	650.597
1059	159.781	650.484
1060	159.943	650.483
1061	160.104	650.17
1062	160.266	650.083
1063	160.428	649.839
1064	160.59	649.813
1065	160.751	649.797
1066	160.919	649.764
1067	161.081	649.76
1068	161.244	649.752
1070	161.568	649.743
1072	161.891	649.736
1074	162.288	649.693
1075	162.45	649.679
1077	162.775	649.676
1078	162.937	649.668
1079	163.1	649.629
1080	163.263	649.506
1081	163.43	649.012
1082	163.593	642.413
1083	163.753	642.41
1084	163.915	642.396
1085	164.078	642.162
1086	164.239	642.101
1087	164.401	641.152
1088	164.563	641.075
1089	164.725	641.008
1090	164.887	640.977
1091	165.049	640.938
1093	165.373	640.913
1094	165.534	640.913
1096	165.86	640.887
1097	166.021	640.364
1098	166.183	640.349
1099	166.344	640.343
1101	166.666	640.308
1102	166.829	640.285
1103	166.989	640.26
1104	167.15	640.192
1105	167.312	640.191
1106	167.475	640.106
1107	167.637	640.106
1108	167.799	639.983
1109	167.961	639.932
1110	168.126	639.846
1111	168.288	638.019
1112	168.45	637.849
1114	168.773	637.812
1115	168.935	637.804
1116	169.097	635.288
1117	169.259	635.262
1118	169.422	635.013
1119	169.601	634.766
1120	169.771	634.592
1121	169.933	634.575
1122	170.096	634.312
1123	170.258	634.282
1124	170.423	634.221
1125	170.585	634.041
1126	170.747	634.026
1127	170.908	633.998
1128	171.071	633.827
1129	171.233	621.194
1131	171.555	620.514
1132	171.716	620.491
1133	171.876	620.15
1134	172.039	620.145
1135	172.201	619.844
1136	172.362	619.645
1137	172.523	619.499
1138	172.685	619.324
1139	172.853	619.281
1141	173.18	619.253
1142	173.343	619.238
1143	173.505	619.065
1144	173.668	618.914
1145	173.831	618.9
1146	173.992	618.818
1147	174.155	618.789
1148	174.317	618.727
1149	174.479	618.614
1150	174.642	618.539
1151	174.805	618.527
1152	174.969	615.919
1153	175.133	614.746
1154	175.296	614.714
1155	175.459	614.449
1156	175.622	614.364
1157	175.785	614.239
1158	175.947	614.221
1159	176.108	613.839
1160	176.269	613.788
1161	176.431	613.756
1162	176.594	613.748
1163	176.758	611.616
1164	176.919	611.44
1165	177.082	611.387
1166	177.245	611.278
1167	177.407	611.265
1168	177.573	611.242
1169	177.736	610.799
1170	177.899	610.781
1171	178.062	610.587
1172	178.225	610.571
1173	178.388	610.568
1175	176.233	610.559
1176	176.396	610.402
1177	176.558	610.169
1178	176.721	610.167
1179	176.883	609.853
1180	177.044	609.841
1181	177.205	609.826
1182	177.369	609.821
1184	177.696	609.805
1185	177.894	609.756
1186	178.057	609.707
1187	178.219	609.469
1188	178.383	609.444
1190	178.73	609.394
1191	178.893	609.321
1192	179.056	609.003
1193	179.219	608.917
1195	179.545	606.744
1196	179.708	606.661
1197	179.874	606.65
1198	180.037	606.608
1199	180.2	606.554
1200	180.363	606.181
1202	180.69	605.715
1203	180.852	604.274
1204	181.016	604.27
1206	181.339	604.135
1207	181.502	604.118
1208	181.665	603.775
1209	181.828	603.645
1210	181.99	603.642
1211	182.157	603.468
1212	182.321	603.439
1213	182.484	603.181
1214	182.647	603.176
1215	182.81	602.342
1216	182.973	602.326
1217	183.136	602.298
1218	183.298	602.26
1219	183.461	602.251
1220	183.623	602.159
1221	183.786	602.068
1223	184.113	602.011
1224	184.278	602.011
1225	184.441	602.01
1226	184.607	601.995
1227	184.772	601.946
1228	184.935	601.919
1229	185.098	601.776
1230	185.262	600.559
1231	185.425	600.546
1232	185.588	600.541
1234	185.917	600.534
1235	186.08	599.777
1236	186.243	599.76
1237	186.406	599.733
1238	186.57	599.642
1239	186.733	599.636
1240	186.898	599.615
1242	187.224	599.007
1243	187.388	598.992
1244	187.551	598.972
1245	187.715	598.733
1246	187.878	598.448
1247	188.042	598.439
1248	188.204	598.262
1249	188.368	598.214
1250	188.531	597.76
1251	188.694	597.693
1252	188.857	597.645
1253	189.021	597.393
1254	189.185	597.389
1255	189.351	597.369
1256	189.515	597.358
1257	189.678	596.93
1258	189.842	596.786
1259	190.006	596.429
1260	190.168	596.423
1262	190.495	596.405
1263	190.658	596.379
1264	190.821	596.273
1266	191.147	596.162
1267	191.311	596.136
1268	191.475	596.13
1269	191.641	596.09
1270	191.804	596.055
1271	191.967	596.045
1272	192.131	596.023
1273	192.294	595.508
1274	192.457	595.411
1275	192.619	595.37
1276	192.783	595.317
1277	192.946	595.278
1278	193.109	595.272
1279	193.273	594.479
1282	193.762	594.456
1283	193.926	594.28
1284	194.091	594.192
1285	194.256	594.077
1287	194.582	594.03
1288	194.745	593.226
1290	195.067	593.208
1291	195.228	593.198
1292	195.392	593.166
1293	195.554	593.164
1295	195.88	593.164
1296	196.043	593.153
1297	196.206	593.13
1298	196.372	593.122
1299	196.536	593.102
1301	196.862	593.015
1302	197.024	592.964
1303	197.188	592.853
1304	197.351	592.671
1305	197.513	592.161
1306	197.675	591.59
1307	197.838	591.451
1308	198.001	591.377
1309	198.165	591.335
1310	198.326	590.091
1311	198.489	590.086
1312	198.653	590.029
1314	198.982	590.019
1315	199.146	589.963
1316	199.309	589.764
1317	199.501	589.653
1318	199.663	589.621
1319	199.826	589.61
1320	199.989	589.607
1323	200.477	589.594
1324	200.639	589.393
1325	200.801	589.387
1326	200.965	589.375
1327	201.131	589.134
1328	201.296	588.813
1329	201.459	588.805
1330	201.622	588.643
1331	201.786	588.636
1332	201.947	588.619
1333	202.109	588.607
1334	202.273	588.606
1335	202.435	588.575
1336	202.597	588.545
1337	202.76	588.542
1338	202.924	587.462
1339	203.087	587.46
1340	203.249	587.213
1341	203.413	587.197
1342	203.577	587.148
1343	203.741	587.139
1344	203.904	587.113
1345	204.067	586.98
1346	204.231	586.977
1347	204.395	586.974
1348	204.556	586.966
1349	204.719	586.94
1350	204.883	586.893
1351	205.044	586.796
1352	205.206	586.682
1354	205.532	586.666
1355	205.695	586.662
1356	205.861	586.662
1357	206.024	586.614
1358	206.186	586.584
1359	206.348	586.573
1360	206.511	586.566
1361	206.675	586.555
1362	206.838	586.553
1363	207	586.547
1364	207.163	586.546
1365	207.326	586.01
1366	207.489	585.972
1367	207.651	585.965
1368	207.815	585.773
1369	207.978	585.63
1371	208.306	585.43
1372	205.989	585.411
1373	206.152	585.395
1374	206.315	585.387
1375	206.479	585.358
1376	206.643	585.35
1377	206.806	585.329
1378	206.968	585.315
1379	207.132	584.66
1380	207.295	584.643
1381	207.458	584.403
1382	207.621	584.039
1383	207.785	584.033
1384	207.949	583.971
1385	208.114	583.941
1386	208.278	583.901
1387	208.439	583.753
1388	208.603	583.616
1389	208.764	583.612
1390	208.928	583.606
1391	209.091	583.33
1392	209.252	583.317
1393	209.415	583.182
1394	209.578	583.132
1395	209.742	582.666
1396	209.905	582.65
1397	210.069	582.642
1398	210.23	582.551
1399	210.396	582.409
1400	210.56	582.397
1401	210.724	582.2
1402	210.886	582.192
1403	211.05	582.191
1404	211.212	581.407
1405	211.376	581.388
1406	211.542	581.349
1407	211.706	581.337
1408	211.869	581.276
1409	212.033	581.246
1410	212.195	581.068
1412	212.52	581.058
1413	212.683	581.012
1414	212.851	580.954
1415	213.015	580.939
1416	213.179	580.663
1417	213.342	580.629
1419	213.67	580.506
1420	213.834	580.492
1421	213.998	580.483
1422	214.162	580.395
1423	214.326	580.388
1424	214.488	580.197
1425	214.652	580.124
1426	214.816	580.079
1427	214.978	580.056
1428	215.144	579.851
1429	215.308	579.838
1430	215.471	579.805
1431	215.635	579.761
1432	215.798	579.752
1433	215.962	579.692
1434	216.126	579.645
1436	216.453	579.621
1437	216.616	579.579
1438	216.78	579.555
1439	216.944	579.51
1440	217.107	579.47
1441	217.271	579.157
1442	217.434	578.566
1443	217.6	578.437
1444	217.764	578.43
1445	217.927	578.372
1446	218.091	578.337
1447	218.254	578.24
1448	218.418	578.108
1449	218.582	577.982
1450	218.745	577.97
1451	218.909	577.891
1452	219.073	577.887
1453	219.235	577.84
1454	219.398	577.826
1455	219.562	577.825
1456	219.726	577.821
1457	219.892	577.747
1458	220.056	577.573
1459	220.221	577.563
1460	220.385	577.424
1461	220.548	577.418
1462	220.712	577.34
1463	220.876	576.884
1464	221.039	576.766
1465	221.202	576.535
1466	221.364	576.521
1467	221.527	576.43
1468	221.689	576.418
1469	221.852	576.058
1470	222.015	576.039
1471	222.18	575.911
1472	222.345	575.863
1473	222.509	575.86
1474	222.673	575.357
1475	222.837	575.091
1476	223	574.737
1477	223.164	574.714
1478	223.326	574.686
1479	223.49	574.352
1480	223.654	574.198
1481	223.818	573.667
1482	223.982	571.236
1483	224.145	571.184
1484	224.309	571.086
1485	224.474	571.039
1486	224.64	571.018
1487	224.804	570.996
1488	224.968	570.975
1489	225.131	570.941
1490	225.293	570.926
1491	225.455	570.919
1492	225.618	570.883
1493	225.782	570.862
1494	225.946	570.591
1495	226.109	570.52
1496	226.273	570.446
1497	226.436	570.414
1498	226.6	570.281
1499	226.764	570.259
1500	226.927	570.259
1501	227.095	570.045
1502	227.258	570.032
1503	227.422	569.936
1504	227.586	569.463
1505	227.75	569.217
1507	228.077	569.215
1508	228.24	568.886
1509	228.404	568.879
1510	228.568	568.86
1511	228.731	567.712
1512	228.895	567.662
1513	229.059	567.562
1514	229.223	567.483
1515	229.392	567.442
1516	229.568	567.353
1517	229.736	567.347
1518	229.899	566.582
1519	230.063	566.307
1520	230.227	566.305
1521	230.39	566.15
1522	230.554	565.449
1524	230.882	565.398
1525	231.046	565.329
1526	231.209	565.191
1527	231.373	565.066
1528	231.537	564.547
1529	231.704	564.128
1530	231.867	563.999
1531	232.03	563.984
1532	232.193	563.96
1533	232.356	563.934
1534	232.521	563.926
1535	232.686	561.648
1536	232.85	561.469
1537	233.015	561.306
1538	233.177	561.233
1539	233.341	561.145
1540	233.506	560.843
1544	234.162	560.655
1545	234.325	558.981
1546	234.489	558.896
1547	234.653	558.882
1548	234.815	558
1550	235.143	556.551
1551	235.307	556.471
1552	235.47	555.641
1553	235.633	555.536
1554	235.795	555.386
1555	235.959	555.301
1556	236.122	555.262
1557	236.286	554.958
1558	236.452	554.94
1559	236.616	554.905
1560	236.781	554.842
1561	236.943	554.833
1562	237.107	554.825
1564	237.435	554.798
1565	237.599	554.625
1566	237.762	554.539
1567	237.925	554.379
1568	238.088	553.655
1569	235.77	553.631
1570	235.934	553.599
1572	236.261	553.579
1573	236.426	553.543
1574	236.591	553.494
1575	236.754	553.433
1576	236.918	553.184
1577	237.082	553.073
1578	237.245	553.034
1580	237.573	551.748
1581	237.734	551.748
1582	237.898	551.642
1583	238.062	551.637
1584	238.226	551.592
1585	238.39	551.52
1586	238.553	551.505
1587	238.719	551.499
1589	239.046	551.498
1590	239.21	550.695
1591	239.373	550.629
1592	239.535	550.566
1593	239.698	550.461
1594	239.862	550.123
1595	240.027	550.074
1596	240.191	549.836
1597	240.354	549.695
1598	240.517	549.636
1599	240.679	549.569
1600	240.843	549.169
1601	241.007	548.767
1602	241.173	548.459
1603	241.336	547.873
1604	241.501	547.811
1605	241.664	547.794
1606	241.827	547.783
1607	241.99	547.774
1608	242.154	545.945
1609	242.318	545.931
1610	242.478	545.746
1611	242.641	545.739
1612	242.804	545.545
1613	242.968	545.215
1614	243.131	545.194
1615	243.294	545.168
1616	243.46	545.134
1617	243.624	545.106
1618	243.787	545.088
1619	243.95	545.073
1621	244.276	544.828
1622	244.44	544.608
1623	244.603	544.078
1624	244.766	544.056
1626	245.094	544.025
1627	245.257	543.634
1629	245.585	543.596
1630	245.75	543.591
1631	245.922	543.58
1632	246.085	543.51
1634	246.412	543.446
1635	246.576	543.261
1636	246.739	543.244
1637	246.902	542.736
1638	247.065	542.603
1639	247.229	542.568
1641	247.556	542.5
1642	247.719	542.389
1643	247.883	542.26
1644	248.045	542.092
1645	248.211	541.732
1646	248.375	541.718
1647	248.537	541.684
1648	248.699	541.642
1649	248.863	541.639
1650	249.027	541.357
1651	249.19	541.315
1652	249.352	541.296
1653	249.516	541.262
1654	249.679	541.218
1655	249.842	541.118
1656	250.005	541.08
1657	250.168	541.072
1658	250.331	540.967
1659	250.497	540.595
1660	250.661	540.593
1661	250.825	540.26
1662	250.988	540.033
1663	251.152	539.936
1664	251.315	539.909
1665	251.478	539.849
1666	251.642	539.838
1667	251.805	539.829
1668	251.97	539.785
1669	252.133	539.687
1670	252.297	538.211
1671	252.458	538.185
1672	252.622	538.183
1673	252.784	538.173
1674	252.95	537.917
1675	253.113	537.901
1676	253.275	537.742
1677	253.439	537.727
1678	253.603	536.974
1679	253.765	536.903
1680	253.928	536.889
1681	254.091	536.884
1682	254.254	536.83
1683	254.418	536.674
1684	254.582	536.601
1685	254.745	536.565
1686	254.908	536.04
1687	255.071	536.019
1688	255.236	535.02
1689	255.4	535.012
1690	255.563	534.946
1691	255.727	534.869
1692	255.889	534.848
1693	256.052	534.631
1694	256.215	534.509
1695	256.378	534.1
1696	256.542	534.097
1697	256.705	534.053
1699	257.031	534.024
1700	257.194	534
1702	257.52	533.88
1703	257.686	533.804
1704	257.848	533.69
1705	258.01	533.665
1706	258.174	533.648
1707	258.336	533.496
1708	258.499	533.431
1709	258.662	533.291
1710	258.824	533.288
1711	258.987	531.237
1712	259.151	531.217
1713	259.315	531.035
1714	259.478	531.028
1715	259.648	531.013
1716	259.812	530.985
1717	259.978	530.91
1718	260.141	530.89
1719	260.303	530.85
1720	260.463	530.416
1721	260.625	530.061
1722	260.788	529.997
1723	260.951	529.333
1724	261.114	529.103
1725	261.277	529.079
1726	261.44	529.04
1727	261.602	528.86
1728	261.765	528.841
1729	261.941	528.552
1730	262.108	528.533
1731	262.27	528.462
1732	262.436	528.356
1733	262.599	528.255
1734	262.763	528.011
1735	262.926	525.484
1736	263.089	525.479
1737	263.252	525.147
1738	263.415	525.105
1739	263.579	524.884
1740	263.742	524.878
1741	263.905	524.824
1742	264.068	524.718
1743	264.231	524.539
1744	264.393	524.05
1745	264.555	524.033
1746	264.72	524.023
1747	264.884	523.876
1748	265.048	523.203
1749	265.212	523.063
1750	265.375	523.045
1751	265.538	522.842
1752	265.7	522.764
1753	265.864	522.671
1754	266.028	522.597
1755	266.191	522.571
1756	266.354	522.113
1757	266.518	521.973
1758	266.681	521.952
1759	266.844	521.843
1760	267.009	521.704
1761	267.174	521.348
1762	267.338	521.282
1763	267.5	521.113
1764	267.663	521.032
1765	267.826	521.009
1766	265.501	520.967
1767	265.664	520.728
1768	265.826	520.721
1769	265.991	520.714
1770	266.157	520.675
1771	266.323	520.644
1772	266.486	520.643
1773	266.649	520.593
1774	266.812	520.585
1775	266.982	520.486
1776	267.147	519.984
1777	267.31	519.047
1778	267.473	519.029
1779	267.637	516.819
1780	267.8	516.622
1781	267.964	516.349
1782	268.128	516.344
1783	268.291	516.056
1784	268.455	516.052
1785	268.618	516.01
1786	268.781	515.795
1787	268.945	515.725
1788	269.11	515.421
1789	269.275	515.165
1790	269.441	514.893
1791	269.603	514.685
1792	269.766	514.655
1793	269.929	514.619
1794	270.092	514.238
1795	270.256	514.197
1796	270.419	514.173
1797	270.582	514.12
1798	270.746	514.107
1799	270.91	514.08
1800	271.074	514.047
1801	271.238	514.034
1802	271.401	514.031
1803	271.565	514.02
1804	271.732	513.869
1805	271.896	513.819
1806	272.063	513.662
1807	272.227	513.597
1808	272.401	513.454
1809	272.594	513.265
1810	272.759	512.374
1811	272.922	510.968
1812	273.085	510.904
1813	273.251	510.734
1814	273.415	510.729
1815	273.579	510.626
1816	273.743	510.579
1817	273.907	510.546
1818	274.079	510.252
1819	274.245	509.665
1820	274.41	509.188
1821	274.573	509.158
1822	274.738	509.151
1823	274.9	509.151
1824	275.062	507.97
1825	275.225	507.946
1826	275.387	507.877
1827	275.551	507.651
1828	275.715	507.346
1829	275.878	506.271
1830	276.04	506.21
1831	276.203	505.749
1832	276.367	505.465
1833	276.532	505.409
1834	276.696	503.404
1835	276.859	503.326
1836	277.022	503.094
1837	277.185	502.614
1838	277.369	502.37
1839	277.546	501.961
1840	277.709	501.916
1841	277.872	501.572
1842	278.036	501.218
1843	278.201	501.184
1844	278.363	500.69
1845	278.524	500.69
1846	278.687	500.688
1847	278.854	500.398
1848	279.018	500.354
1849	279.18	500.116
1850	279.343	498.15
1851	279.506	495.136
1852	279.666	494.94
1853	279.829	494.729
1854	279.993	492.183
1855	280.156	491.85
1856	280.319	491.804
1857	280.482	491.794
1858	280.644	491.063
1859	280.807	490.983
1860	280.969	490.526
1861	281.135	490.472
1862	281.298	490.288
1863	281.462	490.228
1864	281.625	487.226
1865	281.789	487.206
1866	281.951	487.16
1867	282.113	486.833
1868	282.277	486.832
1869	282.44	486.779
1870	282.603	486.758
1871	282.766	485.422
1872	282.929	485.368
1873	283.091	485.136
1874	283.254	484.988
1875	283.417	484.851
1876	283.583	484.671
1877	283.746	484.185
1878	283.909	483.885
1879	284.073	483.847
1880	284.237	483.497
1881	284.399	483.447
1882	284.562	483.44
1883	284.724	483.066
1884	284.886	482.841
1885	285.05	482.816
1886	285.212	482.057
1887	285.375	481.723
1888	285.537	480.552
1889	285.7	480.38
1890	285.865	480.045
1891	286.029	479.895
1892	286.194	479.836
1893	286.361	479.765
1894	286.524	479.638
1895	286.688	479.08
1896	286.851	478.904
1897	287.014	476.664
1898	287.177	476.619
1899	287.338	475.588
1900	287.501	475.412
1901	287.665	475.088
1902	287.828	474.908
1903	287.991	474.62
1904	288.154	474.608
1905	288.336	474.593
1906	288.498	474.293
1907	288.662	474.222
1908	288.825	474.208
1909	288.988	474.007
1910	289.151	473.908
1911	289.314	473.757
1912	289.477	473.703
1913	289.649	473.162
1914	289.817	473.023
1915	289.981	472.808
1916	290.144	472.775
1917	290.306	472.695
1918	290.47	472.682
1919	290.636	472.489
1920	290.799	472.376
1921	290.961	472.21
1922	291.123	472.004
1923	291.285	471.99
1924	291.448	471.931
1925	291.622	471.89
1926	291.785	471.753
1927	291.948	468.697
1929	292.273	468.374
1930	292.436	468.212
1931	292.599	467.025
1932	292.762	466.285
1933	292.924	466.241
1934	293.092	466.138
1935	293.279	465.51
1936	293.442	464.991
1937	293.605	464.001
1938	293.766	463.996
1939	293.929	463.225
1940	294.089	461.8
1941	294.252	461.466
1942	294.415	461.173
1943	294.577	461.152
1944	294.739	457.433
1945	294.902	457.355
1946	295.066	456.976
1947	295.23	456.881
1948	295.394	456.82
1949	295.558	456.496
1950	295.72	456.486
1951	295.882	456.286
1952	296.044	450.997
1953	296.206	450.802
1954	296.369	450.609
1955	296.531	450.421
1956	296.693	450.397
1957	296.855	449.727
1958	297.018	449.573
1959	297.18	449.191
1960	297.342	449.165
1961	297.506	448.94
1962	297.668	448.922
1963	295.36	448.352
1964	295.522	448.196
1965	295.684	440.448
1966	295.846	440.191
1967	296.008	439.961
1968	296.17	439.751
1969	296.332	439.725
1970	296.493	437.252
1971	296.654	437.043
1972	296.817	436.977
1973	296.979	436.946
1974	297.141	436.908
1975	297.303	435.936
1976	297.466	435.266
1977	297.63	434.549
1978	297.793	434.418
1979	297.956	434.015
1980	298.118	433.93
1981	298.28	433.707
1982	298.442	431.847
1983	298.604	431.515
1984	298.766	431.147
1985	298.929	431.127
1986	299.091	430.532
1987	299.254	430.44
1988	299.415	430.408
1989	299.578	430.294
1990	299.74	430.288
1991	299.903	430.191
1992	300.071	430.051
1993	300.234	429.605
1994	300.396	429.371
1995	300.559	429.36
1996	300.722	428.864
1997	300.884	428.847
1998	301.044	427.58
1999	301.205	427.014
2000	301.366	426.3
2001	301.528	426.268
2002	301.69	426.216
2003	301.853	426.117
2004	302.015	426.111
2005	302.178	426.066
2006	302.342	426.035
2007	302.506	425.878
2008	302.668	425.824
2009	302.829	425.81
2010	302.991	425.782
2011	303.153	425.67
2013	303.474	425.267
2014	303.638	425.239
2015	303.8	425.234
2016	303.963	425.227
2017	304.125	425.131
2019	304.447	424.974
2020	304.61	424.966
2021	304.775	424.959
2022	304.937	424.771
2023	305.1	424.719
2024	305.262	423.979
2025	305.423	423.969
2026	305.586	423.965
2027	305.746	423.945
2030	306.231	423.901
2031	306.394	423.877
2032	306.555	423.836
2033	306.715	422.802
2034	306.876	422.799
2035	307.039	422.789
2036	307.203	422.776
2037	307.366	422.768
2039	307.691	422.755
2040	307.853	422.738
2041	308.017	422.726
2042	308.18	422.701
2043	308.343	422.666
2044	308.504	422.613
2047	308.99	422.599
2049	309.315	422.589
2050	309.482	422.58
2051	309.644	422.552
2052	309.807	422.528
2053	309.969	422.354
2054	310.133	422.352
2055	310.296	422.351
2056	310.457	422.319
2057	310.618	422.249
2058	310.781	422.181
2059	310.944	422.174
2060	311.106	422.174
2061	311.269	422.137
2062	311.432	422.126
2063	311.594	422.069
2064	311.757	422.065
2065	311.921	422.062
2066	312.083	422.059
2068	312.409	422.056
2069	312.57	422.046
2070	312.732	422.039
2072	313.058	422.027
2074	313.381	422.021
2077	313.873	422.018
2078	314.035	422.015
2079	314.199	421.99
2080	314.363	421.989
2081	314.527	421.827
2082	314.69	420.986
2083	314.852	420.981
2085	315.178	420.958
2086	315.34	420.953
2087	315.503	420.898
2088	315.665	420.885
2089	315.827	420.876
2090	315.989	420.869
2091	316.152	420.858
2092	316.314	420.656
2093	316.476	420.644
2094	316.65	420.636
2095	316.812	420.613
2096	316.975	420.598
2097	317.138	420.593
2098	317.301	420.588
2099	317.464	420.587
2101	317.789	420.585
2102	317.951	420.579
2103	318.113	420.575
2104	318.274	420.385
2106	318.599	420.357
2108	318.927	420.35
2109	319.091	420.318
2110	319.253	420.292
2111	319.416	419.598
2112	319.578	419.527
2113	319.74	419.522
2114	319.903	419.473
2116	320.228	419.129
2117	320.392	419.123
2118	320.556	419.093
2119	320.718	419.031
2120	320.881	418.949
2121	321.043	418.946
2122	321.207	418.808
2123	321.372	418.726
2124	321.535	418.712
2125	321.698	418.618
2126	321.86	418.435
2127	322.023	418.433
2128	322.188	417.639
2129	322.351	417.409
2131	322.677	417.322
2132	322.84	417.296
2133	323.002	417.162
2135	323.327	417.012
2136	323.49	416.936
2137	323.654	416.894
2138	323.819	416.885
2139	323.982	416.84
2141	324.306	416.774
2142	324.467	416.772
2143	324.628	416.746
2144	324.791	416.668
2145	324.955	416.653
2146	325.116	416.536
2147	325.277	416.533
2148	325.439	416.489
2149	325.601	416.482
2150	325.764	416.434
2151	325.927	416.428
2152	326.092	416.185
2153	326.255	416.047
2154	326.417	415.671
2155	326.579	415.654
2156	326.74	415.59
2157	326.902	415.538
2158	327.065	415.525
2159	327.228	415.513
2160	327.39	415.416
2161	325.064	415.286
2162	325.227	415.286
2163	325.389	415.282
2164	325.55	415.207
2165	325.711	415.201
2166	325.874	414.911
2167	326.04	414.867
2168	326.202	414.863
2169	326.365	414.653
2170	326.527	414.65
2171	326.69	414.543
2172	326.853	414.515
2173	327.015	414.502
2175	327.34	414.382
2176	327.503	414.372
2177	327.664	413.944
2180	328.151	413.929
2181	328.316	413.738
2182	328.48	413.735
2184	328.806	413.709
2185	328.968	413.705
2186	329.131	413.634
2187	329.293	413.615
2188	329.456	413.595
2190	329.779	413.587
2191	329.941	413.575
2192	330.102	413.485
2193	330.265	413.431
2195	330.589	413.257
2196	330.755	413.17
2197	330.917	413.148
2198	331.08	413.126
2199	331.242	413.085
2200	331.402	412.999
2201	331.565	412.988
2202	331.728	412.929
2203	331.89	412.737
2204	332.052	412.735
2206	332.377	412.717
2207	332.539	412.707
2208	332.702	412.611
2209	332.863	412.58
2210	333.028	412.575
2211	333.191	412.296
2212	333.352	412.257
2213	333.515	412.223
2214	333.677	412.221
2215	333.837	412.194
2216	334.001	412.183
2217	334.164	412.177
2218	334.327	412.045
2220	334.652	412.001
2221	334.815	411.974
2222	334.977	411.969
2223	335.14	411.793
2224	335.302	411.792
2225	335.467	411.785
2226	335.631	411.641
2227	335.793	411.511
2228	335.956	411.507
2229	336.118	411.255
2230	336.279	411.116
2231	336.442	411.063
2232	336.605	411.053
2235	337.093	410.475
2236	337.256	410.455
2237	337.418	410.421
2238	337.582	410.376
2239	337.745	410.373
2240	337.908	410.351
2241	338.071	410.324
2242	338.253	410.108
2243	338.415	410.094
2244	338.577	410.06
2245	338.74	409.983
2246	338.903	409.982
2247	339.065	409.959
2248	339.228	409.931
2249	339.39	409.814
2250	339.554	409.563
2251	339.717	409.558
2252	339.879	409.541
2253	340.042	409.366
2254	340.207	409.345
2255	340.369	409.338
2256	340.529	409.319
2257	340.69	409.263
2258	340.853	409.223
2259	341.016	409.15
2260	341.179	409.147
2262	341.504	409.135
2263	341.666	409.055
2264	341.829	409.026
2266	342.154	408.973
2267	342.317	408.971
2268	342.48	408.966
2269	342.645	408.91
2270	342.808	408.876
2271	342.97	408.844
2272	343.134	408.831
2273	343.294	408.793
2274	343.457	408.783
2275	343.619	408.746
2276	343.782	408.706
2277	343.944	408.664
2278	344.106	408.656
2279	344.268	408.535
2280	344.431	408.224
2282	344.759	408.2
2283	344.926	408.177
2284	345.088	408.017
2285	345.25	407.947
2287	345.575	407.945
2288	345.737	407.801
2289	345.9	407.795
2290	346.062	407.784
2291	346.225	407.737
2292	346.388	407.724
2293	346.551	407.721
2294	346.715	407.72
2295	346.877	407.719
2296	347.041	407.717
2297	347.204	407.701
2298	347.37	407.638
2299	347.532	407.638
2301	347.856	407.236
2302	348.019	407.153
2303	348.182	407.136
2304	348.344	407.036
2305	348.507	407.01
2306	348.67	406.659
2307	348.833	406.654
2308	348.995	406.63
2309	349.157	406.606
2310	349.319	406.449
2312	349.654	406.435
2314	349.985	406.408
2315	350.148	406.391
2316	350.311	406.353
2317	350.475	406.204
2318	350.638	406.189
2319	350.802	406.01
2320	350.965	406.003
2323	351.453	405.998
2324	351.616	405.973
2325	351.779	405.828
2326	351.943	405.814
2327	352.111	405.774
2328	352.272	405.705
2329	352.435	405.694
2330	352.597	405.666
2331	352.761	405.663
2332	352.922	405.593
2333	353.083	405.589
2335	353.408	405.432
2336	353.57	405.43
2337	353.733	405.427
2338	353.896	405.241
2339	354.058	405.225
2340	354.221	405.138
2341	354.387	405.133
2342	354.55	405.022
2343	354.713	405.018
2344	354.874	404.994
2345	355.037	404.675
2346	355.2	404.673
2347	355.362	404.577
2349	355.688	404.381
2350	355.851	404.36
2351	356.014	404.328
2352	356.177	404.165
2353	356.339	404.155
2354	356.502	403.864
2355	356.664	403.852
2356	356.829	403.833
2357	356.992	403.784
2358	357.154	403.767
2359	354.843	403.75
2360	355.006	403.746
2362	355.329	403.735
2365	355.817	403.477
2366	355.98	403.469
2367	356.143	403.373
2368	356.305	403.353
2369	356.468	403.324
2370	356.633	403.323
2371	356.796	403.217
2372	356.958	403.21
2373	357.121	403.14
2374	357.283	403.07
2375	357.445	403.042
2376	357.607	403.024
2377	357.769	403.019
2378	357.932	402.944
2379	358.094	401.657
2380	358.255	401.65
2381	358.419	401.257
2382	358.581	401.165
2384	358.907	401.035
2385	359.073	400.981
2386	359.234	400.925
2387	359.396	400.812
2388	359.558	400.672
2389	359.721	400.661
2390	359.883	400.647
2391	360.046	400.568
2392	360.209	400.527
2393	360.372	400.488
2394	360.534	400.4
2395	360.697	400.187
2396	360.86	400.168
2397	361.023	400.163
2398	361.186	400.156
2399	361.351	400.038
2401	361.678	399.99
2402	361.84	399.832
2403	362.001	399.83
2404	362.165	399.658
2405	362.327	399.616
2406	362.491	399.552
2407	362.652	399.414
2408	362.814	399.394
2409	362.976	399.381
2410	363.137	399.373
2411	363.298	399.371
2412	363.458	399.365
2413	363.619	399.351
2414	363.784	399.314
2415	363.946	399.306
2416	364.109	399.093
2417	364.272	399.069
2418	364.435	399.065
2419	364.597	399.039
2420	364.76	399.037
2421	364.922	399.031
2422	365.085	399.015
2423	365.244	399.011
2424	365.405	398.97
2425	365.568	398.916
2426	365.731	398.897
2427	365.893	398.86
2428	366.057	398.837
2429	366.22	398.831
2430	366.382	398.799
2432	366.705	398.792
2433	366.867	398.774
2434	367.03	398.754
2435	367.19	398.753
2436	367.352	398.748
2437	367.515	398.747
2439	367.838	398.721
2440	368	398.633
2441	368.162	398.599
2442	368.322	398.436
2443	368.491	398.397
2444	368.653	398.365
2445	368.815	398.332
2446	368.978	398.304
2447	369.141	397.701
2448	369.303	397.692
2449	369.466	397.628
2450	369.627	397.626
2451	369.788	397.584
2452	369.95	397.505
2453	370.112	397.295
2454	370.274	397.215
2455	370.436	397.156
2456	370.598	397.15
2457	370.761	397.097
2458	370.927	397.061
2459	371.089	397.016
2461	371.415	397.009
2462	371.578	396.963
2463	371.74	396.867
2464	371.903	396.779
2465	372.065	396.686
2466	372.227	396.662
2467	372.389	396.627
2468	372.552	396.618
2469	372.713	396.441
2470	372.875	396.42
2471	373.038	396.219
2472	373.202	396.168
2473	373.365	396.164
2474	373.529	396.131
2475	373.691	396.093
2476	373.854	395.599
2477	374.016	395.137
2478	374.178	395.129
2479	374.34	394.893
2480	374.501	394.892
2481	374.663	394.752
2482	374.825	393.617
2483	374.985	393.597
2484	375.148	393.583
2485	375.311	393.566
2487	375.638	393.549
2488	375.8	393.524
2489	375.962	393.49
2490	376.125	393.487
2491	376.287	393.481
2492	376.449	393.473
2493	376.611	393.344
2494	376.773	393.095
2495	376.935	392.84
2496	377.097	392.611
2497	377.259	392.538
2498	377.421	392.083
2499	377.584	392.058
2500	377.745	391.939
2501	377.909	391.897
2502	378.072	391.89
2503	378.233	391.871
2504	378.394	391.736
2505	378.557	391.727
2508	379.042	391.613
2509	379.205	391.604
2510	379.366	391.577
2511	379.528	391.478
2512	379.691	391.461
2513	379.853	391.454
2514	380.015	391.395
2516	380.34	391.335
2517	380.502	391.31
2518	380.664	391.08
2519	380.827	391.021
2520	380.99	391.011
2521	381.152	390.902
2522	381.314	390.77
2523	381.473	390.768
2524	381.635	390.696
2525	381.797	390.667
2526	381.958	390.63
2527	382.12	390.607
2528	382.282	390.127
2529	382.444	390.041
2530	382.607	389.917
2532	382.932	389.901
2533	383.093	389.06
2534	383.255	389.03
2535	383.418	388.987
2536	383.579	388.777
2537	383.741	388.71
2538	383.902	388.691
2539	384.064	388.635
2540	384.225	388.151
2541	384.386	388.143
2544	384.868	388.115
2545	385.033	388.027
2546	385.195	387.983
2547	385.356	387.956
2548	385.518	386.98
2550	385.843	386.396
2551	386.006	386.33
2552	386.168	386.16
2553	386.331	386.137
2554	386.493	386.118
2555	386.654	386.084
2556	386.815	386.084
2557	386.978	386.031
2558	384.651	386.023
2559	384.814	385.961
2560	384.978	385.934
2561	385.141	385.924
2564	385.626	385.863
2565	385.789	385.73
2566	385.951	385.68
2567	386.113	385.581
2568	386.274	385.388
2569	386.436	385.381
2570	386.597	385.321
2572	386.918	385.313
2573	387.08	385.277
2574	387.243	385.267
2575	387.407	385.237
2576	387.569	385.112
2577	387.728	385.103
2579	388.05	385.099
2580	388.212	384.475
2581	388.374	384.471
2582	388.535	384.444
2583	388.697	384.433
2584	388.858	384.366
2585	389.02	384.265
2586	389.181	384.262
2587	389.343	384.256
2588	389.506	384.252
2589	389.67	384.224
2590	389.833	384.16
2591	389.995	384.15
2592	390.155	384.146
2593	390.317	384.085
2594	390.48	384.015
2595	390.642	383.918
2596	390.803	383.646
2598	391.125	383.622
2599	391.285	383.56
2600	391.447	383.062
2601	391.608	382.418
2602	391.769	382.28
2603	391.929	381.677
2604	392.095	381.606
2605	392.257	381.576
2606	392.419	381.567
2607	392.581	381.516
2608	392.743	381.474
2609	392.904	381.451
2610	393.066	381.385
2611	393.227	381.031
2612	393.388	381.004
2613	393.548	380.742
2614	393.709	380.711
2615	393.872	380.697
2616	394.033	380.604
2618	394.357	380.602
2619	394.519	380.574
2620	394.681	380.57
2621	394.842	380.514
2622	395.004	380.464
2623	395.164	379.915
2624	395.324	379.878
2626	395.647	379.836
2627	395.808	379.485
2628	395.971	379.478
2629	396.133	379.459
2630	396.293	379.426
2631	396.454	379.411
2632	396.615	379.386
2633	396.779	379.385
2634	396.942	378.876
2635	397.104	378.641
2636	397.263	378.64
2637	397.424	378.596
2638	397.585	378.57
2639	397.746	378.565
2640	397.907	378.562
2641	398.133	378.337
2642	398.299	378.33
2643	398.46	378.233
2644	398.62	378.063
2645	398.782	377.305
2646	398.942	377.298
2647	399.106	377.251
2648	399.267	377.116
2649	399.428	377.089
2650	399.589	377.05
2651	399.748	377.027
2652	399.908	376.956
2653	400.07	376.949
2654	400.231	376.937
2655	400.392	376.861
2656	400.554	376.733
2657	400.714	376.725
2658	400.875	376.557
2659	401.035	376.392
2660	401.196	376.39
2661	401.359	376.117
2662	401.523	376.115
2663	401.684	375.831
2664	401.845	375.79
2665	402.006	375.77
2666	402.166	375.757
2668	402.489	375.486
2669	402.649	375.419
2670	402.81	374.626
2671	402.971	374.583
2672	403.132	374.579
2674	403.455	374.453
2675	403.615	374.452
2676	403.777	374.201
2677	403.94	374.175
2678	404.101	374.1
2679	404.26	374.055
2680	404.421	374.05
2681	404.581	374.02
2682	404.742	373.95
2683	404.903	373.78
2684	405.063	373.773
2685	405.224	373.768
2686	405.384	373.683
2687	405.545	373.658
2688	405.706	373.603
2689	405.866	373.571
2690	406.026	373.558
2692	406.352	373.542
2693	406.513	373.436
2694	406.673	373.33
2695	406.834	372.627
2696	406.995	372.622
2697	407.156	372.599
2698	407.316	372.592
2699	407.477	372.569
2700	407.637	372.567
2701	407.798	372.565
2702	407.959	372.551
2703	408.119	372.532
2704	408.28	372.504
2705	408.44	372.497
2706	408.602	372.464
2707	408.763	372.373
2708	408.925	372.165
2709	409.086	372.017
2710	409.247	372.004
2711	409.407	370.589
2712	409.568	370.508
2713	409.737	370.463
2714	409.9	370.461
2715	410.061	370.451
2716	410.221	370.441
2717	410.382	370.355
2718	410.542	370.301
2719	410.702	370.261
2720	410.863	370.256
2721	411.027	369.982
2722	411.188	369.776
2723	411.349	369.663
2724	411.509	369.624
2725	411.67	369.547
2726	411.829	369.457
2727	411.99	369.404
2729	412.31	369.377
2731	412.628	369.375
2732	412.789	369.351
2733	412.95	369.307
2734	413.11	369.203
2735	413.273	368.47
2737	413.594	368.45
2738	413.755	368.415
2740	414.076	368.413
2741	414.236	368.408
2742	414.397	368.404
2743	414.557	368.392
2744	414.714	368.349
2745	414.873	368.339
2746	415.033	368.314
2747	415.195	368.118
2748	415.356	367.687
2749	415.516	367.448
2750	415.678	367.437
2751	415.839	367.413
2752	415.999	367.404
2753	416.159	367.38
2754	416.319	367.368
2755	416.48	367.36
2756	416.641	366.871
2757	416.802	366.785
2758	414.489	366.778
2759	414.65	366.743
2760	414.811	366.735
2761	414.971	366.665
2762	415.132	366.635
2763	415.291	366.545
2764	415.452	366.428
2765	415.615	366.418
2766	415.775	366.282
2768	416.097	366.275
2769	416.258	366.273
2770	416.419	366.095
2771	416.579	366.06
2772	416.74	365.943
2773	416.901	365.942
2774	417.061	365.929
2775	417.22	365.921
2776	417.381	365.088
2777	417.543	365.07
2778	417.703	365.067
2779	417.864	361.927
2780	418.026	361.883
2781	418.187	361.761
2782	418.348	360.922
2783	418.51	360.629
2784	418.671	360.618
2786	418.994	360.547
2787	419.156	360.526
2788	419.317	360.314
2789	419.478	359.774
2790	419.638	359.748
2791	419.799	359.731
2792	419.959	359.725
2793	420.12	359.686
2794	420.283	359.685
2795	420.443	359.647
2796	420.606	359.587
2797	420.767	359.568
2798	420.927	359.561
2799	421.087	359.541
2800	421.246	359.501
2801	421.406	359.5
2802	421.567	359.498
2804	421.889	359.347
2805	422.049	359.259
2806	422.208	359.021
2807	422.369	358.919
2808	422.529	358.793
2809	422.692	358.333
2810	422.853	357.437
2811	423.012	356.971
2812	423.172	356.888
2813	423.332	356.825
2814	423.492	356.798
2815	423.652	356.76
2816	423.812	356.719
2817	423.973	356.685
2818	424.134	356.427
2819	424.292	356.42
2820	424.452	356.184
2821	424.612	356.168
2822	424.772	356.15
2823	424.933	356.134
2824	425.097	355.921
2825	425.258	355.894
2826	425.418	355.862
2827	425.579	355.752
2829	425.9	355.66
2830	426.061	355.559
2831	426.22	355.46
2832	426.38	355.055
2833	426.54	355.003
2834	426.701	353.052
2835	426.861	353.033
2836	427.022	352.719
2837	427.182	352.552
2838	427.344	352.308
2839	427.505	352.182
2840	427.665	352.145
2841	427.825	351.936
2842	427.985	350.836
2843	428.145	350.789
2844	428.306	350.494
2845	428.466	350.491
2847	428.787	350.48
2848	428.947	350.476
2849	429.107	350.464
2850	429.269	350.05
2851	429.43	349.948
2852	429.59	349.802
2853	429.752	349.352
2854	429.912	348.591
2855	430.073	348.318
2856	430.234	348.282
2857	430.394	348.274
2858	430.556	348.123
2859	430.716	348.101
2860	430.876	347.882
2861	431.035	347.807
2862	431.195	347.804
2863	431.355	347.793
2864	431.517	347.681
2865	431.677	347.676
2866	431.837	347.662
2867	431.997	347.565
2868	432.186	347.563
2869	432.347	347.546
2870	432.508	347.522
2871	432.668	347.2
2872	432.829	347.095
2873	432.989	346.966
2874	433.15	346.648
2875	433.309	346.386
2876	433.47	345.932
2877	433.631	345.528
2878	433.792	345.455
2879	433.954	345.038
2880	434.113	344.728
2881	434.272	344.711
2883	434.595	344.443
2884	434.756	344.377
2885	434.915	344.351
2886	435.075	344.086
2887	435.236	343.802
2888	435.396	341.897
2889	435.557	341.818
2890	435.717	341.507
2891	435.875	340.942
2892	436.036	340.889
2893	436.197	340.831
2894	436.357	340.761
2895	436.517	340.266
2896	436.677	340.229
2897	436.841	336.475
2898	437.002	336.431
2899	437.161	336.035
2900	437.322	336.008
2901	437.482	335.937
2902	437.642	335.813
2903	437.803	335.53
2904	437.964	335.376
2906	438.284	335.343
2907	438.444	335.318
2908	438.605	335.314
2909	438.764	335.225
2910	438.923	335.22
2912	439.245	335.174
2913	439.406	335.149
2914	439.566	335.114
2915	439.727	335.012
2916	439.885	334.998
2917	440.046	334.972
2918	440.207	334.859
2919	440.367	334.609
2920	440.527	334.519
2921	440.686	334.43
2922	440.847	334.414
2924	441.167	334.355
2925	441.327	334.347
2926	441.489	334.274
2927	441.651	333.383
2928	441.811	333.378
2929	441.97	333.072
2930	442.129	333.006
2931	442.288	332.499
2932	442.449	329.607
2935	442.928	329.221
2936	443.089	328.979
2937	443.247	328.584
2939	443.567	328.499
2940	443.728	328.195
2941	443.887	327.745
2942	444.051	327.714
2943	444.211	327.695
2944	444.371	327.244
2945	444.531	327.06
2946	444.692	326.961
2947	444.853	326.95
2948	445.012	326.897
2949	445.171	326.783
2950	445.33	326.771
2951	445.487	326.632
2952	445.647	324.73
2953	445.806	323.58
2954	445.966	323.498
2955	446.126	323.288
2956	446.286	323.267
2957	446.447	323.12
2959	444.278	322.902
2960	444.438	322.658
2961	444.598	322.616
2962	444.758	322.603
2963	444.917	322.227
2964	445.075	322.222
2965	445.235	318.944
2966	445.394	318.916
2967	445.553	318.906
2968	445.712	318.835
2969	445.87	318.82
2970	446.03	317.426
2971	446.193	317.311
2972	446.353	316.831
2973	446.513	316.814
2974	446.673	316.797
2975	446.832	316.705
2976	446.991	316.22
2977	447.149	316.011
2979	447.469	315.689
2980	447.628	315.635
2981	447.787	315.45
2982	447.947	314.663
2983	448.107	314.649
2984	448.265	314.454
2985	448.426	314.403
2986	448.587	314.077
2987	448.748	313.885
2988	448.907	313.857
2991	449.388	313.797
2993	449.706	313.524
2994	449.866	313.296
2995	450.027	313.247
2996	450.187	312.962
2997	450.346	312.953
2998	450.506	310.816
2999	450.666	310.582
3000	450.825	310.303
3001	450.988	310.27
3002	451.148	310.24
3003	451.307	310.148
3005	451.626	310.133
3006	451.786	310.116
3007	451.946	310.06
3008	452.105	310.029
3009	452.264	310.027
3010	452.424	309.991
3011	452.584	309.92
3013	452.903	309.873
3014	453.064	309.839
3016	453.386	309.824
3017	453.546	309.799
3019	453.865	309.797
3020	454.024	309.792
3022	454.343	309.758
3023	454.502	309.742
3024	454.662	309.701
3025	454.821	309.701
3026	454.982	309.685
3027	455.14	309.678
3029	455.459	309.655
3030	455.619	309.597
3031	455.781	309.591
3032	455.941	309.541
3033	456.099	309.398
3035	456.418	309.387
3036	456.577	309.382
3037	456.737	309.373
3038	456.897	309.371
3039	457.057	309.331
3040	457.217	309.33
3041	457.377	309.322
3042	457.536	309.304
3043	457.696	309.302
3044	457.855	309.293
3047	458.336	309.289
3049	458.656	309.282
3050	458.815	309.277
3051	458.975	309.171
3053	459.295	309.147
3054	459.454	309.142
3055	459.614	309.085
3056	459.773	309.074
3057	459.933	308.983
3058	460.092	308.953
3059	460.251	308.948
3061	460.572	308.917
3062	460.732	308.888
3063	460.891	308.872
3065	461.21	308.872
3066	461.369	308.861
3067	461.529	308.854
3068	461.689	308.815
3069	461.849	308.808
3070	462.009	308.806
3072	462.329	308.804
3074	462.65	308.72
3077	463.132	308.713
3078	463.292	308.704
3079	463.451	308.687
3081	463.772	308.588
3082	463.933	308.282
3083	464.093	308.259
3085	464.413	308.238
3086	464.574	308.237
3087	464.733	308.191
3088	464.892	308.007
3089	465.052	307.988
3090	465.214	307.966
3091	465.374	307.962
3092	465.533	307.913
3093	465.693	307.912
3094	465.852	307.911
3095	466.011	307.893
3096	466.171	307.857
3097	466.332	307.775
3098	466.491	307.766
3099	466.651	307.766
3100	466.812	307.764
3101	466.972	307.717
3102	467.132	307.715
3103	467.292	307.688
3104	467.455	307.541
3106	467.776	307.531
3107	467.936	307.531
3108	468.096	307.528
3109	468.256	307.501
3110	468.416	307.495
3111	468.576	307.36
3112	468.736	307.319
3114	469.054	307.31
3115	469.215	307.265
3116	469.376	307.191
3117	469.535	307.188
3118	469.703	307.187
3119	469.873	306.92
3120	470.033	306.906
3121	470.193	306.869
3122	470.356	306.784
3123	470.523	306.775
3124	470.689	306.682
3125	470.85	306.679
3126	471.012	306.659
3127	471.175	306.647
3128	471.335	306.582
3129	471.513	306.539
3131	471.838	306.31
3132	471.998	306.24
3133	472.159	306.091
3134	472.32	306.085
3135	472.48	306.04
3136	472.64	305.927
3137	472.8	305.925
3138	473.005	305.877
3139	473.164	305.876
3140	473.324	305.868
3141	473.484	305.855
3142	473.644	305.845
3143	473.819	305.836
3144	473.978	305.777
3145	474.139	305.774
3146	474.298	305.762
3148	474.62	305.75
3149	474.781	305.735
3150	474.941	305.715
3151	475.101	305.705
3152	475.261	305.641
3153	475.424	305.371
3154	475.583	305.316
3155	475.741	305.289
3156	475.913	305.276
3157	476.078	305.235
3158	476.238	305.22
3159	473.925	305.187
3160	474.086	305.171
3161	474.246	305.149
3162	474.408	305.148
3163	474.571	305.013
3164	474.731	304.991
3165	474.891	304.985
3166	475.05	304.761
3167	475.209	304.747
3168	475.369	304.707
3169	475.529	304.56
3170	475.688	304.55
3171	475.847	304.501
3172	476.008	304.476
3173	476.166	304.472
3175	476.485	304.383
3176	476.645	304.381
3178	476.979	304.38
3179	477.139	304.344
3180	477.299	304.332
3181	477.459	304.204
3182	477.618	304.174
3184	477.939	304.155
3185	478.098	304.145
3186	478.258	304.123
3187	478.419	304.107
3188	478.578	304.091
3189	478.738	304.083
3190	478.899	304.08
3191	479.06	304.073
3192	479.223	303.986
3193	479.384	303.944
3195	479.705	303.913
3196	479.865	303.879
3197	480.025	303.783
3198	480.186	303.758
3199	480.348	303.727
3200	480.509	303.692
3201	480.669	303.645
3202	480.829	303.634
3203	480.99	303.471
3204	481.15	303.469
3206	481.471	303.456
3207	481.635	303.45
3208	481.797	303.448
3209	481.958	303.43
3210	482.126	303.43
3211	482.292	303.365
3212	482.454	303.359
3213	482.616	303.346
3214	482.776	303.31
3215	482.936	303.301
3216	483.095	303.291
3217	483.254	303.263
3218	483.414	303.221
3219	483.574	303.198
3220	483.734	303.195
3221	483.896	303.178
3222	484.059	303.175
3223	484.219	303.058
3224	484.38	303.057
3225	484.541	303.054
3226	484.7	303.042
3227	484.862	303.007
3228	485.023	302.993
3229	485.184	302.971
3230	485.345	302.922
3231	485.505	302.912
3232	485.665	302.908
3234	485.988	302.908
3235	486.148	302.351
3236	486.309	302.344
3237	486.469	302.305
3238	486.629	302.264
3239	486.788	302.254
3240	486.948	302.157
3241	487.108	302.142
3242	487.268	302.079
3243	487.428	302.066
3244	487.587	302.051
3245	487.746	301.79
3246	487.907	301.785
3247	488.066	301.775
3248	488.227	301.762
3249	488.387	301.718
3250	488.545	301.704
3251	488.707	301.698
3252	488.867	301.667
3253	489.027	301.633
3254	489.187	301.623
3255	489.347	301.616
3256	489.505	301.615
3257	489.663	301.566
3258	489.823	301.522
3259	489.982	301.503
3260	490.141	301.411
3262	490.461	301.404
3263	490.621	301.363
3264	490.78	301.307
3266	491.102	301.281
3268	491.424	301.281
3269	491.584	301.271
3270	491.743	301.246
3271	491.903	301.236
3272	492.063	301.228
3273	492.225	300.779
3274	492.386	300.707
3275	492.545	300.671
3276	492.704	300.623
3277	492.863	300.586
3278	493.023	300.556
3279	493.183	300.432
3280	493.342	300.422
3281	493.508	300.418
3282	493.668	300.401
3283	493.828	300.348
3284	493.989	300.276
3285	494.149	300.271
3286	494.309	300.27
3287	494.468	300.266
3288	494.629	300.213
3290	494.947	300.178
3291	495.107	300.169
3292	495.267	300.134
3293	495.428	300.123
3295	495.75	300.109
3296	495.91	300.097
3297	496.07	300.072
3298	496.229	300.067
3299	496.389	300.061
3301	496.71	299.889
3302	496.87	299.849
3303	497.03	299.802
3304	497.189	299.779
3305	497.348	299.738
3306	497.507	299.659
3307	497.668	299.656
3308	497.828	299.643
3309	497.988	299.641
3310	498.149	299.625
3311	498.308	299.624
3312	498.468	299.58
3314	498.788	299.569
3315	498.948	299.558
3316	499.108	299.489
3317	499.268	299.451
3318	499.428	299.45
3319	499.588	299.409
3320	499.748	299.402
3322	500.069	299.4
3323	500.228	299.398
3324	500.388	299.386
3325	500.55	299.374
3326	500.71	299.362
3327	500.87	299.344
3329	501.19	299.343
3330	501.35	299.338
3331	501.51	299.301
3332	501.669	299.298
3333	501.829	299.297
3335	502.15	299.293
3336	502.311	299.281
3338	502.629	299.268
3339	502.788	299.246
3340	502.95	299.129
3341	503.11	299.095
3342	503.271	299.074
3343	503.431	299.07
3344	503.591	299.054
3345	503.751	299.04
3346	503.908	299.04
3347	504.067	299.04
3348	504.226	299.039
3349	504.386	299.021
3351	504.706	298.998
3352	504.866	298.985
3353	505.026	298.972
3354	505.189	298.852
3355	505.353	298.851
3356	505.513	298.779
3357	505.672	298.77
3358	505.832	298.766
3359	505.993	298.764
3362	503.984	298.759
3363	504.144	298.757
3364	504.304	298.754
3365	504.463	298.744
3366	504.623	298.735
3367	504.782	298.728
3368	504.943	298.704
3369	505.11	298.689
3370	505.272	298.688
3371	505.432	298.684
3372	505.592	298.656
3373	505.752	298.653
3374	505.912	298.644
3375	506.072	298.63
3376	506.231	298.62
3377	506.39	298.616
3378	506.549	298.593
3379	506.708	298.574
3380	506.866	298.568
3381	507.025	298.525
3382	507.187	298.419
3384	507.509	298.289
3385	507.669	298.227
3386	507.828	298.139
3387	508.061	298.089
3388	508.22	297.967
3389	508.38	297.958
3390	508.539	297.954
3391	508.699	297.85
3392	508.859	297.834
3393	509.018	297.805
3394	509.177	297.772
3395	509.334	297.576
3396	509.491	297.574
3397	509.649	297.556
3398	509.808	297.532
3399	509.969	297.43
3400	510.129	297.414
3401	510.289	297.404
3402	510.447	297.306
3403	510.607	297.305
3404	510.768	297.279
3405	510.927	297.26
3406	511.086	297.242
3407	511.246	297.195
3408	511.404	297.185
3409	511.564	297.177
3410	511.723	297.171
3411	511.882	297.17
3412	512.041	297.165
3413	512.203	297.153
3414	512.363	297.111
3415	512.523	297.096
3416	512.681	296.973
3417	512.841	296.954
3419	513.159	296.931
3421	513.477	296.925
3422	513.636	296.917
3423	513.795	296.915
3424	513.955	296.886
3425	514.113	296.863
3426	514.272	296.843
3427	514.431	296.716
3428	514.594	296.669
3429	514.754	296.615
3430	514.913	296.594
3431	515.073	296.574
3432	515.232	296.571
3433	515.391	296.55
3434	515.551	296.488
3435	515.709	296.486
3437	516.027	296.486
3439	516.347	296.46
3440	516.506	296.185
3441	516.666	296.165
3442	516.825	296.144
3443	516.988	296.127
3444	517.147	296.123
3445	517.307	296.118
3446	517.465	296.086
3447	517.625	295.893
3448	517.784	295.886
3449	517.945	295.863
3450	518.104	295.862
3451	518.265	295.818
3452	518.423	295.79
3453	518.58	295.733
3454	518.739	295.711
3455	518.898	295.709
3456	519.057	295.707
3457	519.217	295.632
3458	519.38	295.594
3459	519.54	295.568
3460	519.7	295.558
3461	519.858	295.536
3462	520.018	295.516
3463	520.178	295.485
3464	520.338	295.42
3465	520.5	295.416
3466	520.661	295.407
3467	520.823	295.399
3468	520.983	295.379
3469	521.141	295.334
3470	521.299	295.32
3473	521.78	295.229
3474	521.94	295.206
3475	522.1	295.077
3476	522.259	294.932
3477	522.419	294.906
3478	522.58	294.902
3479	522.739	294.804
3480	522.899	294.792
3481	523.057	294.695
3482	523.216	294.44
3483	523.375	294.387
3484	523.535	294.369
3485	523.695	294.318
3486	523.853	294.308
3487	524.015	294.299
3488	524.175	294.29
3489	524.337	294.276
3490	524.503	294.272
3491	524.661	294.258
3492	524.82	294.241
3493	524.98	294.219
3494	525.139	294.061
3495	525.299	294.029
3496	525.458	293.841
3497	525.617	293.701
3498	525.775	293.67
3499	525.935	293.665
3500	526.094	293.486
3501	526.253	293.458
3502	526.416	293.457
3503	526.576	293.446
3504	526.736	293.419
3505	526.895	293.419
3506	527.054	293.415
3507	527.215	293.414
3508	527.372	293.397
3509	527.532	293.385
3510	527.691	293.363
3511	527.849	293.298
3512	528.007	293.292
3513	528.167	293.256
3514	528.326	293.216
3515	528.486	293.215
3516	528.645	293.171
3517	528.807	293.166
3518	528.967	292.956
3519	529.126	292.696
3520	529.285	292.592
3521	529.444	292.553
3522	529.602	292.442
3523	529.769	292.441
3524	529.93	292.438
3525	530.09	292.426
3526	530.25	292.392
3527	530.409	292.377
3528	530.569	292.316
3530	530.886	292.026
3532	531.209	292.017
3533	531.368	291.245
3534	531.527	291.234
3535	531.687	291.216
3536	531.846	291.059
3537	532.005	291.051
3538	532.166	291.034
3539	532.327	291.027
3540	532.486	290.919
3541	532.645	290.917
3542	532.805	290.916
3544	533.125	290.729
3545	533.285	290.638
3546	533.448	290.625
3547	533.61	290.582
3548	533.769	289.243
3549	533.929	289.24
3550	534.088	288.906
3551	534.245	288.876
3552	534.402	288.857
3553	534.561	288.846
3554	534.721	288.838
3555	534.88	288.807
3556	535.039	288.806
3557	535.199	288.782
3559	535.519	288.562
3560	535.678	288.541
3561	535.839	288.53
3564	533.837	288.517
3565	533.997	288.417
3566	534.157	288.389
3567	534.316	288.373
3568	534.475	288.29
3569	534.635	288.262
3570	534.794	288.238
3571	534.954	288.236
3572	535.114	288.227
3573	535.273	288.22
3574	535.432	288.203
3575	535.592	288.16
3576	535.753	288.101
3577	535.914	288.096
3578	536.073	287.97
3580	536.391	287.726
3582	536.709	287.711
3583	536.868	287.709
3584	537.027	287.674
3585	537.184	287.553
3586	537.343	287.521
3587	537.503	287.505
3588	537.662	287.499
3589	537.821	287.492
3590	537.981	287.482
3591	538.143	287.469
3592	538.302	287.468
3593	538.461	287.452
3594	538.621	287.428
3595	538.781	287.396
3596	538.94	287.245
3597	539.1	287.189
3598	539.259	287.172
3599	539.418	287.122
3600	539.578	287.052
3601	539.737	286.991
3602	539.896	286.879
3603	540.055	286.674
3604	540.214	286.645
3605	540.373	286.643
3606	540.536	286.637
3607	540.695	286.603
3608	540.856	286.595
3609	541.016	286.573
3610	541.175	286.485
3611	541.335	286.115
3612	541.493	286.074
3613	541.652	285.928
3614	541.811	285.924
3615	541.97	285.914
3616	542.128	285.854
3617	542.286	285.841
3619	542.603	285.818
3620	542.761	285.72
3621	542.923	285.707
3622	543.082	285.699
3623	543.241	285.318
3624	543.4	285.307
3625	543.559	285.306
3626	543.717	285.292
3627	543.876	285.075
3628	544.036	285.072
3629	544.195	285.049
3631	544.514	285.037
3632	544.673	285.031
3633	544.832	285.026
3634	544.991	285.001
3635	545.149	284.904
3636	545.31	284.899
3637	545.469	284.845
3638	545.628	284.831
3639	545.787	284.825
3640	545.944	284.802
3641	546.103	284.699
3642	546.263	284.693
3643	546.423	284.665
3644	546.582	284.61
3645	546.741	284.479
3646	546.899	284.479
3647	547.056	284.449
3648	547.215	284.262
3649	547.373	284.212
3650	547.532	284.186
3651	547.692	284.18
3652	547.851	284.121
3653	548.01	284.112
3654	548.169	284.107
3655	548.328	283.806
3656	548.487	283.758
3657	548.644	283.75
3658	548.803	283.682
3659	548.962	283.64
3660	549.122	283.64
3661	549.282	283.611
3663	549.6	283.585
3664	549.759	283.207
3666	550.079	283.198
3667	550.238	283.181
3668	550.397	283.038
3669	550.555	282.985
3670	550.714	282.792
3671	550.872	282.723
3672	551.03	282.722
3673	551.19	282.68
3674	551.35	282.624
3675	551.508	282.613
3676	551.668	282.417
3677	551.827	282.402
3678	551.985	282.356
3680	552.304	282.354
3681	552.464	282.352
3682	552.623	282.333
3683	552.782	282.295
3684	552.942	282.291
3685	553.1	282.273
3687	553.418	282.231
3688	553.583	282.21
3689	553.743	282.195
3690	553.901	282.186
3692	554.219	282.174
3693	554.378	282.143
3694	554.538	282.112
3695	554.699	281.858
3696	554.858	281.85
3697	555.017	281.779
3698	555.176	281.719
3699	555.335	281.688
3700	555.494	281.672
3701	555.653	281.672
3702	555.812	281.669
3703	555.971	281.663
3704	556.13	281.645
3705	556.289	281.643
3706	556.448	281.642
3707	556.607	281.566
3708	556.766	281.556
3709	556.924	281.501
3710	557.09	281.489
3711	557.248	281.479
3712	557.406	281.465
3713	557.565	281.424
3714	557.724	281.423
3715	557.883	281.421
3716	558.043	281.409
3717	558.202	281.378
3718	558.361	281.369
3719	558.52	281.363
3720	558.679	281.355
3721	558.837	281.135
3722	558.996	281.07
3723	559.155	281.011
3724	559.313	280.956
3725	559.474	280.941
3726	559.633	280.92
3727	559.797	280.917
3728	559.956	280.912
3729	560.116	280.903
3730	560.274	280.889
3731	560.432	280.829
3732	560.591	280.788
3733	560.75	280.761
3734	560.908	280.713
3735	561.066	279.928
3736	561.224	279.927
3737	561.382	279.913
3738	561.541	279.879
3740	561.86	279.876
3741	562.027	279.872
3742	562.188	279.799
3743	562.348	279.771
3744	562.506	279.722
3745	562.665	279.716
3746	562.824	279.679
3747	562.984	279.604
3748	563.143	279.585
3749	563.302	279.511
3750	563.461	279.493
3752	563.777	279.481
3753	563.936	279.465
3754	564.098	279.447
3755	564.257	279.439
3756	564.416	279.35
3757	564.575	279.294
3758	564.733	279.29
3759	564.892	279.095
3760	565.049	278.985
3761	565.207	278.979
3762	565.367	278.971
3763	565.526	278.91
3764	563.21	278.901
3765	563.369	278.887
3766	563.528	278.827
3767	563.688	278.786
3768	563.846	278.781
3769	564.008	278.779
3771	564.327	278.749
3772	564.485	278.695
3773	564.644	278.67
3774	564.803	278.659
3775	564.961	278.659
3776	565.121	277.961
3777	565.28	277.893
3779	565.598	277.643
3780	565.757	277.606
3781	565.917	277.537
3782	566.076	277.495
3783	566.234	277.356
3784	566.396	277.346
3785	566.554	277.338
3786	566.713	277.306
3787	566.872	277.268
3788	567.032	277.09
3789	567.191	277.048
3790	567.347	277.039
3791	567.507	277.037
3792	567.667	277.034
3793	567.826	276.979
3794	567.985	276.968
3795	568.144	276.957
3796	568.302	276.908
3797	568.463	276.894
3798	568.62	276.89
3799	568.786	276.884
3800	568.945	276.856
3801	569.105	276.841
3802	569.263	276.838
3804	569.578	276.721
3805	569.734	276.71
3807	570.055	276.642
3808	570.215	276.539
3809	570.374	276.44
3810	570.53	276.315
3811	570.689	275.495
3812	570.846	275.45
3813	571.006	275.152
3814	571.167	275.146
3815	571.326	275.14
3816	571.485	275.131
3817	571.643	275.104
3818	571.802	275.005
3819	571.96	274.984
3820	572.119	274.967
3821	572.278	274.961
3822	572.437	274.639
3823	572.595	274.626
3824	572.754	274.237
3825	572.913	274.224
3826	573.072	274.186
3827	573.23	274.106
3829	573.549	274.051
3830	573.708	274.012
3832	574.028	273.522
3833	574.187	273.512
3834	574.345	272.713
3835	574.504	272.694
3836	574.664	272.656
3837	574.823	272.57
3838	574.982	272.379
3839	575.141	272.309
3840	575.3	272.297
3841	575.459	272.04
3843	575.776	272.027
3844	575.94	272.018
3845	576.098	272.014
3847	576.416	272.002
3848	576.575	271.973
3849	576.733	271.934
3850	576.894	271.763
3851	577.052	271.688
3852	577.211	271.634
3853	577.369	271.522
3854	577.526	271.427
3855	577.685	271.354
3857	578.003	271.345
3858	578.163	271.194
3859	578.324	271.172
3860	578.483	271.028
3861	578.642	270.952
3863	578.956	270.947
3864	579.115	270.825
3865	579.274	270.822
3866	579.433	270.82
3867	579.59	270.797
3868	579.749	270.793
3869	579.909	270.776
3870	580.068	270.755
3871	580.227	270.582
3872	580.386	270.52
3873	580.545	270.462
3874	580.706	270.384
3875	580.865	270.341
3876	581.025	269.998
3877	581.184	269.751
3878	581.343	269.639
3879	581.503	269.62
3880	581.662	269.449
3881	581.82	269.425
3882	581.979	269.389
3883	582.138	269.348
3884	582.298	269.311
3885	582.456	269.273
3886	582.614	269.235
3887	582.771	269.035
3888	582.932	268.474
3889	583.093	268.424
3890	583.252	268.273
3891	583.408	268.132
3892	583.567	268.112
3893	583.725	268.067
3894	583.883	268.052
3895	584.042	267.969
3897	584.36	266.941
3898	584.519	266.921
3899	584.677	266.813
3900	584.836	266.788
3901	584.995	266.758
3902	585.154	266.721
3903	585.315	266.643
3904	585.474	266.628
3905	585.633	266.615
3906	585.792	266.603
3908	586.11	266.598
3909	586.27	266.461
3910	586.429	266.42
3912	586.746	266.39
3913	586.905	266.383
3914	587.064	266.375
3915	587.222	266.151
3916	587.381	266.139
3917	587.541	266.131
3918	587.704	266.095
3919	587.864	266.056
3920	588.023	265.999
3921	588.18	265.978
3923	588.497	265.973
3924	588.658	265.937
3925	588.816	265.932
3926	588.973	265.879
3927	589.131	265.3
3928	589.3	265.286
3929	589.461	265.258
3930	589.62	265.175
3931	589.781	265.132
3932	589.946	264.487
3935	590.426	264.239
3936	590.585	264.186
3937	590.744	263.752
3938	590.903	263.749
3939	591.062	263.737
3940	591.221	263.672
3941	591.381	263.217
3942	591.539	263.163
3943	591.698	263.152
3944	591.857	262.961
3945	592.016	262.929
3946	592.177	262.845
3947	592.336	262.838
3948	592.497	262.799
3949	592.673	262.683
3950	592.833	262.673
3951	592.991	262.343
3952	593.15	261.847
3953	593.309	261.816
3954	593.468	261.802
3955	593.627	261.764
3956	593.785	261.746
3957	593.941	261.617
3959	594.26	261.427
3960	594.419	261.384
3961	594.576	261.382
3962	594.734	261.374
3963	594.895	261.221
3964	595.055	261.212
3965	595.214	258.64
3966	595.373	258.629
3967	593.046	258.609
3968	593.205	258.559
3969	593.363	258.53
3970	593.521	258.04
3971	593.679	257.988
3972	593.838	257.537
3973	593.998	257.525
3974	594.158	257.458
3976	594.479	257.347
3977	594.64	257.206
3978	594.8	257.098
3979	594.958	255.803
3980	595.118	255.766
3981	595.275	255.691
3982	595.433	255.506
3983	595.591	255.478
3984	595.749	255.417
3985	595.906	255.408
3986	596.065	255.222
3987	596.224	255.129
3988	596.384	255.11
3989	596.541	254.996
3990	596.699	254.994
3991	596.858	254.979
3993	597.178	254.851
3994	597.337	254.729
3995	597.496	254.723
3997	597.813	254.719
3998	597.972	251.944
3999	598.131	251.774
4000	598.289	251.751
4001	598.448	251.715
4002	598.606	251.683
4003	598.764	251.611
4004	598.923	251.61
4005	599.084	251.608
4006	599.243	251.561
4007	599.404	251.558
4008	599.563	251.53
4009	599.722	251.529
4010	599.881	251.521
4011	600.041	251.336
4013	600.36	251.278
4014	600.518	251.268
4015	600.676	251.266
4016	600.835	251.266
4017	600.991	251.12
4018	601.147	251.12
4019	601.306	251.116
4020	601.464	251.112
4021	601.623	251.105
4022	601.784	251.094
4023	601.944	251.081
4024	602.103	251.062
4026	602.418	251.061
4027	602.577	251.054
4029	602.894	251.052
4030	603.051	251.023
4031	603.21	251.008
4033	603.527	250.93
4035	603.844	250.93
4036	604.003	250.929
4037	604.166	250.923
4038	604.324	250.922
4039	604.483	250.917
4040	604.641	250.915
4041	604.799	250.911
4042	604.958	250.897
4043	605.116	250.894
4044	605.274	250.891
4047	605.75	250.869
4049	606.068	250.868
4051	606.385	250.857
4052	606.546	250.854
4053	606.706	250.843
4055	607.02	250.693
4056	607.179	250.689
4057	607.338	250.666
4058	607.495	250.656
4059	607.654	250.648
4060	607.812	250.647
4061	607.971	250.571
4062	608.13	250.554
4063	608.289	250.539
4064	608.448	250.532
4065	608.606	250.532
4066	608.765	250.529
4067	608.926	250.519
4068	609.085	250.499
4069	609.244	250.494
4070	609.403	250.486
4072	609.719	250.478
4074	610.037	250.469
4075	610.196	250.389
4077	610.514	250.387
4078	610.673	250.383
4079	610.831	250.37
4080	610.99	250.369
4081	611.148	250.299
4082	611.31	250.041
4083	611.469	250.036
4085	611.787	250.022
4086	611.946	250.02
4087	612.104	250.003
4088	612.264	249.943
4089	612.422	249.928
4090	612.582	249.925
4091	612.741	249.763
4092	612.899	249.758
4094	613.217	249.757
4095	613.375	249.752
4096	613.535	249.747
4097	613.7	249.738
4098	613.859	249.734
4099	614.018	249.734
4101	614.335	249.726
4102	614.494	249.722
4103	614.653	249.711
4104	614.812	249.677
4106	615.129	249.638
4108	615.446	249.631
4109	615.604	249.606
4110	615.763	249.602
4111	615.924	249.592
4112	616.083	249.564
4113	616.241	249.561
4114	616.4	249.561
4115	616.558	249.553
4116	616.719	249.45
4117	616.879	249.44
4118	617.037	249.436
4119	617.196	249.22
4120	617.376	249.206
4121	617.553	249.205
4122	617.718	249.2
4123	617.883	249.188
4124	618.053	249.148
4125	618.235	249.142
4126	618.531	249.123
4127	618.781	249.117
4128	618.951	249.052
4129	619.124	249.03
4131	619.501	248.9
4132	619.669	248.894
4133	619.838	248.875
4134	620.011	248.869
4135	620.186	248.834
4136	620.382	248.807
4138	620.768	248.777
4139	620.948	248.71
4140	621.129	248.697
4141	621.299	248.691
4142	621.471	248.675
4143	621.64	248.674
4144	621.814	248.622
4145	621.99	248.62
4146	622.163	248.614
4148	622.505	248.603
4149	622.676	248.602
4150	622.845	248.591
4151	623.022	248.587
4152	623.235	248.517
4153	623.449	248.121
4154	623.629	248.116
4155	623.809	248.084
4156	623.98	247.975
4157	624.148	247.947
4158	624.316	247.936
4159	624.488	247.922
4160	624.658	247.915
4161	624.833	247.893
4163	625.177	247.883
4164	622.867	247.872
4165	623.038	247.866
4166	623.207	247.845
4167	623.381	247.78
4168	623.55	247.774
4169	623.717	247.684
4170	623.887	247.665
4171	624.058	247.643
4172	624.233	247.642
4173	624.402	247.639
4175	624.742	247.619
4176	624.912	247.612
4178	625.256	247.611
4180	625.599	247.61
4181	625.765	247.499
4182	625.935	247.486
4183	626.105	247.485
4184	626.28	247.46
4185	626.45	247.458
4186	626.622	247.448
4187	626.795	247.436
4188	626.965	247.424
4190	627.317	247.42
4191	627.487	247.413
4192	627.664	247.403
4193	627.831	247.373
4195	628.184	247.37
4196	628.353	247.355
4197	628.523	247.342
4198	628.692	247.236
4199	628.869	247.232
4200	629.037	247.217
4201	629.205	247.198
4202	629.38	247.196
4203	629.555	247.159
4204	629.722	247.154
4206	630.065	247.147
4208	630.434	247.146
4209	630.601	247.109
4210	630.773	247.102
4211	630.944	247.083
4212	631.112	247.076
4213	631.282	247.069
4214	631.454	247.063
4215	631.631	247.057
4216	631.802	247.041
4217	631.975	247.035
4218	632.153	246.983
4219	632.318	246.982
4220	632.485	246.952
4221	632.659	246.905
4222	632.84	246.903
4223	633.006	246.901
4224	633.176	246.9
4225	633.346	246.897
4226	633.588	246.89
4228	633.995	246.877
4230	634.366	246.818
4231	634.534	246.809
4232	634.721	246.8
4234	635.079	246.799
4235	635.252	246.741
4236	635.435	246.737
4237	635.603	246.72
4238	635.791	246.684
4239	635.965	246.683
4240	636.134	246.645
4241	636.301	246.639
4242	636.467	246.603
4243	636.635	246.589
4244	636.805	246.578
4245	636.969	246.509
4246	637.14	246.507
4247	637.307	246.496
4248	637.481	246.481
4249	637.654	246.453
4250	637.826	246.431
4251	637.994	246.429
4253	638.334	246.405
4254	638.503	246.404
4255	638.673	246.386
4257	639.002	246.358
4258	639.174	246.315
4259	639.342	246.306
4260	639.521	246.266
4261	639.749	246.262
4262	639.919	246.255
4263	640.094	246.245
4264	640.263	246.153
4266	640.611	246.123
4267	640.783	246.077
4268	640.959	246.073
4269	641.132	246.063
4270	641.302	246.032
4271	641.479	246.031
4272	641.651	246.023
4273	641.824	245.84
4274	641.993	245.837
4275	642.165	245.803
4276	642.342	245.801
4277	642.51	245.768
4278	642.69	245.763
4279	642.867	245.672
4280	643.041	245.671
4282	643.382	245.651
4283	643.554	245.56
4284	643.726	245.503
4285	643.892	245.489
4287	644.235	245.481
4288	644.404	245.442
4289	644.576	245.436
4290	644.745	245.433
4291	644.914	245.426
4292	645.089	245.405
4293	645.262	245.398
4294	645.43	245.396
4295	645.599	245.391
4296	645.771	245.377
4297	645.939	245.372
4298	646.113	245.364
4299	646.277	245.36
4301	646.609	245.332
4302	646.781	245.311
4303	646.953	245.266
4304	647.125	245.25
4305	647.298	245.183
4306	647.468	244.925
4307	647.637	244.924
4308	647.812	244.919
4309	647.989	244.909
4310	648.16	244.863
4311	648.328	244.862
4312	648.501	244.808
4314	648.845	244.782
4315	649.02	244.78
4316	649.198	244.775
4317	649.361	244.773
4318	649.538	244.772
4319	649.708	244.768
4320	649.889	244.766
4323	650.413	244.765
4324	650.589	244.762
4325	650.763	244.751
4326	650.936	244.739
4327	651.109	244.72
4329	651.451	244.717
4330	651.621	244.708
4331	651.803	244.701
4332	651.971	244.691
4333	652.155	244.688
4335	652.496	244.685
4337	652.842	244.676
4338	653.013	244.605
4339	653.187	244.605
4340	653.354	244.586
4341	653.536	244.579
4342	653.708	244.557
4344	654.056	244.552
4345	654.238	244.541
4346	654.416	244.537
4347	654.582	244.53
4348	654.749	244.529
4349	654.921	244.518
4350	652.603	244.501
4351	652.779	244.485
4352	652.945	244.469
4353	653.12	244.436
4354	653.289	244.395
4356	653.627	244.393
4357	653.794	244.378
4358	653.964	244.345
4359	654.14	244.342
4360	654.312	244.326
4361	654.487	244.323
4362	654.659	244.296
4363	654.829	244.291
4365	655.212	244.283
4367	655.604	244.278
4368	655.817	244.244
4369	655.985	244.232
4371	656.368	244.231
4372	656.546	244.227
4373	656.731	244.212
4374	656.899	244.21
4375	657.074	244.156
4376	657.244	244.152
4377	657.415	244.143
4378	657.592	244.142
4379	657.771	244.132
4380	657.936	244.13
4381	658.111	244.083
4382	658.285	243.938
4383	658.455	243.935
4384	658.631	243.876
4385	658.81	243.868
4386	658.982	243.82
4387	659.157	243.769
4388	659.32	243.749
4389	659.492	243.74
4390	659.661	243.733
4391	659.829	243.726
4392	659.998	243.704
4393	660.162	243.681
4394	660.329	243.67
4395	660.507	243.622
4396	660.678	243.601
4397	660.845	243.516
4398	661.017	243.508
4399	661.184	243.47
4400	661.363	243.459
4402	661.701	242.957
4403	661.867	242.954
4404	662.04	242.897
4405	662.212	242.833
4406	662.387	242.827
4407	662.566	242.808
4408	662.736	242.797
4409	662.905	242.788
4410	663.075	242.77
4411	663.248	242.769
4412	663.412	242.731
4414	663.767	242.703
4415	663.935	242.695
4416	664.103	242.58
4417	664.274	242.567
4418	664.447	242.567
4419	664.615	242.544
4420	664.79	242.542
4421	664.96	242.502
4422	665.13	242.471
4424	665.465	242.313
4425	665.642	242.296
4426	665.808	242.289
4427	665.986	242.236
4428	666.151	242.216
4429	666.325	242.171
4430	666.496	242.163
4431	666.671	242.154
4432	666.837	242.138
4433	667.002	242.125
4434	667.178	242.116
4435	667.345	242.112
4436	667.519	242.108
4440	668.193	242.086
4441	668.365	242.042
4442	668.539	241.956
4443	668.71	241.942
4446	669.222	241.846
4447	669.396	241.809
4448	669.564	241.802
4449	669.738	241.776
4450	669.913	241.771
4451	670.081	241.759
4452	670.25	241.756
4453	670.419	241.745
4455	670.77	241.738
4456	670.941	241.736
4457	671.111	241.698
4458	671.289	241.669
4459	671.459	241.667
4460	671.63	241.645
4461	671.802	241.631
4462	671.981	241.617
4463	672.153	241.54
4464	672.326	241.507
4465	672.503	241.49
4466	672.673	241.473
4467	672.842	241.452
4469	673.193	241.425
4470	673.366	241.424
4471	673.535	241.363
4473	673.888	241.352
4474	674.052	241.332
4475	674.223	241.33
4476	674.396	241.241
4477	674.564	241.181
4478	674.733	241.18
4479	674.899	241.09
4480	675.07	241.074
4481	675.248	241.074
4482	675.417	240.828
4483	675.594	240.591
4484	675.768	240.591
4485	675.942	240.573
4486	676.114	240.568
4487	676.29	240.564
4489	676.628	240.557
4490	676.8	240.556
4492	677.141	240.547
4493	677.31	240.545
4494	677.483	240.442
4495	677.656	240.412
4496	677.836	240.394
4497	678.019	240.377
4498	678.196	240.235
4500	678.546	240.145
4501	678.72	240.132
4502	678.894	240.13
4503	679.068	240.109
4504	679.241	240.098
4505	679.41	240.092
4507	679.758	240.092
4508	679.938	240.079
4509	680.11	240.079
4510	680.29	240.069
4511	680.465	240.032
4512	680.704	240.019
4513	680.878	240.014
4514	681.073	240.013
4515	681.31	240.009
4516	681.494	239.989
4517	681.667	239.97
4518	681.86	239.917
4519	682.04	239.828
4520	682.21	239.822
4521	682.386	239.754
4522	682.553	239.678
4523	682.732	239.674
4524	682.906	239.665
4525	683.081	239.605
4526	683.249	239.579
4528	683.6	239.577
4530	683.958	239.513
4531	684.135	239.505
4532	684.309	239.484
4533	684.484	239.314
4534	684.657	239.307
4535	682.362	239.288
4536	682.541	239.09
4537	682.716	239.062
4538	682.886	239.057
4539	683.06	239.033
4540	683.232	238.984
4541	683.404	238.979
4542	683.573	238.972
4543	683.748	238.97
4544	683.924	238.932
4545	684.093	238.892
4546	684.265	238.888
4547	684.442	238.751
4548	684.607	238.292
4549	684.774	238.291
4550	684.95	238.146
4551	685.124	238.123
4552	685.301	238.103
4553	685.482	238.1
4554	685.655	238.093
4555	685.828	238.064
4556	686.006	238.057
4557	686.172	238.035
4559	686.512	238.002
4560	686.679	237.989
4561	686.854	237.983
4562	687.022	237.982
4564	687.365	237.974
4565	687.537	237.914
4566	687.705	237.896
4567	687.872	237.885
4568	688.037	237.813
4569	688.211	237.806
4570	688.38	237.787
4571	688.555	237.777
4572	688.723	237.767
4573	688.896	237.518
4574	689.063	237.513
4575	689.233	237.505
4577	689.574	237.497
4578	689.747	237.425
4579	689.912	237.415
4580	690.09	237.385
4581	690.261	237.385
4582	690.434	237.381
4583	690.605	237.355
4584	690.781	237.288
4585	690.95	237.264
4586	691.12	237.239
4587	691.288	237.238
4588	691.458	237.23
4589	691.631	237.221
4590	691.801	237.182
4591	691.969	237.179
4592	692.146	237.175
4593	692.318	237.155
4594	692.486	237.101
4595	692.654	237.091
4596	692.827	237.048
4597	692.996	237.045
4598	693.167	237.043
4599	693.338	237.003
4600	693.507	236.891
4601	693.675	236.863
4602	693.846	236.764
4603	694.012	236.658
4604	694.181	236.649
4605	694.348	236.646
4607	694.695	236.614
4608	694.861	236.572
4609	695.028	236.559
4610	695.192	236.53
4611	695.366	236.45
4612	695.532	236.406
4613	695.695	236.339
4614	695.869	236.331
4615	696.033	236.318
4616	696.199	236.278
4617	696.364	236.27
4618	696.53	236.269
4619	696.704	236.268
4620	696.874	236.26
4621	697.041	236.254
4622	697.213	236.161
4623	697.381	235.456
4624	697.549	235.448
4626	697.895	235.418
4627	698.059	235.226
4628	698.229	235.211
4629	698.397	235.197
4630	698.565	235.194
4631	698.733	235.183
4632	698.902	235.177
4633	699.07	235.157
4634	699.25	235.134
4635	699.421	235.084
4636	699.592	235.078
4637	699.76	235.049
4638	699.931	235.03
4639	700.099	235.024
4642	700.616	235.021
4643	700.779	235.014
4644	700.948	234.952
4646	701.287	234.949
4647	701.452	234.929
4648	701.632	234.92
4649	701.796	234.877
4650	701.969	234.876
4651	702.136	234.825
4652	702.309	234.819
4654	702.644	234.816
4655	702.816	234.773
4656	702.983	234.755
4657	703.158	234.748
4658	703.332	234.508
4659	703.503	234.365
4660	703.676	234.341
4661	703.847	234.299
4663	704.194	234.283
4664	704.364	234.184
4666	704.702	234.181
4667	704.877	234.145
4668	705.046	234.046
4669	705.218	234.028
4670	705.474	233.878
4671	705.649	233.843
4672	705.851	233.842
4673	706.025	233.816
4674	706.197	233.762
4675	706.367	233.757
4677	706.736	233.753
4678	706.911	233.738
4679	707.084	233.734
4681	707.469	233.724
4682	707.633	233.703
4683	707.804	233.672
4684	707.973	233.668
4685	708.142	233.53
4686	708.311	233.528
4688	708.652	233.498
4689	708.823	233.488
4690	708.991	233.478
4692	709.335	233.463
4693	709.501	233.449
4694	709.669	233.417
4695	709.852	233.406
4696	710.057	233.396
4697	710.226	233.374
4698	710.397	233.323
4699	710.568	233.32
4700	710.735	233.308
4701	710.902	233.308
4702	711.07	233.281
4703	711.242	233.259
4704	711.418	233.255
4706	711.754	233.233
4707	711.92	233.153
4708	712.091	232.651
4709	712.254	232.645
4710	712.423	232.64
4711	712.588	232.612
4712	712.761	232.598
4713	712.926	232.595
4714	713.094	232.593
4715	713.266	232.592
4716	713.434	232.534
4717	713.606	232.514
4718	713.775	232.505
4719	713.94	232.473
4720	714.11	232.459
4721	714.278	232.354
4722	714.447	232.336
4723	712.134	232.307
4724	712.297	232.284
4725	712.471	232.267
4726	712.64	232.244
4727	712.813	232.243
4728	712.986	232.238
4729	713.155	232.229
4730	713.325	232.201
4731	713.495	232.192
4732	713.662	232.155
4733	713.832	232.05
4734	713.999	232.003
4735	714.173	231.499
4737	714.512	231.492
4738	714.678	231.465
4740	715.017	231.464
4741	715.184	231.46
4742	715.353	231.442
4743	715.523	231.404
4744	715.693	231.4
4745	715.867	231.396
4746	716.037	231.391
4747	716.202	231.344
4748	716.372	231.329
4749	716.542	231.323
4750	716.703	231.316
4752	717.031	231.313
4753	717.202	231.304
4754	717.369	231.299
4755	717.535	231.294
4756	717.702	231.192
4757	717.873	231.18
4758	718.041	231.151
4759	718.214	231.11
4760	718.384	231.107
4761	718.549	231.099
4762	718.719	231.087
4763	718.885	231.049
4764	719.052	231.024
4766	719.392	230.975
4769	719.899	230.966
4770	720.064	230.949
4771	720.231	230.929
4772	720.396	230.917
4774	720.745	230.906
4775	720.911	230.878
4776	721.084	230.652
4777	721.254	230.537
4780	721.798	230.502
4781	721.964	230.457
4782	722.131	230.415
4783	722.297	230.358
4784	722.463	230.356
4786	722.794	230.324
4787	722.964	230.316
4788	723.131	230.08
4789	723.298	230.011
4790	723.474	229.969
4792	723.813	229.964
4793	723.98	229.94
4796	724.493	229.898
4798	724.827	229.891
4800	725.17	229.871
4802	725.511	229.866
4803	725.68	229.839
4804	725.849	229.746
4807	726.35	229.708
4808	726.522	229.537
4809	726.691	229.486
4810	726.864	229.465
4811	727.03	229.201
4812	727.198	229.166
4813	727.367	229.021
4815	727.706	229.015
4817	728.044	229.002
4818	728.214	228.915
4819	728.379	228.857
4820	728.552	228.806
4821	728.75	228.749
4822	728.943	228.707
4824	729.304	228.648
4825	729.47	228.635
4826	729.636	228.591
4827	729.806	228.482
4828	729.973	228.455
4829	730.222	228.444
4830	730.388	228.417
4831	730.554	228.391
4832	730.724	227.945
4833	730.891	227.939
4834	731.061	227.651
4835	731.229	227.644
4836	731.397	227.631
4837	731.566	227.61
4838	731.73	227.481
4839	731.901	227.454
4840	732.07	227.439
4841	732.24	227.236
4843	732.583	227.182
4845	732.92	227.182
4847	733.259	227.166
4848	733.425	227.159
4849	733.592	227.109
4850	733.76	226.957
4851	733.93	226.906
4852	734.095	226.879
4853	734.261	226.781
4854	734.429	226.716
4855	734.591	226.68
4856	734.759	226.677
4857	734.937	226.647
4858	735.101	226.62
4860	735.445	226.572
4863	735.954	226.569
4864	736.118	226.487
4865	736.289	226.48
4866	736.454	226.474
4867	736.625	226.445
4869	736.959	226.438
4870	737.124	226.421
4871	737.293	226.332
4872	737.458	226.319
4874	737.791	226.169
4875	737.964	226.131
4876	738.131	226.109
4877	738.297	226.01
4878	738.464	225.846
4879	738.628	225.845
4880	738.798	225.785
4881	738.964	225.768
4884	739.475	225.721
4886	739.833	225.665
4887	739.999	225.468
4888	740.173	225.057
4889	740.339	225.02
4890	740.507	224.938
4891	740.677	224.855
4892	740.846	224.835
4893	741.017	224.808
4894	741.183	224.772
4895	741.36	224.721
4896	741.53	224.706
4897	741.705	224.523
4898	741.876	224.516
4899	742.049	224.444
4900	742.214	224.401
4901	742.391	224.375
4903	742.73	224.314
4904	742.907	224.309
4907	743.417	224.306
4909	743.752	224.067
4910	743.921	224.056
4912	744.265	224.031
4913	741.954	224.018
4914	742.128	223.986
4915	742.296	223.968
4916	742.47	223.878
4918	742.808	223.878
4920	743.145	223.862
4921	743.316	223.826
4924	743.824	223.795
4925	743.994	223.793
4926	744.164	223.771
4927	744.341	223.69
4928	744.507	223.669
4929	744.678	223.659
4930	744.846	223.653
4931	745.011	223.518
4932	745.183	223.434
4933	745.358	223.227
4934	745.527	223.218
4935	745.703	222.884
4936	745.871	222.83
4937	746.035	222.807
4940	746.543	222.803
4941	746.718	222.676
4942	746.885	222.647
4943	747.055	222.64
4944	747.224	222.616
4945	747.392	222.613
4946	747.564	222.567
4948	747.896	222.542
4950	748.235	222.54
4951	748.405	222.409
4952	748.572	222.205
4953	748.742	222.161
4954	748.911	222.157
4955	749.082	222.148
4956	749.245	222.132
4957	749.416	222.037
4959	749.748	221.863
4960	749.916	221.839
4961	750.086	221.836
4962	750.251	221.586
4963	750.417	221.469
4964	750.586	221.455
4965	750.758	221.286
4966	750.925	221.278
4970	751.597	220.914
4971	751.77	220.838
4972	751.939	220.734
4973	752.11	220.724
4974	752.279	220.688
4976	752.619	220.598
4977	752.789	220.458
4979	753.128	220.115
4980	753.296	220.102
4981	753.465	219.933
4982	753.637	219.831
4983	753.807	219.805
4984	753.993	219.785
4987	754.663	219.733
4988	754.835	219.721
4991	755.359	219.714
4992	755.526	219.7
4994	755.856	219.57
4995	756.025	219.568
4998	756.534	219.158
4999	756.707	219.063
5000	756.879	219.047
5001	757.048	218.879
5002	757.216	218.808
5003	757.385	218.604
5005	757.716	218.577
5006	757.886	218.537
5007	758.053	218.526
5008	758.221	218.469
5009	758.388	218.442
5010	758.558	218.437
5011	758.731	218.421
5013	759.071	218.369
5014	759.241	218.366
5015	759.411	218.364
5016	759.577	218.356
5017	759.743	218.345
5018	759.912	218.338
5019	760.081	218.334
5020	760.254	218.334
5021	760.423	218.325
5022	760.591	218.319
5023	760.757	218.311
5024	760.932	218.31
5025	761.106	218.304
5027	761.448	218.297
5029	761.793	218.294
5030	761.962	218.247
5031	762.131	218.238
5032	762.303	218.235
5033	762.472	218.217
5034	762.646	218.216
5035	762.811	218.216
5038	763.323	218.202
5039	763.492	218.196
5040	763.66	218.194
5041	763.828	218.19
5042	763.999	218.171
5043	764.17	218.165
5044	764.342	218.164
5047	764.856	218.161
5048	765.02	218.16
5049	765.193	218.158
5051	765.533	218.153
5053	765.876	218.147
5054	766.047	218.141
5055	766.212	218.134
5056	766.383	218.13
5058	766.724	218.121
5059	766.898	218.12
5060	767.067	218.118
5061	767.235	218.092
5062	767.406	218.075
5063	767.573	218.066
5064	767.741	218.064
5065	767.916	218.06
5066	768.091	218.056
5067	768.26	218.001
5068	768.428	217.981
5070	768.766	217.973
5074	769.435	217.966
5075	769.605	217.959
5077	769.954	217.952
5079	770.318	217.946
5080	770.487	217.946
5081	770.655	217.722
5082	770.82	217.572
5083	770.99	217.567
5085	771.318	217.506
5088	771.822	217.497
5089	771.987	217.492
5090	772.154	217.489
5091	772.323	217.485
5092	772.491	217.471
5094	772.843	217.471
5095	773.009	217.467
5096	773.175	217.465
5098	773.506	217.463
5099	773.676	217.458
5101	774.018	217.44
5102	771.706	217.433
5103	771.875	217.379
5104	772.047	217.365
5105	772.218	217.36
5106	772.384	217.356
5108	772.727	217.355
5109	772.895	217.352
5110	773.064	217.342
5111	773.237	217.333
5112	773.408	217.321
5114	773.745	217.317
5115	773.912	217.288
5116	774.084	217.274
5117	774.251	217.269
5119	774.583	217.257
5120	774.758	217.246
5121	774.957	217.238
5122	775.2	217.233
5123	775.448	217.23
5124	775.651	217.193
5125	775.819	217.187
5126	775.986	217.18
5127	776.156	217.162
5128	776.324	217.117
5129	776.491	217.105
5131	776.855	217.024
5132	777.025	217.02
5133	777.194	217.011
5134	777.363	217.008
5135	777.533	217.001
5136	777.702	216.984
5137	777.867	216.983
5138	778.035	216.943
5139	778.205	216.818
5141	778.543	216.815
5142	778.713	216.814
5143	778.884	216.811
5144	779.049	216.717
5145	779.221	216.714
5146	779.391	216.712
5147	779.558	216.711
5148	779.73	216.709
5149	779.894	216.701
5150	780.062	216.691
5152	780.4	216.593
5153	780.568	216.567
5154	780.735	216.565
5155	780.906	216.558
5156	781.076	216.544
5157	781.242	216.5
5158	781.416	216.5
5159	781.586	216.487
5160	781.759	216.484
5161	781.931	216.483
5162	782.1	216.483
5163	782.27	216.481
5164	782.44	216.457
5165	782.609	216.453
5166	782.778	216.44
5167	782.944	216.43
5168	783.112	216.422
5169	783.282	216.08
5170	783.452	216.018
5171	783.62	215.99
5172	783.785	215.987
5173	783.956	215.987
5175	784.295	215.977
5178	784.816	215.977
5179	784.985	215.971
5180	785.156	215.961
5181	785.321	215.942
5182	785.494	215.914
5183	785.662	215.913
5184	785.827	215.898
5185	785.992	215.887
5186	786.159	215.879
5187	786.326	215.871
5188	786.498	215.861
5190	786.837	215.859
5191	787.006	215.855
5192	787.175	215.851
5193	787.343	215.814
5194	787.508	215.812
5195	787.677	215.812
5196	787.846	215.75
5197	788.013	215.745
5198	788.185	215.724
5199	788.353	215.723
5200	788.518	215.714
5201	788.689	215.708
5202	788.854	215.693
5203	789.021	215.606
5207	789.697	215.581
5208	789.862	215.43
5209	790.026	215.383
5210	790.196	215.38
5211	790.366	215.378
5212	790.532	215.376
5213	790.698	215.371
5215	791.041	215.362
5216	791.207	215.356
5217	791.381	215.35
5218	791.549	215.308
5220	791.89	215.301
5221	792.056	215.295
5222	792.229	215.273
5223	792.398	215.267
5225	792.735	215.258
5226	792.903	215.255
5227	793.071	215.205
5228	793.242	215.17
5229	793.413	215.161
5230	793.582	215.128
5231	793.754	215.125
5232	793.922	215.103
5235	794.431	215.066
5236	794.596	215.058
5237	794.762	215.052
5238	794.929	215.049
5239	795.099	215.048
5240	795.267	215.027
5241	795.433	215.021
5242	795.601	215.011
5243	795.771	214.988
5244	795.936	214.941
5245	796.106	214.919
5246	796.275	214.916
5247	796.446	214.909
5248	796.622	214.907
5249	796.791	214.894
5250	796.958	214.875
5251	797.125	214.856
5252	797.289	214.749
5253	797.463	214.737
5255	797.792	214.731
5257	798.13	214.713
5258	798.298	214.695
5259	798.465	214.682
5261	798.809	214.679
5262	798.981	214.676
5263	799.148	214.662
5264	799.317	214.637
5266	799.648	214.606
5268	799.983	214.604
5269	800.153	214.598
5270	800.324	214.579
5272	800.655	214.575
5273	800.825	214.564
5274	800.994	214.559
5275	801.171	214.488
5276	801.413	214.479
5277	801.617	214.453
5278	801.788	214.446
5279	801.978	214.398
5280	802.164	214.395
5281	802.353	214.391
5282	802.529	214.379
5283	802.706	214.374
5284	802.884	214.283
5285	803.068	214.277
5287	803.488	214.276
5288	803.667	214.232
5289	801.359	214.228
5290	801.525	214.182
5291	801.695	214.177
5292	801.864	214.164
5293	802.032	214.16
5294	802.204	214.159
5295	802.376	214.138
5296	802.545	214.132
5297	802.711	214.128
5298	802.877	214.125
5301	803.383	214.073
5302	803.555	214.053
5303	803.724	214.053
5304	803.892	214.05
5305	804.06	214.008
5306	804.234	213.975
5307	804.402	213.973
5308	804.576	213.969
5309	804.745	213.95
5310	804.913	213.91
5311	805.081	213.907
5312	805.257	213.896
5314	805.589	213.885
5315	805.752	213.873
5316	805.931	213.859
5317	806.096	213.829
5319	806.44	213.79
5320	806.61	213.777
5323	807.12	213.776
5324	807.29	213.772
5325	807.458	213.765
5326	807.626	213.76
5327	807.795	213.738
5329	808.134	213.735
5330	808.312	213.73
5331	808.484	213.729
5332	808.652	213.72
5335	809.158	213.713
5336	809.322	213.705
5337	809.492	213.701
5338	809.664	213.646
5339	809.832	213.641
5340	810.004	213.638
5341	810.179	213.635
5342	810.35	213.614
5343	810.518	213.607
5344	810.69	213.607
5346	811.038	213.606
5347	811.207	213.604
5348	811.377	213.577
5349	811.544	213.567
5351	811.877	213.546
5352	812.047	213.408
5353	812.213	213.403
5354	812.383	213.356
5355	812.551	213.354
5356	812.726	213.348
5357	812.893	213.34
5358	813.061	213.304
5359	813.229	213.303
5360	813.395	213.274
5362	813.737	213.274
5363	813.905	213.27
5365	814.239	213.262
5366	814.411	213.26
5367	814.58	213.257
5368	814.753	213.23
5369	814.92	213.216
5371	815.256	213.212
5372	815.432	213.208
5374	815.768	213.208
5375	815.937	213.202
5376	816.103	213.202
5378	816.437	213.192
5379	816.607	213.184
5380	816.775	213.182
5381	816.94	213.06
5382	817.108	212.972
5384	817.445	212.964
5385	817.61	212.947
5386	817.781	212.9
5387	817.951	212.769
5389	818.284	212.762
5391	818.623	212.759
5392	818.79	212.747
5393	818.956	212.736
5395	819.295	212.478
5396	819.468	212.468
5397	819.635	212.465
5398	819.806	212.444
5399	819.972	212.411
5400	820.145	212.404
5401	820.322	212.369
5402	820.489	212.328
5403	820.653	212.327
5404	820.819	212.313
5405	820.988	212.285
5407	821.331	212.285
5408	821.5	212.276
5409	821.67	212.268
5410	821.839	212.255
5414	822.537	212.234
5415	822.712	212.187
5416	822.882	212.112
5417	823.05	212.076
5418	823.225	212.073
5419	823.392	212.065
5421	823.727	212.06
5422	823.902	212.055
5424	824.248	212.014
5425	824.419	212.005
5426	824.609	212.002
5427	824.855	211.998
5428	825.026	211.988
5429	825.199	211.966
5430	825.412	211.957
5431	825.585	211.952
5432	825.768	211.939
5433	825.944	211.907
5434	826.112	211.896
5435	826.284	211.896
5436	826.451	211.895
5440	827.138	211.892
5441	827.316	211.876
5442	827.483	211.862
5443	827.659	211.85
5444	827.832	211.848
5446	828.173	211.842
5447	828.341	211.831
5448	828.506	211.827
5449	828.677	211.775
5450	828.842	211.773
5451	829.011	211.763
5452	829.174	211.759
5453	829.342	211.744
5454	829.512	211.728
5455	829.688	211.726
5456	829.859	211.724
5457	830.04	211.692
5458	830.213	211.682
5460	830.551	211.602
5461	830.72	211.591
5462	830.887	211.572
5463	831.053	211.567
5464	831.227	211.549
5465	831.397	211.523
5466	831.562	211.501
5467	831.735	211.48
5469	832.074	211.427
5470	832.244	211.423
5471	832.412	211.396
5472	832.577	211.359
5473	832.742	211.357
5474	832.908	211.348
5476	833.246	211.303
5477	833.41	211.272
5478	833.581	211.263
5479	831.271	211.254
5480	831.442	211.19
5482	831.781	211.134
5483	831.958	211.127
5484	832.124	211.125
5485	832.296	211.098
5486	832.466	211.094
5489	832.978	211.092
5490	833.146	211.088
5491	833.321	211.087
5492	833.49	210.991
5493	833.659	210.987
5494	833.828	210.902
5495	834	210.886
5496	834.167	210.85
5497	834.356	210.833
5498	834.52	210.831
5499	834.688	210.814
5500	834.861	210.806
5501	835.03	210.782
5503	835.38	210.762
5504	835.552	210.762
5505	835.719	210.756
5506	835.892	210.752
5507	836.06	210.75
5508	836.227	210.739
5509	836.404	210.706
5510	836.567	210.627
5511	836.748	210.603
5512	836.917	210.602
5513	837.09	210.6
5514	837.255	210.586
5515	837.432	210.58
5517	837.778	210.554
5518	837.947	210.518
5519	838.122	210.373
5520	838.293	210.282
5521	838.468	210.25
5522	838.64	210.196
5523	838.808	210.165
5524	838.978	210.156
5525	839.149	210.151
5526	839.324	210.131
5528	839.669	210.099
5530	840.007	210.044
5531	840.179	210.016
5532	840.353	210.013
5533	840.52	209.897
5534	840.686	209.893
5535	840.864	209.884
5536	841.03	209.819
5537	841.197	209.807
5540	841.725	209.75
5541	841.893	209.75
5542	842.063	209.747
5544	842.402	209.727
5545	842.573	209.705
5546	842.745	209.698
5547	842.939	209.685
5548	843.124	209.37
5549	843.437	209.37
5550	843.627	209.231
5551	843.798	209.214
5552	843.969	209.189
5553	844.139	209.188
5554	844.311	209.187
5555	844.48	209.146
5556	844.65	209.139
5557	844.821	209.11
5558	844.996	209.104
5559	845.165	209.085
5560	845.336	209.075
5561	845.513	209.066
5562	845.679	209.062
5564	846.022	209.058
5565	846.196	208.979
5566	846.365	208.972
5567	846.538	208.966
5568	846.71	208.914
5569	846.875	208.9
5570	847.051	208.889
5571	847.222	208.887
5572	847.393	208.881
5573	847.569	208.823
5574	847.737	208.82
5575	847.904	208.811
5576	848.08	208.798
5577	848.252	208.774
5578	848.424	208.752
5579	848.597	208.741
5580	848.768	208.71
5581	848.932	208.708
5582	849.098	208.668
5583	849.269	208.664
5584	849.443	208.639
5586	849.78	208.623
5587	849.953	208.621
5588	850.115	208.615
5590	850.454	208.602
5591	850.621	208.598
5594	851.122	208.573
5596	851.458	208.533
5598	851.79	208.526
5599	851.956	208.49
5600	852.124	208.435
5602	852.458	208.379
5603	852.626	208.348
5604	852.796	208.329
5605	852.962	208.327
5607	853.302	208.302
5608	853.47	208.291
5609	853.639	208.283
5610	853.812	208.223
5611	853.987	208.166
5612	854.151	208.165
5613	854.324	208.073
5614	854.49	208.06
5615	854.659	208.041
5616	854.824	208.025
5619	855.325	208.02
5620	855.49	208.015
5621	855.668	208.007
5623	856.005	207.541
5624	856.172	207.536
5626	856.511	207.523
5627	856.681	207.366
5628	856.848	207.347
5629	857.019	207.327
5631	857.352	207.318
5632	857.516	207.308
5633	857.69	207.294
5634	857.858	207.272
5635	858.031	207.258
5636	858.202	207.255
5637	858.371	207.226
5638	858.538	207.218
5639	858.703	207.215
5640	858.867	207.163
5642	859.197	207.161
5644	859.532	207.114
5645	859.702	207.101
5646	859.865	207.099
5647	860.052	207.085
5648	860.22	207.067
5649	860.395	207.03
5650	860.564	207.024
5651	860.731	207.018
5655	861.406	206.964
5656	861.568	206.947
5657	861.736	206.942
5658	861.905	206.889
5659	862.072	206.87
5660	862.246	206.849
5661	862.421	206.822
5662	862.589	206.82
5663	862.764	206.812
5664	862.932	206.784
5666	863.271	206.782
5667	860.957	206.779
5668	861.124	206.684
5669	861.29	206.657
5670	861.459	206.511
5671	861.628	206.497
5672	861.793	206.494
5673	861.96	206.488
5674	862.128	206.483
5675	862.294	206.481
5677	862.636	206.481
5678	862.806	206.461
5681	863.313	206.455
5682	863.48	206.414
5684	863.814	206.411
5685	863.982	206.343
5686	864.15	206.342
5688	864.488	206.306
5689	864.661	206.298
5690	864.836	206.294
5692	865.184	206.285
5694	865.56	206.273
5695	865.788	206.265
5696	865.97	206.256
5697	866.141	206.242
5698	866.305	206.233
5700	866.645	206.22
5701	866.812	206.218
5703	867.149	206.201
5704	867.315	206.185
5705	867.483	206.183
5706	867.654	206.154
5707	867.821	206.102
5708	867.985	206.085
5709	868.153	206.072
5710	868.325	206.068
5711	868.491	206.025
5712	868.662	206.017
5713	868.831	206.014
5714	868.999	206.011
5715	869.165	206.01
5716	869.333	205.97
5717	869.496	205.947
5718	869.662	205.94
5719	869.835	205.931
5721	870.166	205.895
5722	870.335	205.859
5723	870.502	205.852
5724	870.673	205.826
5725	870.841	205.821
5726	871.01	205.818
5727	871.177	205.817
5728	871.346	205.812
5729	871.511	205.717
5730	871.678	205.707
5731	871.844	205.701
5732	872.012	205.675
5733	872.181	205.641
5734	872.351	205.624
5735	872.522	203.721
5736	872.685	203.72
5737	872.851	203.691
5738	873.022	203.676
5740	873.355	203.67
5741	873.526	203.667
5742	873.693	203.629
5745	874.208	203.625
5746	874.373	203.615
5747	874.548	203.585
5748	874.722	203.583
5750	875.057	203.562
5752	875.398	203.559
5753	875.567	203.551
5754	875.734	203.551
5755	875.902	203.54
5756	876.072	203.429
5757	876.242	203.417
5760	876.742	203.412
5761	876.912	203.409
5762	877.084	203.376
5763	877.254	203.355
5764	877.42	203.355
5765	877.589	203.312
5766	877.759	203.28
5767	877.922	203.243
5769	878.255	203.24
5770	878.426	203.225
5771	878.594	203.218
5772	878.761	203.208
5774	879.098	203.2
5775	879.259	203.172
5776	879.432	203.06
5777	879.599	202.939
5780	880.101	202.913
5782	880.436	202.882
5784	880.776	202.875
5786	881.115	202.833
5787	881.283	202.806
5788	881.451	202.668
5789	881.617	202.622
5792	882.126	202.621
5793	882.296	202.609
5794	882.464	202.585
5796	882.8	202.546
5799	883.305	202.545
5800	883.469	202.533
5802	883.814	202.527
5804	884.163	202.476
5807	884.668	202.454
5809	885.01	202.41
5811	885.344	202.341
5812	885.512	202.316
5813	885.677	202.214
5815	886.035	202.203
5816	886.214	202.203
5819	886.746	202.171
5820	887.007	202.161
5821	887.172	202.087
5822	887.354	202.054
5824	887.694	202.045
5826	888.027	202.017
5827	888.199	201.942
5828	888.367	201.903
5829	888.539	201.886
5830	888.707	201.857
5831	888.876	201.828
5832	889.044	201.694
5833	889.209	201.688
5834	889.38	201.651
5835	889.55	201.646
5836	889.713	201.631
5837	889.885	201.595
5838	890.063	201.519
5840	890.413	201.511
5841	890.579	201.417
5843	890.916	201.405
5847	891.589	201.387
5848	891.753	201.384
5849	891.924	201.362
5850	892.097	201.3
5851	892.264	201.268
5853	892.605	201.018
5854	892.768	200.981
5855	892.933	200.831
5857	890.787	200.804
5858	890.961	200.72
5859	891.132	200.7
5860	891.311	200.677
5862	891.641	200.658
5863	891.81	200.599
5864	891.977	200.515
5866	892.312	200.51
5867	892.48	200.502
5868	892.65	200.501
5869	892.817	200.494
5870	892.985	200.49
5874	893.673	200.468
5876	894.013	200.457
5877	894.187	200.403
5878	894.355	199.996
5880	894.688	199.976
5881	894.855	199.959
5887	895.871	199.846
5888	896.042	199.523
5889	896.213	199.519
5890	896.38	199.516
5891	896.549	199.469
5892	896.714	199.436
5893	896.88	199.41
5894	897.053	199.403
5895	897.217	199.381
5896	897.387	199.375
5897	897.553	199.366
5898	897.724	199.363
5899	897.89	199.357
5900	898.065	199.318
5901	898.232	199.084
5903	898.57	199.032
5904	898.738	199.02
5906	899.075	198.934
5907	899.243	198.923
5909	899.574	198.819
5910	899.742	198.814
5911	899.909	198.776
5913	900.245	198.768
5914	900.414	198.737
5915	900.583	198.708
5916	900.753	198.694
5918	901.089	198.69
5920	901.422	198.678
5921	901.589	198.674
5924	902.089	198.645
5925	902.258	198.643
5926	902.424	198.625
5927	902.594	198.549
5928	902.764	198.526
5929	902.932	198.45
5930	903.101	198.438
5932	903.438	198.403
5933	903.611	198.104
5934	903.778	198.099
5935	903.953	197.856
5936	904.121	197.801
5937	904.287	197.793
5941	904.963	197.781
5942	905.129	197.762
5943	905.302	197.759
5944	905.475	197.739
5946	905.811	197.73
5947	905.978	197.73
5948	906.148	197.711
5949	906.316	197.585
5951	906.653	197.449
5952	906.822	197.303
5953	906.992	197.262
5956	907.549	197.038
5957	907.729	196.983
5959	908.068	196.85
5960	908.237	196.814
5962	908.595	196.797
5963	908.76	196.753
5964	908.925	196.752
5965	909.092	196.476
5966	909.262	196.469
5970	910.111	196.408
5971	910.333	196.343
5972	910.629	196.319
5973	910.901	196.315
5974	911.103	196.271
5979	911.945	196.026
5980	912.111	196.014
5981	912.276	195.882
5982	912.445	195.814
5984	912.782	195.628
5986	913.117	195.565
5987	913.279	195.54
5988	913.449	195.535
5990	913.782	195.533
5991	913.947	195.524
5994	914.473	195.414
5996	914.81	195.285
5998	915.149	194.837
5999	915.315	194.821
6000	915.485	194.814
6001	915.654	194.777
6002	915.816	194.719
6003	915.992	194.662
6004	916.155	194.661
6005	916.323	194.658
6006	916.491	194.643
6007	916.656	194.641
6008	916.823	194.639
6009	916.992	194.637
6010	917.16	194.633
6011	917.335	194.622
6013	917.672	194.615
6014	917.838	194.597
6016	918.177	194.595
6017	918.345	194.578
6018	918.514	194.578
6019	918.681	194.573
6020	918.849	194.565
6023	919.354	194.562
6024	919.521	194.56
6026	919.863	194.559
6029	920.388	194.558
6030	920.556	194.534
6031	920.727	194.528
6033	921.062	194.528
6035	921.397	194.528
6036	921.569	194.523
6038	921.902	194.488
6039	922.072	194.487
6040	922.242	194.485
6041	922.413	194.482
6042	922.586	194.473
6043	922.757	194.468
6044	920.435	194.423
6047	920.938	194.42
6048	921.103	194.417
6049	921.272	194.417
6050	921.434	194.413
6051	921.602	194.402
6053	921.942	194.399
6055	922.283	194.39
6056	922.452	194.389
6057	922.621	194.387
6058	922.792	194.384
6059	922.956	194.333
6060	923.12	194.329
6061	923.29	194.302
6062	923.466	194.289
6063	923.638	194.283
6064	923.805	194.282
6065	923.975	194.279
6066	924.143	194.276
6067	924.309	194.268
6068	924.486	194.249
6070	924.821	194.213
6074	925.481	194.202
6075	925.65	194.197
6077	925.983	194.192
6078	926.148	194.184
6079	926.314	194.163
6080	926.48	194.15
6081	926.651	194.075
6082	926.821	193.952
6083	926.986	193.946
6085	927.324	193.944
6088	927.827	193.939
6089	927.989	193.936
6090	928.154	193.93
6091	928.32	193.926
6092	928.487	193.816
6093	928.678	193.815
6095	929.116	193.806
6096	929.29	193.803
6097	929.461	193.798
6098	929.637	193.796
6099	929.81	193.795
6101	930.161	193.793
6102	930.329	193.785
6103	930.498	193.783
6104	930.667	193.752
6106	930.997	193.727
6108	931.357	193.725
6109	931.53	193.724
6110	931.697	193.72
6111	931.885	193.715
6112	932.061	193.705
6113	932.308	193.699
6115	932.653	193.697
6117	933.001	193.672
6118	933.169	193.672
6119	933.336	193.66
6120	933.505	193.658
6121	933.678	193.631
6122	933.845	193.626
6123	934.021	193.625
6124	934.189	193.614
6125	934.361	193.612
6126	934.53	193.611
6127	934.702	193.609
6128	934.874	193.602
6129	935.037	193.582
6131	935.369	193.559
6133	935.707	193.547
6134	935.873	193.545
6135	936.041	193.543
6136	936.209	193.533
6138	936.554	193.519
6139	936.72	193.475
6141	937.058	193.466
6142	937.227	193.449
6144	937.569	193.406
6145	937.74	193.405
6146	937.908	193.401
6148	938.243	193.396
6149	938.408	193.393
6150	938.578	193.347
6151	938.749	193.347
6153	939.086	193.34
6154	939.256	193.333
6155	939.423	193.331
6156	939.587	193.301
6157	939.753	193.298
6158	939.925	193.294
6159	940.092	193.289
6160	940.258	193.284
6161	940.43	193.279
6163	940.762	193.272
6164	940.933	193.254
6165	941.106	193.25
6166	941.275	193.242
6167	941.446	193.239
6168	941.614	193.233
6169	941.782	193.223
6170	941.947	193.201
6171	942.115	193.19
6173	942.452	193.166
6175	942.785	193.151
6177	943.122	193.148
6179	943.454	193.143
6180	943.618	193.141
6181	943.789	193.067
6182	943.958	193.024
6184	944.289	193.017
6185	944.459	193.015
6186	944.627	193.005
6187	944.798	192.998
6188	944.965	192.988
6190	945.304	192.986
6191	945.473	192.946
6192	945.636	192.943
6193	945.811	192.931
6196	946.311	192.927
6197	946.482	192.919
6198	946.648	192.903
6200	946.983	192.887
6202	947.333	192.863
6203	947.511	192.853
6204	947.692	192.852
6206	948.031	192.84
6207	948.2	192.833
6208	948.372	192.821
6209	948.544	192.813
6210	948.721	192.811
6211	948.891	192.797
6212	949.063	192.794
6213	949.235	192.77
6215	949.579	192.763
6216	949.753	192.748
6217	949.92	192.738
6218	950.103	192.701
6219	950.271	192.7
6221	950.61	192.684
6223	950.954	192.678
6224	951.12	192.674
6225	951.297	192.662
6226	951.462	192.66
6227	951.627	192.654
6229	951.961	192.636
6230	952.126	192.623
6231	952.292	192.592
6232	952.461	192.59
6234	950.315	192.587
6235	950.487	192.557
6236	950.653	192.543
6237	950.943	192.54
6238	951.131	192.526
6239	951.3	192.523
6240	951.469	192.511
6241	951.679	192.51
6242	951.869	192.492
6243	952.052	192.484
6244	952.243	192.479
6245	952.427	192.47
6246	952.59	192.469
6247	952.758	192.462
6248	952.929	192.46
6250	953.265	192.447
6251	953.434	192.43
6252	953.605	192.406
6253	953.784	192.395
6254	953.964	192.392
6255	954.136	192.392
6257	954.479	192.376
6258	954.65	192.236
6259	954.825	192.231
6260	954.996	192.224
6261	955.179	192.22
6262	955.374	192.206
6263	955.541	192.187
6264	955.715	192.179
6266	956.07	192.174
6267	956.238	192.171
6268	956.409	192.171
6269	956.586	192.158
6270	956.759	192.149
6272	957.102	192.146
6273	957.272	192.144
6274	957.446	192.088
6275	957.62	192.08
6276	957.79	192.073
6277	957.958	192.055
6278	958.13	192.053
6279	958.299	192.031
6280	958.463	192.027
6281	958.701	192.025
6282	958.866	192.014
6283	959.037	192.002
6284	959.209	191.974
6285	959.379	191.968
6287	959.714	191.95
6288	959.886	191.929
6289	960.06	191.925
6290	960.232	191.922
6291	960.4	191.917
6292	960.571	191.895
6295	961.083	191.874
6296	961.249	191.868
6297	961.425	191.861
6298	961.593	191.846
6301	962.091	191.796
6302	962.262	191.787
6303	962.439	191.786
6304	962.605	191.775
6305	962.772	191.761
6306	962.944	191.748
6307	963.111	191.744
6309	963.455	191.735
6310	963.625	191.701
6311	963.795	191.7
6312	963.969	191.698
6314	964.307	191.694
6315	964.486	191.688
6316	964.65	191.684
6317	964.83	191.677
6318	965.006	191.659
6319	965.184	191.655
6323	965.871	191.654
6324	966.045	191.653
6325	966.215	191.648
6326	966.386	191.648
6327	966.554	191.512
6329	966.893	191.505
6330	967.064	191.503
6331	967.237	191.49
6332	967.466	191.487
6333	967.643	191.481
6335	967.984	191.478
6336	968.156	191.472
6337	968.318	191.451
6338	968.489	191.409
6339	968.66	191.409
6340	968.831	191.4
6341	968.998	191.39
6342	969.166	191.374
6344	969.506	191.366
6346	969.851	191.364
6347	970.02	191.362
6348	970.196	191.357
6349	970.36	191.34
6350	970.529	191.324
6351	970.694	191.306
6352	970.863	191.241
6353	971.028	191.204
6354	971.196	191.17
6355	971.368	191.169
6356	971.541	191.161
6357	971.709	191.154
6358	971.881	191.125
6359	972.048	191.122
6360	972.218	191.113
6361	972.388	191.113
6362	972.56	191.11
6363	972.726	191.104
6365	973.067	191.103
6367	973.407	191.096
6368	973.578	191.08
6370	973.954	191.077
6371	974.157	191.016
6372	974.449	191.01
6374	974.806	191.009
6375	975.005	190.997
6376	975.171	190.997
6377	975.343	190.993
6378	975.534	190.974
6379	975.72	190.958
6380	975.888	190.955
6381	976.059	190.92
6382	976.238	190.906
6384	976.581	190.902
6385	976.756	190.897
6386	976.931	190.847
6387	977.102	190.436
6389	977.438	190.425
6390	977.615	190.421
6391	977.784	190.418
6393	978.123	190.407
6395	978.463	190.388
6396	978.633	190.386
6397	978.801	190.385
6398	978.972	190.372
6399	979.142	190.348
6400	979.313	190.301
6402	979.646	190.291
6403	979.817	190.288
6405	980.155	190.264
6407	980.492	190.263
6408	980.663	190.259
6409	980.834	190.239
6410	981.002	190.228
6411	981.17	190.223
6412	981.335	190.22
6414	981.666	190.192
6415	981.84	190.191
6416	982.004	190.126
6417	982.17	190.083
6422	980.517	190.021
6424	980.857	190.007
6425	981.029	189.995
6428	981.537	189.995
6429	981.712	189.988
6430	981.886	189.959
6431	982.047	189.957
6432	982.214	189.949
6433	982.382	189.925
6434	982.555	189.917
6435	982.724	189.91
6436	982.893	189.909
6439	983.39	189.908
6440	983.556	189.904
6441	983.724	189.899
6442	983.892	189.893
6443	984.07	189.891
6444	984.242	189.891
6446	984.591	189.885
6447	984.761	189.882
6448	984.932	189.881
6449	985.113	189.873
6451	985.499	189.862
6452	985.668	189.862
6453	985.839	189.839
6455	986.175	189.836
6456	986.349	189.835
6457	986.516	189.828
6458	986.683	189.797
6460	987.014	189.768
6461	987.182	189.753
6463	987.527	189.749
6464	987.7	189.738
6465	987.868	189.669
6466	988.035	189.649
6467	988.204	189.647
6468	988.373	189.635
6471	988.886	189.627
6472	989.06	189.592
6474	989.389	189.581
6476	989.726	189.56
6477	989.894	189.557
6478	990.085	189.547
6479	990.253	189.537
6480	990.42	189.526
6481	990.599	189.513
6482	990.787	189.294
6483	990.957	189.249
6484	991.126	189.238
6485	991.305	189.2
6486	991.573	189.198
6490	992.269	189.198
6491	992.434	189.197
6492	992.601	189.184
6494	992.939	189.125
6496	993.276	189.099
6497	993.448	189.092
6498	993.625	189.091
6499	993.791	189.084
6500	993.961	189.079
6501	994.135	189.075
6503	994.469	189.016
6505	994.805	189.014
6507	995.144	189.011
6508	995.311	188.998
6509	995.485	188.987
6510	995.654	188.958
6511	995.824	188.919
6512	995.995	188.916
6513	996.164	188.912
6514	996.332	188.907
6515	996.496	188.903
6517	996.846	188.893
6518	997.013	188.885
6519	997.191	188.713
6520	997.363	188.689
6521	997.532	188.652
6522	997.706	188.617
6523	997.875	188.616
6524	998.038	188.611
6525	998.21	188.6
6526	998.384	188.591
6528	998.728	188.568
6530	999.066	188.518
6531	999.232	188.497
6532	999.408	188.485
6533	999.577	188.279
6535	999.91	188.271
6536	1000.08	188.191
6537	1000.25	188.178
6538	1000.43	188.176
6540	1000.76	188.124
6541	1000.93	188.124
6542	1001.1	188.122
6544	1001.43	188.077
6545	1001.6	188.062
6546	1001.77	188.057
6547	1001.93	188.053
6548	1002.1	187.93
6549	1002.27	187.929
6550	1002.44	187.789
6551	1002.6	187.771
6552	1002.77	187.771
6555	1003.29	187.753
6556	1003.47	187.751
6557	1003.63	187.719
6559	1003.97	187.695
6560	1004.14	187.691
6561	1004.31	187.689
6562	1004.48	187.685
6564	1004.82	187.681
6565	1004.99	187.625
6566	1005.16	187.619
6568	1005.51	187.552
6569	1005.67	187.537
6570	1005.84	187.526
6571	1006.01	187.524
6572	1006.18	187.521
6573	1006.34	187.494
6574	1006.51	187.489
6575	1006.68	187.479
6576	1006.85	187.445
6577	1007.02	187.435
6578	1007.19	187.418
6579	1007.36	187.418
6580	1007.53	187.393
6581	1007.7	187.388
6583	1008.05	187.384
6584	1008.22	187.356
6585	1008.39	187.332
6586	1008.55	187.328
6588	1008.89	187.322
6589	1009.05	187.312
6590	1009.22	187.29
6591	1009.39	187.288
6592	1009.57	187.287
6593	1009.74	187.286
6594	1009.91	187.274
6595	1010.1	187.27
6596	1010.28	187.248
6598	1010.62	187.246
6599	1010.78	187.218
6600	1010.96	187.19
6602	1011.3	187.133
6604	1011.63	187.122
6606	1011.97	187.113
6607	1012.14	187.098
6608	1012.3	187.081
6609	1009.99	187.068
6610	1010.18	187.021
6611	1010.44	187.005
6613	1010.8	186.955
6614	1010.99	186.935
6615	1011.19	186.931
6616	1011.39	186.908
6617	1011.57	186.906
6619	1011.9	186.866
6620	1012.07	186.864
6623	1012.57	186.495
6624	1012.74	186.492
6625	1012.91	186.49
6626	1013.07	186.486
6627	1013.24	186.396
6628	1013.41	186.384
6629	1013.57	186.378
6630	1013.75	186.375
6631	1013.92	186.368
6632	1014.08	186.36
6633	1014.25	186.34
6635	1014.6	186.33
6636	1014.77	186.327
6637	1014.94	186.32
6638	1015.11	186.312
6639	1015.28	186.308
6640	1015.46	186.265
6642	1015.8	186.245
6644	1016.13	186.211
6646	1016.48	186.208
6647	1016.65	186.208
6648	1016.82	186.206
6649	1017	186.189
6650	1017.17	186.187
6651	1017.34	186.147
6652	1017.52	186.14
6653	1017.69	186.138
6654	1017.85	186.138
6655	1018.03	186.079
6656	1018.2	186.072
6657	1018.37	186.051
6658	1018.54	186.02
6659	1018.72	186.005
6660	1018.88	185.983
6661	1019.05	185.967
6663	1019.38	185.957
6664	1019.56	185.925
6665	1019.73	185.921
6666	1019.9	185.918
6667	1020.07	185.917
6668	1020.23	185.853
6670	1020.57	185.753
6671	1020.74	185.741
6672	1020.91	185.736
6674	1021.25	185.734
6675	1021.42	185.732
6676	1021.59	185.727
6678	1021.92	185.713
6681	1022.43	185.697
6682	1022.6	185.678
6684	1022.94	185.677
6685	1023.11	185.588
6686	1023.27	185.584
6688	1023.6	185.58
6689	1023.77	185.569
6690	1023.94	185.565
6691	1024.1	185.551
6692	1024.28	185.54
6693	1024.45	185.524
6694	1024.61	185.512
6695	1024.78	185.502
6696	1024.95	185.494
6697	1025.12	185.479
6698	1025.29	185.477
6700	1025.63	185.475
6701	1025.8	185.474
6703	1026.13	185.469
6704	1026.3	185.457
6705	1026.48	185.452
6706	1026.64	185.446
6707	1026.81	185.422
6708	1026.99	185.269
6709	1027.16	185.257
6710	1027.33	185.256
6711	1027.5	185.235
6712	1027.68	185.225
6713	1027.85	185.223
6714	1028.02	185.215
6715	1028.18	185.214
6716	1028.35	185.211
6717	1028.51	185.21
6719	1028.86	185.189
6721	1029.2	185.164
6722	1029.37	185.109
6724	1029.71	185.086
6725	1029.89	185.081
6728	1030.4	185.077
6729	1030.57	185.009
6730	1030.74	185.001
6731	1030.92	184.989
6732	1031.09	184.964
6735	1031.6	184.703
6736	1031.77	184.702
6737	1031.94	184.661
6738	1032.1	184.651
6739	1032.27	184.648
6740	1032.44	184.647
6741	1032.61	184.645
6744	1033.11	184.644
6745	1033.28	184.641
6746	1033.45	184.635
6747	1033.61	184.622
6748	1033.78	184.6
6749	1033.95	184.6
6750	1034.12	184.597
6752	1034.46	184.595
6753	1034.62	184.589
6754	1034.79	184.554
6755	1034.96	184.549
6756	1035.12	184.533
6759	1035.62	184.526
6761	1035.96	184.488
6762	1036.13	184.469
6763	1036.3	184.441
6765	1036.64	184.427
6766	1036.81	184.37
6767	1036.98	184.31
6769	1037.32	184.307
6770	1037.54	184.278
6771	1037.81	184.26
6772	1037.98	184.259
6773	1038.15	184.257
6774	1038.32	184.249
6775	1038.51	184.224
6776	1038.71	183.833
6777	1038.92	183.819
6780	1039.43	183.799
6782	1039.77	183.771
6783	1039.94	183.737
6784	1040.11	183.735
6786	1040.44	183.725
6788	1040.78	183.619
6789	1040.96	183.596
6790	1041.13	183.494
6793	1041.63	183.482
6794	1041.8	183.461
6796	1042.14	183.381
6798	1040	183.379
6800	1040.34	183.377
6802	1040.68	183.372
6804	1041.02	183.319
6807	1041.53	183.311
6809	1041.87	183.289
6810	1042.03	183.243
6811	1042.2	183.193
6812	1042.37	183.181
6813	1042.54	183.14
6815	1042.87	183.127
6818	1043.38	183.119
6820	1043.71	183.11
6821	1043.88	183.054
6822	1044.04	183.031
6826	1044.72	182.99
6827	1044.89	182.972
6828	1045.06	182.967
6830	1045.39	182.946
6831	1045.56	182.938
6832	1045.73	182.921
6833	1045.9	182.915
6834	1046.06	182.896
6838	1046.74	182.785
6840	1047.07	182.774
6841	1047.24	182.682
6847	1048.26	182.679
6848	1048.42	182.677
6849	1048.6	182.633
6850	1048.77	182.63
6851	1048.93	182.572
6853	1049.28	182.544
6854	1049.45	182.526
6855	1049.61	182.461
6857	1049.95	182.438
6858	1050.13	182.235
6859	1050.3	182.233
6860	1050.47	182.228
6861	1050.65	182.22
6862	1050.82	182.214
6863	1050.99	182.17
6864	1051.16	182.098
6866	1051.49	182.09
6867	1051.66	182.027
6869	1051.99	182.027
6870	1052.16	182.007
6874	1052.83	181.964
6876	1053.17	181.956
6878	1053.51	181.953
6881	1054.01	181.941
6884	1054.5	181.924
6888	1055.18	181.724
6889	1055.34	181.721
6890	1055.51	181.699
6891	1055.67	181.676
6892	1055.84	181.616
6893	1056.01	181.596
6894	1056.17	181.593
6895	1056.34	181.57
6897	1056.67	181.563
6898	1056.85	181.557
6899	1057.02	181.554
6900	1057.18	181.525
6903	1057.69	181.503
6904	1057.87	181.498
6906	1058.39	181.488
6907	1058.58	181.478
6910	1059.14	181.478
6912	1059.47	181.448
6913	1059.64	181.438
6914	1059.81	181.433
6915	1059.98	181.423
6916	1060.15	181.4
6917	1060.32	181.399
6920	1060.83	181.354
6922	1061.16	181.339
6924	1061.5	181.321
6926	1061.84	181.301
6927	1062	181.268
6928	1062.18	181.249
6929	1062.35	181.235
6930	1062.52	181.226
6932	1062.85	181.205
6934	1063.18	181.143
6935	1063.35	180.945
6936	1063.52	180.895
6939	1064.02	180.885
6940	1064.18	180.878
6941	1064.35	180.874
6944	1064.87	180.867
6946	1065.2	180.833
6948	1065.53	180.825
6949	1065.7	180.791
6950	1065.87	180.791
6951	1066.04	180.68
6952	1066.2	180.556
6953	1066.37	180.504
6956	1066.86	180.502
6957	1067.03	180.45
6959	1067.37	180.313
6960	1067.55	180.273
6961	1067.72	180.271
6963	1068.05	180.246
6964	1068.21	180.24
6965	1068.38	180.178
6966	1068.54	180.172
6969	1069.04	180.144
6970	1069.22	180.115
6971	1069.38	180.069
6973	1069.72	180.064
6977	1070.41	179.955
6978	1070.57	179.942
6979	1070.74	179.764
6981	1071.08	179.636
6982	1071.25	179.569
6983	1071.41	179.561
6984	1071.58	179.535
6988	1069.77	179.523
6991	1070.27	179.469
6992	1070.43	179.461
6994	1070.77	179.399
6998	1071.44	179.198
6999	1071.61	179.161
7000	1071.79	179.161
7001	1071.96	179.161
7002	1072.12	179.129
7003	1072.3	179.109
7004	1072.46	179.108
7005	1072.63	179.108
7006	1072.8	179.077
7007	1072.97	179.076
7008	1073.14	179.076
7009	1073.3	179.066
7010	1073.47	179.062
7011	1073.63	179.05
7013	1073.97	179.049
7014	1074.15	179.044
7015	1074.31	179.041
7016	1074.48	179.031
7017	1074.65	179.008
7018	1074.82	179.002
7019	1074.98	178.995
7020	1075.15	178.98
7021	1075.31	178.976
7022	1075.48	178.967
7023	1075.65	178.966
7026	1076.21	178.966
7027	1076.38	178.964
7029	1076.76	178.961
7030	1076.93	178.959
7031	1077.09	178.959
7034	1077.62	178.958
7035	1077.79	178.955
7037	1078.12	178.948
7038	1078.28	178.943
7039	1078.45	178.938
7040	1078.62	178.936
7041	1078.79	178.934
7042	1078.96	178.926
7043	1079.13	178.923
7044	1079.3	178.919
7047	1079.82	178.914
7048	1079.98	178.911
7049	1080.15	178.903
7050	1080.32	178.9
7051	1080.49	178.888
7053	1080.83	178.884
7054	1081	178.884
7055	1081.17	178.864
7056	1081.34	178.861
7058	1081.68	178.855
7059	1081.85	178.832
7060	1082.02	178.829
7061	1082.19	178.796
7062	1082.35	178.779
7063	1082.52	178.773
7064	1082.69	178.768
7065	1082.86	178.762
7066	1083.03	178.76
7067	1083.19	178.753
7068	1083.36	178.748
7070	1083.7	178.739
7072	1084.03	178.737
7074	1084.37	178.734
7075	1084.54	178.732
7077	1084.88	178.724
7078	1085.05	178.716
7079	1085.22	178.71
7081	1085.55	178.648
7082	1085.72	178.577
7083	1085.89	178.559
7085	1086.23	178.553
7086	1086.39	178.55
7087	1086.56	178.549
7088	1086.73	178.548
7089	1086.9	178.537
7090	1087.07	178.526
7091	1087.24	178.526
7092	1087.41	178.516
7093	1087.58	178.51
7094	1087.75	178.509
7095	1087.92	178.5
7096	1088.09	178.49
7098	1088.43	178.489
7101	1088.93	178.485
7103	1089.27	178.484
7106	1089.78	178.474
7108	1090.11	178.471
7111	1090.62	178.468
7112	1090.79	178.461
7113	1090.96	178.456
7115	1091.3	178.452
7117	1091.64	178.451
7118	1091.81	178.446
7119	1091.98	178.438
7121	1092.32	178.437
7122	1092.49	178.43
7123	1092.67	178.428
7124	1092.84	178.425
7126	1093.18	178.415
7127	1093.35	178.411
7128	1093.52	178.405
7129	1093.68	178.395
7131	1094.02	178.387
7133	1094.36	178.381
7134	1094.53	178.378
7135	1094.7	178.351
7136	1094.87	178.341
7138	1095.2	178.336
7139	1095.38	178.322
7140	1095.54	178.322
7141	1095.71	178.317
7142	1095.88	178.314
7144	1096.22	178.295
7145	1096.39	178.293
7146	1096.56	178.291
7148	1096.89	178.287
7149	1097.06	178.283
7150	1097.23	178.274
7152	1097.55	178.235
7153	1097.8	178.22
7154	1097.98	178.205
7155	1098.15	178.197
7156	1098.32	178.185
7157	1098.48	178.183
7158	1098.66	178.18
7159	1098.83	178.177
7160	1099	178.173
7161	1099.17	178.112
7162	1099.34	178.111
7163	1099.51	178.044
7164	1099.68	178.044
7165	1099.85	178.039
7166	1100.03	178.035
7167	1100.19	178.014
7168	1100.37	178.009
7169	1100.54	178.003
7170	1100.71	178
7171	1100.88	177.991
7172	1101.05	177.989
7173	1101.22	177.985
7175	1101.55	177.962
7176	1101.72	177.96
7177	1099.4	177.956
7178	1099.57	177.955
7179	1099.74	177.951
7180	1099.9	177.949
7181	1100.07	177.938
7182	1100.24	177.888
7183	1100.41	177.878
7184	1100.57	177.831
7185	1100.75	177.83
7186	1100.93	177.821
7187	1101.12	177.816
7188	1101.3	177.811
7189	1101.5	177.807
7190	1101.67	177.804
7191	1101.84	177.8
7192	1102.01	177.788
7193	1102.18	177.771
7195	1102.54	177.767
7196	1102.7	177.755
7197	1102.87	177.75
7198	1103.04	177.737
7199	1103.21	177.736
7200	1103.37	177.724
7201	1103.54	177.719
7203	1103.9	177.693
7204	1104.06	177.693
7206	1104.4	177.683
7208	1104.74	177.627
7209	1104.91	177.624
7210	1105.08	177.621
7211	1105.25	177.62
7212	1105.42	177.592
7214	1105.76	177.587
7215	1105.92	177.584
7216	1106.09	177.581
7218	1106.42	177.55
7219	1106.59	177.546
7221	1106.93	177.543
7222	1107.1	177.541
7223	1107.28	177.511
7225	1107.62	177.511
7226	1107.78	177.506
7228	1108.12	177.415
7229	1108.29	177.38
7231	1108.63	177.376
7232	1108.8	177.373
7234	1109.13	177.359
7235	1109.3	177.354
7236	1109.47	177.342
7237	1109.64	177.34
7238	1109.81	177.302
7239	1109.98	177.3
7240	1110.15	177.294
7241	1110.31	177.291
7243	1110.64	177.28
7244	1110.82	177.274
7245	1110.99	177.269
7246	1111.16	177.267
7247	1111.33	177.215
7248	1111.5	177.207
7250	1111.84	177.198
7251	1112.02	177.191
7254	1112.53	177.187
7255	1112.69	177.184
7256	1112.86	177.183
7257	1113.03	177.178
7258	1113.2	177.152
7259	1113.37	177.146
7260	1113.54	177.141
7261	1113.7	177.13
7262	1113.87	177.126
7263	1114.03	177.118
7264	1114.21	177.106
7266	1114.54	177.084
7267	1114.72	177.079
7268	1114.88	177.078
7269	1115.06	177.069
7270	1115.23	177.056
7271	1115.4	177.042
7272	1115.57	177.038
7273	1115.73	177.037
7274	1115.9	177.024
7275	1116.06	177.018
7276	1116.23	177.013
7277	1116.4	176.933
7278	1116.56	176.931
7279	1116.73	176.913
7280	1116.9	176.911
7283	1117.4	176.909
7284	1117.57	176.886
7285	1117.73	176.88
7287	1118.06	176.88
7288	1118.23	176.845
7289	1118.39	176.838
7290	1118.56	176.838
7291	1118.72	176.837
7292	1118.89	176.825
7293	1119.06	176.822
7295	1119.41	176.806
7296	1119.57	176.805
7297	1119.74	176.793
7298	1119.91	176.779
7299	1120.08	176.771
7301	1120.41	176.755
7302	1120.58	176.736
7303	1120.75	176.726
7304	1120.92	176.719
7305	1121.09	176.715
7307	1121.43	176.713
7308	1121.6	176.712
7309	1121.76	176.711
7310	1121.93	176.686
7311	1122.1	176.684
7312	1122.27	176.681
7314	1122.6	176.678
7315	1122.78	176.675
7316	1122.95	176.671
7317	1123.11	176.653
7318	1123.28	176.637
7319	1123.45	176.637
7320	1123.61	176.622
7323	1124.11	176.616
7325	1124.46	176.614
7326	1124.64	176.607
7327	1124.86	176.561
7328	1125.05	176.532
7329	1125.24	176.527
7330	1125.41	176.525
7331	1125.6	176.523
7332	1125.79	176.516
7333	1125.96	176.512
7335	1126.3	176.504
7336	1126.47	176.481
7337	1126.7	176.474
7338	1126.94	176.473
7339	1127.14	176.47
7340	1127.3	176.451
7341	1127.47	176.448
7342	1127.67	176.437
7343	1127.85	176.435
7344	1128.02	176.431
7346	1128.36	176.429
7347	1128.54	176.427
7348	1128.72	176.427
7349	1128.95	176.411
7351	1129.28	176.402
7352	1129.45	176.386
7353	1129.62	176.385
7354	1129.78	176.363
7355	1129.95	176.355
7356	1130.12	176.338
7357	1130.28	176.336
7358	1130.45	176.32
7359	1130.61	176.319
7360	1130.78	176.307
7362	1131.11	176.298
7363	1131.29	176.293
7364	1131.45	176.292
7366	1129.31	176.14
7367	1129.47	176.132
7368	1129.63	176.129
7369	1129.79	176.127
7371	1130.12	176.118
7372	1130.28	176.115
7373	1130.45	176.099
7374	1130.61	176.094
7376	1130.97	176.094
7378	1131.31	176.092
7379	1131.48	176.085
7380	1131.67	176.079
7381	1131.89	176.054
7382	1132.06	176.039
7384	1132.38	176.029
7386	1132.7	175.981
7387	1132.86	175.949
7389	1133.18	175.936
7390	1133.34	175.932
7391	1133.5	175.925
7392	1133.7	175.923
7393	1133.92	175.893
7395	1134.25	175.888
7397	1134.64	175.886
7398	1134.8	175.87
7399	1134.97	175.85
7400	1135.13	175.837
7402	1135.49	175.799
7403	1135.66	175.799
7405	1136	175.778
7407	1136.34	175.775
7408	1136.5	175.765
7409	1136.66	175.757
7410	1136.83	175.752
7414	1137.47	175.735
7415	1137.64	175.732
7416	1137.81	175.706
7417	1137.97	175.674
7419	1138.3	175.674
7421	1138.62	175.672
7422	1138.78	175.665
7424	1139.1	175.654
7425	1139.26	175.653
7427	1139.58	175.65
7428	1139.74	175.646
7429	1139.9	175.642
7431	1140.22	175.635
7432	1140.38	175.627
7433	1140.54	175.611
7434	1140.7	175.609
7435	1140.86	175.608
7437	1141.18	175.596
7440	1141.66	175.59
7442	1141.98	175.585
7443	1142.14	175.579
7444	1142.31	175.574
7445	1142.47	175.574
7448	1142.99	175.572
7449	1143.15	175.568
7451	1143.47	175.563
7452	1143.63	175.561
7453	1143.79	175.544
7454	1143.95	175.541
7455	1144.12	175.539
7456	1144.28	175.538
7457	1144.44	175.535
7458	1144.6	175.506
7460	1144.92	175.49
7461	1145.08	175.475
7462	1145.24	175.474
7463	1145.4	175.47
7465	1145.72	175.464
7466	1145.88	175.448
7468	1146.21	175.437
7470	1146.54	175.435
7471	1146.7	175.425
7472	1146.86	175.402
7473	1147.02	175.398
7474	1147.18	175.395
7476	1147.5	175.392
7477	1147.67	175.391
7478	1147.83	175.39
7480	1148.16	175.376
7482	1148.48	175.338
7483	1148.64	175.312
7484	1148.79	175.311
7485	1148.95	175.292
7486	1149.12	175.292
7489	1149.6	175.289
7490	1149.76	175.288
7493	1150.24	175.285
7494	1150.4	175.253
7496	1150.72	175.244
7497	1150.88	175.239
7499	1151.2	175.228
7500	1151.37	175.228
7501	1151.55	175.222
7503	1151.87	175.209
7505	1152.25	175.188
7507	1152.57	175.187
7508	1152.73	175.179
7509	1152.89	175.172
7510	1153.05	175.159
7511	1153.21	175.139
7512	1153.37	175.136
7513	1153.53	175.131
7514	1153.69	175.125
7515	1153.85	175.101
7517	1154.17	175.092
7518	1154.33	175.075
7519	1154.49	174.14
7520	1154.65	174.139
7521	1154.81	174.137
7522	1154.97	174.12
7523	1155.13	174.118
7524	1155.29	174.113
7525	1155.45	174.11
7528	1155.93	174.089
7530	1156.25	174.048
7531	1156.41	174.047
7532	1156.57	174.043
7533	1156.73	174.002
7534	1156.88	174.002
7535	1157.05	173.997
7536	1157.21	173.972
7537	1157.37	173.96
7538	1157.53	173.959
7539	1157.69	173.956
7540	1157.85	173.909
7541	1158.01	173.901
7542	1158.17	173.899
7543	1158.33	173.897
7544	1158.49	173.884
7545	1158.65	173.874
7546	1158.81	173.869
7547	1158.98	173.826
7548	1159.14	173.73
7549	1159.3	173.728
7550	1159.46	173.683
7551	1159.62	173.678
7553	1159.94	173.676
7555	1160.27	173.662
7556	1160.43	173.661
7557	1160.59	173.65
7559	1160.91	173.622
7560	1161.07	173.618
7561	1161.23	173.614
7562	1158.91	173.592
7564	1159.23	173.581
7565	1159.39	173.525
7566	1159.55	173.523
7568	1159.88	173.494
7569	1160.05	173.484
7570	1160.21	173.478
7571	1160.37	173.473
7572	1160.53	173.47
7573	1160.68	173.46
7574	1160.84	173.457
7575	1161.01	173.446
7576	1161.17	173.445
7577	1161.32	173.444
7578	1161.49	173.424
7579	1161.65	173.421
7580	1161.81	173.389
7581	1161.97	173.386
7583	1162.29	173.382
7584	1162.45	173.363
7585	1162.61	173.326
7586	1162.77	173.326
7587	1162.93	173.322
7588	1163.09	173.316
7589	1163.25	173.314
7590	1163.41	173.289
7591	1163.57	173.287
7593	1163.89	173.282
7594	1164.05	173.277
7595	1164.21	173.276
7598	1164.7	173.271
7599	1164.86	173.248
7600	1165.02	173.228
7602	1165.34	173.191
7604	1165.66	173.189
7607	1166.14	173.184
7608	1166.31	173.181
7609	1166.52	173.156
7610	1166.68	173.121
7612	1167	173.12
7613	1167.15	173.106
7614	1167.31	173.088
7615	1167.47	173.084
7616	1167.63	173.076
7617	1167.79	173.072
7618	1167.96	173.07
7619	1168.11	173.06
7620	1168.27	173.058
7622	1168.6	173.056
7623	1168.76	172.78
7625	1169.08	172.779
7626	1169.24	172.778
7627	1169.41	172.697
7628	1169.56	172.683
7630	1169.89	172.672
7631	1170.05	172.665
7632	1170.21	172.653
7633	1170.37	172.637
7635	1170.69	172.635
7636	1170.85	172.614
7637	1171.01	172.6
7638	1171.16	172.598
7639	1171.33	172.59
7640	1171.49	172.573
7642	1171.8	172.567
7644	1172.13	172.539
7646	1172.45	172.538
7648	1172.76	172.535
7649	1172.92	172.518
7651	1173.25	172.506
7655	1173.96	172.47
7656	1174.12	172.467
7657	1174.29	172.442
7658	1174.46	172.426
7659	1174.62	172.392
7660	1174.79	172.384
7661	1174.96	172.376
7663	1175.3	172.362
7664	1175.46	172.341
7665	1175.62	172.334
7666	1175.78	172.331
7667	1175.95	172.328
7668	1176.12	172.282
7670	1176.45	172.186
7671	1176.62	172.174
7672	1176.78	172.17
7673	1176.95	172.165
7674	1177.12	172.162
7675	1177.29	172.142
7678	1177.77	172.13
7680	1178.09	172.125
7681	1178.25	172.122
7684	1178.73	172.12
7685	1178.89	172.099
7688	1179.37	172.093
7689	1179.53	172.085
7692	1180	172.075
7693	1180.16	172.056
7695	1180.48	172.044
7696	1180.64	172.037
7697	1180.81	172.032
7698	1180.97	172.006
7701	1181.45	172.003
7702	1181.61	171.993
7703	1181.77	171.985
7704	1181.93	171.971
7705	1182.09	171.969
7706	1182.25	171.948
7708	1182.59	171.847
7709	1182.75	171.844
7710	1182.92	171.834
7712	1183.23	171.826
7713	1183.4	171.824
7714	1183.56	171.818
7715	1183.72	171.816
7716	1183.88	171.814
7717	1184.04	171.805
7719	1184.36	171.797
7721	1184.68	171.772
7724	1185.16	171.752
7725	1185.32	171.747
7726	1185.48	171.746
7727	1185.64	171.745
7728	1185.8	171.742
7729	1185.96	171.733
7730	1186.12	171.729
7731	1186.28	171.715
7732	1186.44	171.692
7733	1186.6	171.681
7734	1186.75	171.68
7735	1186.91	171.492
7739	1187.55	171.486
7740	1187.71	171.465
7741	1187.87	171.462
7745	1188.51	171.46
7746	1188.67	171.42
7747	1188.83	171.41
7748	1188.99	171.335
7750	1189.3	171.325
7752	1189.62	171.316
7753	1189.78	171.311
7755	1190.1	171.306
7756	1190.28	171.28
7759	1190.76	171.28
7761	1191.09	171.269
7762	1191.25	171.258
7763	1188.93	171.25
7766	1189.41	171.238
7767	1189.58	171.163
7769	1189.9	171.161
7770	1190.06	171.107
7771	1190.22	171.103
7772	1190.39	171.099
7773	1190.55	171.084
7774	1190.71	171.079
7775	1190.87	171.06
7776	1191.02	170.919
7777	1191.18	170.912
7778	1191.34	170.908
7780	1191.66	170.888
7782	1191.98	170.86
7783	1192.14	170.732
7784	1192.32	170.73
7786	1192.64	170.711
7787	1192.82	170.709
7788	1192.98	170.642
7789	1193.14	170.622
7790	1193.3	170.469
7792	1193.62	170.439
7793	1193.78	170.438
7794	1193.94	170.434
7796	1194.26	170.406
7799	1194.75	170.399
7800	1194.91	170.398
7802	1195.23	170.394
7803	1195.39	170.393
7804	1195.55	170.349
7805	1195.7	170.345
7809	1196.34	170.342
7811	1196.67	170.324
7812	1196.83	170.322
7813	1196.99	170.266
7815	1197.31	170.263
7816	1197.47	170.262
7818	1197.79	170.25
7820	1198.1	170.242
7821	1198.26	170.212
7822	1198.42	170.208
7823	1198.61	170.208
7826	1199.09	170.175
7829	1199.57	170.122
7830	1199.73	170.116
7831	1199.89	169.886
7833	1200.2	169.88
7834	1200.36	169.879
7838	1201	169.792
7840	1201.32	169.786
7841	1201.48	169.723
7842	1201.64	169.711
7843	1201.8	169.708
7848	1202.6	169.706
7849	1202.76	169.688
7851	1203.08	169.644
7853	1203.4	169.46
7854	1203.56	169.458
7856	1203.88	169.445
7857	1204.04	169.426
7858	1204.2	169.412
7859	1204.36	169.41
7863	1205	169.382
7864	1205.21	169.315
7866	1205.52	169.31
7867	1205.68	169.269
7869	1206	169.266
7870	1206.16	169.249
7872	1206.48	169.238
7874	1206.8	169.212
7881	1207.91	169.206
7886	1208.71	169.196
7888	1209.03	169.019
7889	1209.19	169.016
7891	1209.52	169.012
7892	1209.68	168.981
7893	1209.84	168.973
7894	1210	168.97
7895	1210.16	168.933
7897	1210.48	168.926
7899	1210.8	168.882
7900	1210.96	168.858
7901	1211.12	168.842
7902	1211.28	168.833
7903	1211.44	168.822
7905	1211.76	168.786
7907	1212.08	168.783
7912	1212.88	168.762
7913	1213.04	168.755
7914	1213.2	168.732
7915	1213.36	168.716
7917	1213.68	168.7
7921	1214.36	168.69
7922	1214.52	168.686
7924	1214.88	168.679
7926	1215.2	168.675
7927	1215.36	168.634
7928	1215.52	168.629
7929	1215.68	168.619
7930	1215.84	168.583
7935	1216.64	168.448
7936	1216.8	168.424
7946	1218.4	168.397
7947	1218.56	168.396
7951	1219.21	168.297
7953	1219.53	168.191
7957	1220.22	168.165
7959	1220.54	168.112
7960	1220.7	168.082
7965	1219.02	168.025
7966	1219.17	168.019
7969	1219.65	167.999
7970	1219.81	167.983
7971	1219.97	167.975
7976	1220.78	167.959
7977	1220.94	167.939
7978	1221.1	167.919
7979	1221.26	167.751
7980	1221.42	167.747
7981	1221.58	167.639
7984	1222.06	167.626
7990	1223.02	167.625
7991	1223.18	167.622
7992	1223.34	167.619
7994	1223.66	167.575
7998	1224.3	167.445
8000	1224.62	167.445
8001	1224.78	167.443
8002	1224.94	167.424
8003	1225.1	167.402
8004	1225.26	167.401
8005	1225.42	167.4
8006	1225.58	167.389
8008	1225.9	167.387
8009	1226.06	167.382
8010	1226.23	167.377
8011	1226.39	167.368
8013	1226.7	167.366
8014	1226.87	167.364
8016	1227.19	167.36
8017	1227.35	167.351
8018	1227.51	167.344
8019	1227.67	167.339
8020	1227.83	167.334
8021	1227.99	167.334
8022	1228.15	167.323
8025	1228.63	167.319
8027	1228.95	167.318
8029	1229.27	167.312
8030	1229.43	167.311
8033	1229.95	167.299
8035	1230.27	167.298
8037	1230.59	167.297
8038	1230.75	167.297
8039	1230.92	167.296
8040	1231.08	167.295
8042	1231.4	167.285
8043	1231.55	167.189
8044	1231.71	167.186
8047	1232.2	167.183
8049	1232.51	167.18
8050	1232.68	167.174
8051	1232.84	167.164
8052	1233	167.162
8053	1233.16	167.156
8054	1233.32	167.135
8055	1233.48	167.123
8056	1233.64	167.122
8058	1233.97	167.112
8059	1234.13	167.11
8061	1234.45	167.082
8062	1234.61	167.063
8063	1234.77	167.062
8064	1234.93	167.06
8065	1235.1	167.056
8066	1235.26	167.054
8068	1235.58	167.048
8070	1235.9	167.046
8074	1236.56	167.045
8075	1236.71	167.04
8077	1237.04	167.036
8079	1237.36	167.035
8080	1237.53	167.034
8081	1237.69	167
8082	1237.88	166.95
8083	1238.06	166.924
8085	1238.38	166.919
8087	1238.7	166.918
8088	1238.86	166.913
8089	1239.02	166.901
8090	1239.19	166.9
8091	1239.35	166.897
8092	1239.51	166.897
8093	1239.68	166.888
8094	1239.84	166.887
8095	1240.01	166.878
8096	1240.17	166.841
8098	1240.49	166.839
8100	1240.81	166.82
8101	1240.97	166.816
8102	1241.13	166.815
8103	1241.29	166.799
8104	1241.45	166.799
8106	1241.78	166.798
8108	1242.1	166.795
8109	1242.26	166.795
8110	1242.42	166.793
8111	1242.59	166.788
8112	1242.75	166.778
8113	1242.91	166.771
8114	1243.07	166.766
8115	1243.23	166.752
8118	1243.71	166.752
8119	1243.87	166.74
8121	1244.19	166.736
8122	1244.35	166.719
8123	1244.51	166.718
8124	1244.67	166.709
8125	1244.84	166.704
8126	1245	166.701
8127	1245.16	166.69
8129	1245.48	166.687
8131	1245.81	166.67
8133	1246.13	166.658
8136	1246.61	166.652
8139	1247.1	166.627
8140	1247.31	166.626
8141	1247.47	166.625
8142	1247.64	166.622
8143	1247.8	166.617
8144	1247.96	166.593
8145	1248.13	166.588
8146	1248.29	166.581
8147	1248.45	166.579
8148	1248.61	166.576
8149	1248.77	166.575
8150	1248.93	166.558
8151	1249.09	166.556
8152	1249.25	166.55
8153	1249.42	166.537
8154	1249.59	166.534
8155	1249.75	166.533
8156	1249.92	166.528
8157	1250.07	166.527
8158	1250.24	166.524
8159	1250.41	166.521
8160	1250.56	166.518
8161	1250.73	166.51
8162	1248.41	166.507
8163	1248.57	166.501
8164	1248.73	166.483
8165	1248.89	166.479
8166	1249.06	166.474
8167	1249.22	166.457
8168	1249.39	166.454
8169	1249.54	166.451
8170	1249.7	166.45
8171	1249.86	166.448
8172	1250.02	166.447
8173	1250.18	166.445
8175	1250.5	166.436
8176	1250.66	166.435
8178	1250.98	166.435
8180	1251.3	166.432
8181	1251.46	166.424
8182	1251.62	166.408
8183	1251.78	166.404
8184	1251.94	166.397
8185	1252.1	166.393
8186	1252.26	166.387
8187	1252.42	166.383
8188	1252.58	166.371
8189	1252.74	166.37
8190	1252.9	166.368
8191	1253.06	166.36
8192	1253.22	166.354
8193	1253.38	166.346
8194	1253.55	166.345
8196	1253.89	166.33
8198	1254.21	166.313
8200	1254.53	166.307
8201	1254.69	166.303
8202	1254.85	166.268
8203	1255.01	166.244
8207	1255.7	166.233
8208	1255.86	166.218
8209	1256.02	166.213
8210	1256.18	166.211
8211	1256.34	166.196
8212	1256.5	166.194
8213	1256.67	166.194
8215	1256.98	166.189
8218	1257.47	166.16
8219	1257.63	166.16
8220	1257.79	166.158
8221	1257.95	166.157
8222	1258.11	166.151
8223	1258.27	166.142
8224	1258.43	166.14
8225	1258.59	166.116
8228	1259.07	166.108
8229	1259.23	166.1
8231	1259.56	166.09
8232	1259.72	166.087
8234	1260.05	166.086
8235	1260.22	166.049
8236	1260.37	166.042
8238	1260.7	166.01
8239	1260.85	166.008
8240	1261.02	166.005
8241	1261.18	165.998
8243	1261.51	165.988
8244	1261.67	165.981
8245	1261.83	165.966
8246	1261.99	165.965
8247	1262.15	165.956
8248	1262.3	165.953
8250	1262.62	165.948
8251	1262.78	165.945
8253	1263.1	165.943
8254	1263.26	165.941
8255	1263.42	165.932
8256	1263.58	165.932
8257	1263.74	165.927
8258	1263.9	165.916
8259	1264.06	165.913
8260	1264.22	165.909
8261	1264.38	165.908
8263	1264.75	165.894
8267	1265.39	165.889
8269	1265.72	165.883
8270	1265.88	165.869
8271	1266.04	165.862
8272	1266.2	165.86
8274	1266.52	165.854
8276	1266.84	165.85
8277	1267	165.822
8278	1267.16	165.82
8279	1267.32	165.81
8280	1267.5	165.807
8281	1267.69	165.803
8283	1268.01	165.797
8284	1268.17	165.774
8285	1268.33	165.767
8288	1268.81	165.735
8289	1268.97	165.732
8290	1269.12	165.73
8291	1269.29	165.726
8292	1269.44	165.718
8294	1269.76	165.715
8295	1269.92	165.702
8297	1270.24	165.689
8298	1270.4	165.684
8299	1270.56	165.679
8301	1270.88	165.669
8302	1271.04	165.664
8304	1271.36	165.657
8305	1271.52	165.654
8306	1271.68	165.651
8307	1271.85	165.65
8308	1272.01	165.649
8309	1272.17	165.646
8310	1272.33	165.625
8311	1272.49	165.623
8312	1272.65	165.618
8314	1272.97	165.613
8315	1273.13	165.609
8317	1273.46	165.596
8318	1273.62	165.583
8319	1273.78	165.583
8320	1273.94	165.574
8323	1274.42	165.57
8324	1274.58	165.569
8325	1274.74	165.564
8326	1274.9	165.562
8327	1275.06	165.52
8328	1275.22	165.503
8329	1275.38	165.5
8331	1275.71	165.5
8332	1275.86	165.491
8333	1276.02	165.483
8335	1276.35	165.481
8336	1276.51	165.468
8337	1276.67	165.448
8340	1277.15	165.443
8341	1277.35	165.44
8342	1277.51	165.426
8343	1277.67	165.422
8344	1277.84	165.39
8346	1278.15	165.389
8348	1278.47	165.388
8349	1278.63	165.381
8351	1278.95	165.374
8352	1279.11	165.372
8353	1279.28	165.356
8354	1279.44	165.332
8355	1279.6	165.322
8356	1279.76	165.314
8358	1280.08	165.297
8359	1280.24	165.296
8360	1280.4	165.287
8362	1278.32	165.282
8363	1278.49	165.274
8364	1278.65	165.263
8366	1278.97	165.244
8367	1279.13	165.213
8368	1279.29	165.208
8369	1279.45	165.206
8371	1279.77	165.193
8372	1279.94	165.185
8373	1280.1	165.182
8374	1280.26	165.18
8375	1280.42	165.178
8377	1280.77	165.177
8378	1280.93	165.159
8379	1281.1	165.147
8380	1281.26	165.144
8381	1281.42	165.126
8384	1281.9	165.115
8385	1282.07	165.107
8386	1282.23	165.078
8387	1282.39	165.046
8389	1282.71	165.037
8390	1282.87	165.029
8391	1283.03	165.022
8393	1283.35	165.009
8395	1283.67	164.999
8396	1283.83	164.989
8397	1283.99	164.976
8398	1284.15	164.952
8399	1284.31	164.937
8400	1284.47	164.926
8401	1284.64	164.897
8402	1284.8	164.896
8403	1284.96	164.896
8405	1285.28	164.876
8407	1285.71	164.875
8408	1285.92	164.871
8409	1286.08	164.867
8410	1286.24	164.862
8412	1286.57	164.859
8414	1286.89	164.845
8415	1287.06	164.839
8416	1287.22	164.818
8417	1287.38	164.785
8421	1288.04	164.783
8422	1288.2	164.779
8423	1288.36	164.778
8428	1289.16	164.776
8432	1289.84	164.765
8433	1290	164.752
8434	1290.16	164.75
8435	1290.32	164.749
8436	1290.48	164.747
8437	1290.64	164.745
8440	1291.12	164.739
8441	1291.28	164.736
8442	1291.44	164.727
8443	1291.6	164.718
8447	1292.25	164.713
8448	1292.41	164.711
8449	1292.57	164.71
8451	1292.91	164.702
8452	1293.07	164.702
8453	1293.23	164.692
8455	1293.58	164.687
8456	1293.74	164.687
8457	1293.9	164.678
8458	1294.07	164.665
8461	1294.55	164.655
8464	1295.03	164.654
8465	1295.19	164.646
8466	1295.35	164.626
8468	1295.67	164.614
8470	1295.99	164.613
8471	1296.15	164.601
8473	1296.47	164.601
8474	1296.63	164.599
8477	1297.11	164.597
8478	1297.27	164.596
8480	1297.59	164.592
8483	1298.06	164.565
8484	1298.22	164.562
8485	1298.38	164.505
8486	1298.54	164.503
8489	1299.02	164.501
8491	1299.34	164.497
8493	1299.65	164.493
8494	1299.81	164.475
8496	1300.14	164.462
8497	1300.3	164.456
8500	1300.79	164.436
8501	1300.95	164.424
8503	1301.27	164.421
8505	1301.59	164.412
8506	1301.76	164.411
8507	1301.92	164.41
8508	1302.08	164.403
8509	1302.24	164.399
8510	1302.39	164.393
8511	1302.56	164.343
8512	1302.72	164.342
8513	1302.88	164.318
8517	1303.52	164.317
8518	1303.68	164.299
8519	1303.84	164.242
8520	1304	164.241
8522	1304.36	164.236
8523	1304.53	164.235
8524	1304.69	164.232
8525	1304.85	164.23
8526	1305.01	164.211
8528	1305.33	164.184
8530	1305.65	164.176
8531	1305.81	164.175
8532	1305.97	164.174
8533	1306.13	164.133
8534	1306.29	164.13
8535	1306.45	164.128
8537	1306.77	164.119
8540	1307.24	164.1
8541	1307.41	164.096
8542	1307.57	164.095
8544	1307.89	164.094
8546	1308.21	164.093
8547	1308.38	164.085
8548	1308.54	163.976
8550	1308.87	163.942
8551	1309.03	163.94
8553	1309.34	163.938
8555	1309.66	163.932
8556	1309.82	163.93
8557	1309.98	163.924
8559	1310.3	163.892
8561	1308.15	163.888
8562	1308.32	163.883
8564	1308.64	163.861
8565	1308.8	163.806
8566	1308.95	163.802
8568	1309.27	163.776
8569	1309.43	163.775
8570	1309.59	163.767
8571	1309.75	163.762
8572	1309.91	163.757
8573	1310.07	163.727
8574	1310.23	163.717
8575	1310.39	163.708
8576	1310.55	163.7
8580	1311.19	163.678
8581	1311.35	163.678
8583	1311.67	163.676
8584	1311.83	163.652
8585	1311.99	163.638
8587	1312.31	163.634
8588	1312.47	163.629
8590	1312.79	163.622
8591	1312.95	163.621
8595	1313.6	163.613
8599	1314.27	163.591
8600	1314.43	163.558
8602	1314.75	163.555
8607	1315.55	163.554
8609	1315.87	163.546
8610	1316.03	163.523
8611	1316.19	163.491
8612	1316.36	163.49
8613	1316.51	163.456
8614	1316.68	163.446
8615	1316.84	163.446
8616	1317	163.441
8617	1317.16	163.433
8618	1317.32	163.433
8619	1317.48	163.424
8620	1317.65	163.418
8623	1318.12	163.224
8627	1318.83	163.155
8628	1318.99	163.141
8629	1319.15	163.139
8630	1319.31	163.126
8631	1319.48	163.118
8632	1319.67	163.109
8633	1319.82	163.099
8636	1320.31	163.098
8638	1320.67	163.086
8639	1320.84	163.084
8640	1321	163.064
8642	1321.32	163.058
8644	1321.64	163.036
8646	1321.96	163.032
8649	1322.44	163.016
8651	1322.76	163.014
8653	1323.08	163.012
8654	1323.24	163.01
8655	1323.4	162.981
8657	1323.72	162.96
8658	1323.88	162.951
8659	1324.04	162.932
8660	1324.21	162.919
8663	1324.69	162.909
8664	1324.85	162.892
8666	1325.17	162.89
8667	1325.33	162.869
8668	1325.49	162.723
8670	1325.82	162.664
8671	1325.98	162.657
8672	1326.14	162.656
8673	1326.29	162.652
8674	1326.46	162.651
8675	1326.65	162.647
8678	1327.13	162.634
8680	1327.45	162.633
8681	1327.61	162.619
8684	1328.09	162.618
8685	1328.25	162.606
8688	1328.75	162.606
8689	1328.91	162.598
8690	1329.07	162.596
8692	1329.39	162.588
8693	1329.56	162.561
8695	1329.87	162.559
8696	1330.03	162.553
8699	1330.52	162.552
8700	1330.67	162.552
8701	1330.83	162.546
8702	1330.99	162.543
8704	1331.31	162.525
8706	1331.63	162.523
8707	1331.8	162.521
8708	1331.95	162.52
8709	1332.11	162.516
8712	1332.59	162.505
8713	1332.75	162.503
8715	1333.07	162.5
8716	1333.24	162.495
8717	1333.39	162.476
8719	1333.71	162.472
8720	1333.87	162.47
8721	1334.03	162.45
8723	1334.36	162.437
8724	1334.52	162.415
8725	1334.68	162.41
8726	1334.84	162.408
8727	1335	162.407
8728	1335.16	162.406
8730	1335.48	162.398
8731	1335.64	162.39
8732	1335.8	162.376
8735	1336.28	162.194
8738	1336.77	162.191
8740	1337.09	162.181
8741	1337.25	162.179
8745	1337.89	162.176
8746	1338.05	162.175
8747	1338.21	162.169
8748	1338.36	162.116
8750	1338.69	162.109
8752	1339.05	162.101
8753	1339.22	162.097
8755	1339.54	162.094
8756	1339.7	162.087
8759	1337.69	162.082
8761	1338.03	162.06
8762	1338.19	162.048
8763	1338.35	162.042
8766	1338.83	162.04
8767	1338.99	162.031
8769	1339.31	162.03
8770	1339.47	162.022
8772	1339.79	162.02
8774	1340.11	162.015
8775	1340.27	161.993
8776	1340.43	161.923
8777	1340.6	161.921
8778	1340.76	161.918
8780	1341.08	161.903
8782	1341.4	161.884
8783	1341.56	161.882
8784	1341.72	161.88
8785	1341.88	161.88
8786	1342.04	161.857
8787	1342.2	161.83
8788	1342.36	161.785
8789	1342.52	161.771
8790	1342.68	161.706
8794	1343.33	161.695
8796	1343.65	161.683
8799	1344.13	161.639
8800	1344.29	161.639
8802	1344.61	161.63
8804	1344.93	161.589
8805	1345.09	161.586
8809	1345.73	161.579
8811	1346.05	161.548
8813	1346.37	161.488
8815	1346.69	161.486
8816	1346.85	161.47
8818	1347.17	161.427
8820	1347.5	161.422
8821	1347.69	161.396
8822	1347.86	161.392
8823	1348.03	161.389
8825	1348.36	161.384
8826	1348.52	161.339
8829	1349.01	161.331
8830	1349.18	161.322
8831	1349.34	161.277
8833	1349.67	161.247
8835	1349.99	161.226
8838	1350.56	161.178
8840	1350.95	161.161
8841	1351.11	161.154
8843	1351.44	161.152
8845	1351.77	161.151
8846	1351.94	161.15
8849	1352.44	161.14
8851	1352.76	161.102
8853	1353.08	161.062
8854	1353.3	161.04
8856	1353.63	161.037
8857	1353.79	161.018
8863	1354.78	161.003
8864	1354.95	160.95
8865	1355.14	160.949
8866	1355.3	160.945
8867	1355.47	160.943
8869	1355.8	160.92
8870	1355.96	160.846
8874	1356.72	160.838
8876	1357.08	160.796
8881	1357.9	160.787
8884	1358.38	160.774
8886	1358.72	160.771
8887	1358.88	160.67
8888	1359.07	160.556
8892	1359.72	160.534
8893	1359.88	160.534
8894	1360.05	160.533
8895	1360.21	160.474
8897	1360.54	160.455
8900	1361.13	160.397
8902	1361.49	160.329
8910	1362.84	160.328
8911	1363	160.273
8912	1363.17	160.26
8913	1363.36	160.254
8915	1363.69	160.239
8924	1365.17	160.232
8925	1365.35	160.23
8930	1366.19	160.217
8935	1367.03	160.125
8936	1367.29	160.112
8941	1368.12	160.111
8945	1368.77	160.109
8946	1368.93	160.107
8948	1369.25	160.105
8951	1369.76	160.036
8953	1367.6	159.971
8957	1368.3	159.963
8959	1368.62	159.925
8960	1368.78	159.913
8961	1368.95	159.91
8962	1369.11	159.908
8963	1369.27	159.902
8965	1369.6	159.864
8966	1369.85	159.859
8969	1370.34	159.859
8971	1370.67	159.855
8979	1372.05	159.762
8981	1372.39	159.662
8984	1372.88	159.638
8991	1374.01	159.634
8992	1374.18	159.63
8994	1374.5	159.629
8998	1375.14	159.508
9000	1375.5	159.508
9001	1375.65	159.502
9002	1375.81	159.485
9003	1375.97	159.481
9004	1376.13	159.477
9005	1376.29	159.475
9006	1376.45	159.469
9008	1376.77	159.468
9009	1376.93	159.467
9010	1377.09	159.463
9011	1377.25	159.46
9013	1377.57	159.453
9014	1377.74	159.448
9015	1377.9	159.448
9016	1378.06	159.444
9017	1378.22	159.428
9018	1378.38	159.428
9020	1378.7	159.422
9021	1378.86	159.421
9022	1379.02	159.413
9023	1379.19	159.412
9024	1379.37	159.408
9027	1379.85	159.407
9029	1380.17	159.402
9030	1380.33	159.4
9035	1381.13	159.398
9037	1381.45	159.395
9038	1381.62	159.394
9039	1381.78	159.392
9040	1381.94	159.391
9042	1382.25	159.379
9043	1382.41	159.378
9044	1382.57	159.373
9045	1382.73	159.37
9047	1383.05	159.365
9048	1383.21	159.364
9049	1383.37	159.362
9050	1383.53	159.356
9051	1383.69	159.348
9053	1384.05	159.347
9055	1384.37	159.334
9056	1384.53	159.333
9058	1384.86	159.327
9059	1385.01	159.325
9061	1385.34	159.308
9062	1385.5	159.298
9064	1385.82	159.294
9065	1385.98	159.289
9067	1386.29	159.288
9068	1386.46	159.287
9069	1386.62	159.247
9070	1386.78	159.245
9072	1387.1	159.242
9074	1387.42	159.235
9075	1387.58	159.231
9077	1387.9	159.229
9078	1388.06	159.225
9079	1388.22	159.222
9080	1388.38	159.218
9081	1388.55	159.179
9082	1388.71	159.153
9083	1388.87	159.145
9085	1389.2	159.132
9086	1389.36	159.13
9088	1389.68	159.13
9089	1389.84	159.121
9090	1390	159.117
9091	1390.16	159.116
9096	1390.95	159.115
9097	1391.11	159.113
9098	1391.27	159.113
9099	1391.43	159.111
9100	1391.59	159.098
9101	1391.75	159.098
9103	1392.07	159.094
9104	1392.23	159.086
9106	1392.55	159.084
9107	1392.71	159.084
9108	1392.87	159.082
9111	1393.39	159.073
9112	1393.56	159.063
9113	1393.76	159.049
9114	1393.93	159.048
9115	1394.1	159.048
9118	1394.58	159.047
9120	1394.9	159.044
9121	1395.07	159.039
9122	1395.23	158.958
9123	1395.39	158.957
9124	1395.56	158.952
9125	1395.72	158.949
9126	1395.88	158.945
9127	1396.05	158.939
9129	1396.37	158.925
9131	1396.74	158.904
9132	1396.9	158.903
9133	1397.07	158.892
9134	1397.24	158.889
9135	1397.4	158.884
9136	1397.56	158.88
9137	1397.72	158.877
9138	1397.88	158.876
9139	1398.04	158.872
9140	1398.21	158.871
9141	1398.36	158.869
9142	1398.52	158.868
9143	1398.69	158.868
9144	1398.84	158.846
9145	1399.01	158.845
9148	1399.51	158.844
9149	1397.19	158.843
9150	1397.36	158.84
9151	1397.52	158.839
9152	1397.68	158.826
9153	1397.84	158.82
9154	1398	158.818
9155	1398.17	158.818
9156	1398.33	158.81
9157	1398.49	158.808
9158	1398.66	158.8
9159	1398.83	158.8
9160	1398.99	158.799
9161	1399.15	158.791
9162	1399.31	158.79
9163	1399.47	158.79
9164	1399.63	158.78
9165	1399.8	158.777
9166	1400	158.773
9167	1400.16	158.758
9168	1400.32	158.753
9169	1400.48	158.74
9170	1400.64	158.738
9172	1400.96	158.737
9173	1401.12	158.733
9175	1401.45	158.725
9178	1401.93	158.723
9179	1402.09	158.722
9180	1402.25	158.721
9181	1402.42	158.707
9182	1402.58	158.702
9183	1402.74	158.698
9184	1402.9	158.691
9185	1403.07	158.69
9186	1403.23	158.686
9187	1403.39	158.678
9188	1403.55	158.668
9190	1403.88	158.666
9191	1404.04	158.657
9192	1404.24	158.657
9193	1404.4	158.619
9195	1404.72	158.619
9196	1404.88	158.61
9197	1405.05	158.607
9198	1405.21	158.602
9200	1405.53	158.592
9201	1405.69	158.565
9202	1405.86	158.564
9207	1406.66	158.564
9208	1406.82	158.554
9209	1406.98	158.549
9210	1407.14	158.548
9211	1407.3	158.542
9212	1407.46	158.538
9213	1407.62	158.537
9215	1407.95	158.535
9216	1408.12	158.533
9218	1408.45	158.514
9220	1408.77	158.51
9221	1408.93	158.503
9222	1409.09	158.5
9223	1409.25	158.487
9225	1409.57	158.475
9226	1409.73	158.469
9229	1410.2	158.457
9231	1410.52	158.454
9232	1410.68	158.45
9236	1411.33	158.444
9237	1411.49	158.443
9238	1411.66	158.43
9239	1411.82	158.429
9241	1412.13	158.429
9243	1412.47	158.421
9246	1412.96	158.418
9247	1413.12	158.411
9248	1413.28	158.405
9250	1413.6	158.402
9251	1413.77	158.399
9252	1413.94	158.398
9254	1414.27	158.397
9255	1414.43	158.395
9256	1414.6	158.395
9257	1414.77	158.394
9258	1414.93	158.384
9260	1415.25	158.378
9261	1415.41	158.377
9262	1415.57	158.371
9263	1415.79	158.369
9264	1415.95	158.367
9266	1416.27	158.353
9267	1416.43	158.351
9268	1416.59	158.35
9269	1416.75	158.34
9270	1416.91	158.334
9272	1417.23	158.332
9274	1417.55	158.326
9276	1417.87	158.322
9277	1418.03	158.308
9278	1418.19	158.306
9280	1418.51	158.3
9281	1418.67	158.3
9283	1418.99	158.294
9285	1419.31	158.288
9286	1419.48	158.284
9287	1419.64	158.281
9288	1419.8	158.265
9289	1419.97	158.263
9291	1420.29	158.262
9292	1420.45	158.256
9293	1420.61	158.25
9294	1420.77	158.248
9295	1420.94	158.238
9296	1421.1	158.237
9297	1421.26	158.23
9298	1421.43	158.229
9299	1421.59	158.223
9301	1421.92	158.218
9302	1422.08	158.213
9304	1422.4	158.204
9305	1422.57	158.199
9309	1423.22	158.198
9310	1423.39	158.182
9311	1423.55	158.182
9312	1423.71	158.179
9313	1423.88	158.179
9314	1424.05	158.175
9315	1424.22	158.172
9316	1424.38	158.169
9318	1424.79	158.161
9320	1425.12	158.155
9323	1425.61	158.15
9324	1425.78	158.147
9327	1426.27	158.111
9328	1426.44	158.106
9329	1426.6	158.102
9330	1426.77	158.102
9332	1427.11	158.096
9333	1427.27	158.088
9335	1427.6	158.087
9336	1427.76	158.081
9337	1427.93	158.077
9339	1428.25	158.077
9340	1428.42	158.062
9341	1428.57	158.06
9342	1428.73	158.047
9344	1429.05	158.025
9346	1429.37	158.025
9348	1427.22	158.022
9349	1427.38	158.017
9351	1427.71	158.002
9352	1427.89	157.996
9353	1428.06	157.988
9354	1428.22	157.967
9355	1428.38	157.956
9356	1428.54	157.949
9357	1428.7	157.946
9358	1428.86	157.937
9360	1429.18	157.93
9362	1429.5	157.923
9363	1429.66	157.916
9366	1430.18	157.905
9367	1430.34	157.901
9371	1430.98	157.901
9372	1431.15	157.898
9373	1431.31	157.881
9374	1431.47	157.88
9376	1431.79	157.877
9377	1431.95	157.876
9378	1432.11	157.873
9380	1432.44	157.872
9381	1432.6	157.867
9382	1432.76	157.864
9384	1433.08	157.848
9386	1433.4	157.824
9387	1433.56	157.818
9389	1433.89	157.8
9390	1434.04	157.796
9391	1434.2	157.792
9392	1434.36	157.79
9393	1434.52	157.781
9395	1434.84	157.769
9397	1435.16	157.766
9398	1435.31	157.761
9399	1435.47	157.748
9400	1435.63	157.737
9401	1435.79	157.733
9402	1435.96	157.726
9403	1436.12	157.725
9405	1436.44	157.711
9407	1436.76	157.71
9408	1436.98	157.705
9410	1437.3	157.705
9413	1437.79	157.699
9414	1437.95	157.693
9415	1438.12	157.692
9416	1438.28	157.681
9417	1438.44	157.655
9418	1438.6	157.649
9422	1439.25	157.647
9423	1439.41	157.641
9425	1439.73	157.639
9428	1440.27	157.639
9432	1440.93	157.638
9433	1441.09	157.638
9434	1441.25	157.636
9435	1441.41	157.634
9437	1441.74	157.632
9438	1441.89	157.631
9440	1442.21	157.63
9441	1442.37	157.628
9442	1442.53	157.62
9443	1442.69	157.606
9445	1443.01	157.605
9447	1443.33	157.593
9448	1443.49	157.591
9449	1443.65	157.587
9453	1444.29	157.578
9455	1444.6	157.576
9457	1444.92	157.57
9458	1445.08	157.559
9463	1445.88	157.548
9464	1446.04	157.546
9466	1446.36	157.52
9468	1446.68	157.509
9469	1446.84	157.506
9470	1447	157.5
9471	1447.16	157.498
9473	1447.48	157.498
9474	1447.64	157.497
9477	1448.12	157.497
9478	1448.28	157.496
9480	1448.59	157.495
9483	1449.07	157.469
9484	1449.25	157.468
9485	1449.41	157.198
9486	1449.57	157.195
9489	1450.09	157.189
9491	1450.4	157.188
9493	1450.72	157.18
9494	1450.87	157.15
9495	1451.03	157.147
9496	1451.19	157.146
9497	1451.35	157.142
9500	1451.83	157.142
9501	1451.99	157.135
9502	1452.14	157.135
9505	1452.62	157.131
9506	1452.78	157.131
9507	1452.94	157.131
9508	1453.1	157.119
9509	1453.26	157.117
9510	1453.42	157.112
9511	1453.58	157.09
9512	1453.74	157.089
9513	1453.9	157.087
9516	1454.38	157.086
9518	1454.69	157.075
9520	1455.02	157.071
9521	1455.18	157.043
9522	1455.34	157.043
9523	1455.49	157.043
9524	1455.65	157.04
9525	1455.81	157.036
9526	1455.97	157.019
9528	1456.3	156.993
9531	1456.77	156.991
9533	1457.09	156.968
9534	1457.25	156.964
9535	1457.41	156.963
9537	1457.74	156.955
9538	1457.89	156.954
9541	1458.38	156.953
9542	1458.55	156.951
9543	1458.71	156.951
9544	1458.87	156.944
9546	1459.19	156.937
9547	1456.86	156.934
9548	1457.03	156.859
9550	1457.35	156.851
9551	1457.51	156.849
9555	1458.16	156.84
9556	1458.32	156.839
9557	1458.48	156.825
9559	1458.8	156.819
9561	1459.12	156.816
9562	1459.28	156.812
9564	1459.6	156.806
9565	1459.76	156.771
9566	1459.92	156.771
9568	1460.25	156.752
9570	1460.57	156.75
9571	1460.73	156.746
9572	1460.89	156.743
9573	1461.05	156.739
9574	1461.21	156.734
9575	1461.37	156.729
9576	1461.53	156.728
9577	1461.68	156.727
9578	1461.85	156.716
9580	1462.16	156.687
9583	1462.64	156.686
9584	1462.8	156.67
9585	1462.95	156.65
9586	1463.12	156.648
9588	1463.44	156.645
9589	1463.59	156.641
9590	1463.75	156.629
9591	1463.91	156.628
9593	1464.23	156.623
9599	1465.19	156.482
9600	1465.35	156.454
9605	1466.19	156.452
9609	1466.84	156.449
9610	1467	156.332
9612	1467.31	156.32
9613	1467.47	156.234
9614	1467.63	156.232
9617	1468.11	156.229
9618	1468.27	156.226
9619	1468.43	156.221
9620	1468.58	156.22
9623	1469.07	156.073
9624	1469.23	156.072
9625	1469.39	156.066
9627	1469.71	155.983
9628	1469.87	155.968
9630	1470.18	155.844
9631	1470.34	155.84
9632	1470.5	155.836
9633	1470.66	155.823
9636	1471.15	155.82
9638	1471.5	155.812
9640	1471.82	155.805
9642	1472.14	155.804
9644	1472.46	155.78
9646	1472.78	155.779
9649	1473.26	155.769
9650	1473.42	155.762
9651	1473.58	155.758
9654	1474.06	155.757
9655	1474.22	155.702
9657	1474.54	155.681
9658	1474.7	155.675
9659	1474.86	155.658
9660	1475.06	155.647
9661	1475.22	155.644
9662	1475.38	155.637
9663	1475.53	155.635
9664	1475.69	155.622
9666	1476.05	155.62
9667	1476.22	155.618
9668	1476.37	155.602
9670	1476.69	155.593
9671	1476.85	155.589
9672	1477.02	155.557
9673	1477.17	155.556
9674	1477.33	155.55
9675	1477.49	155.542
9680	1478.29	155.536
9681	1478.45	155.534
9684	1478.93	155.53
9685	1479.09	155.527
9686	1479.25	155.526
9687	1479.4	155.525
9689	1479.73	155.516
9690	1479.92	155.516
9692	1480.24	155.509
9693	1480.4	155.495
9696	1480.89	155.49
9697	1481.05	155.485
9699	1481.36	155.485
9701	1481.68	155.479
9702	1481.84	155.462
9704	1482.16	155.445
9706	1482.48	155.444
9709	1482.95	155.438
9710	1483.11	155.437
9712	1483.43	155.404
9713	1483.6	155.402
9714	1483.76	155.397
9715	1483.92	155.395
9716	1484.08	155.377
9717	1484.24	155.362
9718	1484.4	155.355
9719	1484.55	155.351
9724	1485.35	155.328
9725	1485.51	155.325
9726	1485.67	155.323
9728	1485.99	155.322
9730	1486.31	155.315
9731	1486.47	155.307
9735	1487.12	155.133
9740	1487.91	155.114
9741	1488.07	155.113
9745	1488.71	155.109
9746	1488.87	155.108
9747	1486.55	155.103
9748	1486.71	155.095
9750	1487.03	155.089
9753	1487.51	155.088
9755	1487.83	155.086
9756	1488.02	155.055
9757	1488.18	155.05
9759	1488.51	155.043
9761	1488.83	155.039
9762	1488.99	155.03
9763	1489.15	155.025
9765	1489.46	155.017
9766	1489.62	155.007
9769	1490.12	155.006
9770	1490.28	155.001
9772	1490.63	154.998
9774	1490.95	154.996
9775	1491.11	154.981
9777	1491.43	154.975
9780	1491.91	154.966
9782	1492.23	154.95
9784	1492.55	154.949
9786	1492.87	154.941
9787	1493.03	154.925
9788	1493.19	154.91
9789	1493.36	154.9
9790	1493.53	154.899
9794	1494.17	154.899
9796	1494.49	154.891
9799	1494.97	154.877
9800	1495.13	154.869
9802	1495.45	154.752
9804	1495.77	154.715
9805	1495.93	154.706
9811	1496.9	154.667
9813	1497.22	154.572
9815	1497.54	154.568
9816	1497.7	154.552
9820	1498.34	154.545
9821	1498.5	154.522
9826	1499.3	154.489
9827	1499.46	154.481
9830	1499.94	154.476
9831	1500.1	154.418
9833	1500.42	154.409
9838	1501.22	154.374
9840	1501.58	154.366
9846	1502.55	154.364
9847	1502.71	154.357
9848	1502.87	154.357
9849	1503.03	154.352
9851	1503.35	154.318
9857	1504.3	154.296
9858	1504.46	154.29
9863	1505.28	154.279
9864	1505.44	154.227
9866	1505.77	154.22
9869	1506.25	154.219
9870	1506.41	154.166
9876	1507.36	154.159
9881	1508.16	154.153
9882	1508.32	154.152
9884	1508.64	154.144
9887	1509.12	153.262
9888	1509.28	153.259
9889	1509.44	153.248
9891	1509.77	153.24
9894	1510.24	153.237
9902	1511.59	153.231
9910	1512.87	153.223
9911	1513.03	153.184
9912	1513.18	153.182
9913	1513.34	153.177
9914	1513.5	153.17
9925	1515.32	153.17
9935	1516.92	153.082
9936	1517.08	153.074
9942	1518.03	153.069
9949	1516.66	153.044
9951	1516.98	152.996
9953	1517.3	152.931
9959	1518.27	152.898
9962	1518.75	152.887
9965	1519.23	152.877
9966	1519.38	152.875
9969	1519.86	152.869
9979	1521.46	152.785
9981	1521.77	152.647
9984	1522.29	152.627
9986	1522.61	152.623
9992	1523.57	152.621
9998	1524.53	152.548
10000	1524.85	152.548
10002	1525.16	152.539
10003	1525.32	152.527
10004	1525.48	152.522
10005	1525.64	152.52
10006	1525.8	152.5
10008	1526.12	152.499
10009	1526.28	152.497
10010	1526.44	152.496
10011	1526.6	152.493
10013	1526.91	152.487
10014	1527.07	152.486
10016	1527.39	152.482
10017	1527.56	152.472
10018	1527.72	152.472
10019	1527.88	152.471
10020	1528.04	152.469
10021	1528.2	152.467
10024	1528.68	152.466
10025	1528.83	152.465
10027	1529.15	152.463
10029	1529.48	152.458
10030	1529.64	152.457
10031	1529.8	152.455
10037	1530.76	152.451
10038	1530.92	152.45
10039	1531.08	152.446
10040	1531.24	152.445
10041	1531.4	152.444
10042	1531.56	152.431
10043	1531.72	152.427
10044	1531.87	152.424
10045	1532.04	152.423
10047	1532.35	152.419
10049	1532.67	152.417
10050	1532.83	152.413
10051	1532.99	152.407
10052	1533.15	152.404
10054	1533.47	152.404
10055	1533.63	152.385
10056	1533.79	152.384
10058	1534.11	152.383
10059	1534.27	152.383
10060	1534.43	152.382
10061	1534.59	152.371
10062	1534.75	152.364
10064	1535.07	152.363
10065	1535.23	152.36
10066	1535.39	152.356
10068	1535.7	152.35
10069	1535.86	152.348
10070	1536.02	152.345
10074	1536.66	152.344
10075	1536.82	152.343
10077	1537.18	152.339
10078	1537.34	152.333
10079	1537.5	152.333
10081	1537.82	152.315
10083	1538.14	152.309
10085	1538.46	152.295
10090	1539.25	152.285
10091	1539.41	152.282
10093	1539.73	152.282
10095	1540.05	152.282
10096	1540.21	152.27
10097	1540.37	152.268
10098	1540.53	152.267
10099	1540.69	152.265
10100	1540.85	152.245
10101	1541.02	152.243
10103	1541.34	152.241
10104	1541.5	152.232
10106	1541.81	152.231
10107	1541.97	152.23
10109	1542.29	152.229
10111	1542.61	152.222
10112	1542.77	152.214
10113	1542.93	152.198
10114	1543.08	152.196
10115	1543.24	152.194
10118	1543.72	152.193
10119	1543.88	152.186
10120	1544.04	152.178
10121	1544.2	152.164
10122	1544.36	152.087
10123	1544.53	152.076
10124	1544.68	152.075
10125	1544.84	152.073
10126	1545	152.067
10127	1545.16	152.065
10129	1545.48	152.058
10131	1545.79	152.045
10133	1546.11	152.032
10134	1546.27	152.028
10135	1546.43	152.024
10136	1546.59	152.022
10139	1547.07	152.019
10141	1547.39	152.014
10142	1547.54	152.012
10144	1547.86	151.994
10145	1548.02	151.994
10146	1548.18	151.991
10149	1546.18	151.986
10150	1546.34	151.983
10154	1546.98	151.979
10155	1547.14	151.979
10156	1547.3	151.977
10157	1547.46	151.971
10158	1547.63	151.967
10160	1547.95	151.965
10161	1548.11	151.955
10162	1548.28	151.954
10164	1548.64	151.945
10165	1548.8	151.942
10166	1548.96	151.938
10167	1549.12	151.935
10168	1549.29	151.927
10169	1549.45	151.919
10170	1549.61	151.914
10173	1550.09	151.912
10175	1550.41	151.908
10180	1551.21	151.907
10181	1551.37	151.894
10182	1551.53	151.891
10183	1551.69	151.89
10184	1551.85	151.866
10185	1552.01	151.866
10186	1552.17	151.859
10188	1552.48	151.852
10189	1552.64	151.85
10190	1552.8	151.846
10191	1552.96	151.842
10192	1553.12	151.835
10193	1553.28	151.813
10194	1553.44	151.81
10196	1553.76	151.806
10198	1554.08	151.803
10199	1554.24	151.803
10200	1554.39	151.792
10201	1554.56	151.789
10206	1555.35	151.788
10207	1555.51	151.787
10208	1555.67	151.773
10210	1555.99	151.771
10212	1556.31	151.765
10213	1556.47	151.76
10215	1556.79	151.758
10216	1556.94	151.757
10218	1557.27	151.743
10219	1557.42	151.741
10220	1557.63	151.74
10221	1557.79	151.73
10222	1557.95	151.724
10223	1558.11	151.706
10225	1558.42	151.682
10228	1558.9	151.68
10229	1559.05	151.673
10231	1559.37	151.671
10232	1559.53	151.669
10236	1560.17	151.658
10237	1560.32	151.651
10238	1560.48	151.641
10239	1560.64	151.637
10241	1560.96	151.636
10242	1561.12	151.623
10243	1561.28	151.613
10245	1561.6	151.609
10246	1561.76	151.601
10247	1561.92	151.597
10248	1562.07	151.592
10250	1562.39	151.587
10251	1562.55	151.586
10254	1563.02	151.582
10255	1563.18	151.574
10256	1563.34	151.573
10257	1563.5	151.57
10258	1563.66	151.561
10259	1563.82	151.559
10260	1563.98	151.558
10261	1564.14	151.557
10262	1564.29	151.555
10264	1564.61	151.553
10269	1565.4	151.548
10270	1565.56	151.547
10272	1565.88	151.546
10274	1566.2	151.541
10275	1566.36	151.525
10276	1566.52	151.522
10277	1566.68	151.51
10279	1567.01	151.5
10280	1567.17	151.497
10283	1567.64	151.495
10285	1567.96	151.489
10288	1568.44	151.483
10289	1568.6	151.481
10291	1568.92	151.481
10292	1569.08	151.478
10293	1569.24	151.477
10295	1569.55	151.469
10296	1569.71	151.467
10297	1569.87	151.46
10298	1570.03	151.459
10299	1570.19	151.458
10304	1570.98	151.449
10305	1571.14	151.442
10308	1571.61	151.441
10310	1571.93	151.42
10312	1572.25	151.417
10313	1572.41	151.416
10314	1572.57	151.415
10315	1572.73	151.414
10316	1572.89	151.379
10317	1573.05	151.374
10318	1573.21	151.372
10320	1573.53	151.371
10323	1574	151.366
10324	1574.16	151.36
10327	1574.64	151.337
10329	1574.96	151.334
10330	1575.11	151.333
10331	1575.27	151.333
10332	1575.43	151.331
10333	1575.59	151.328
10335	1575.91	151.328
10336	1576.07	151.322
10337	1576.22	151.308
10340	1576.7	151.303
10341	1576.86	151.301
10342	1577.02	151.29
10343	1577.18	151.286
10344	1577.34	151.271
10346	1577.66	151.27
10348	1577.97	151.27
10349	1578.13	151.256
10351	1575.97	151.251
10352	1576.13	151.245
10353	1576.29	151.236
10354	1576.45	151.228
10355	1576.61	151.224
10356	1576.77	151.214
10357	1576.93	151.213
10358	1577.09	151.207
10359	1577.25	151.205
10360	1577.41	151.196
10362	1577.73	151.191
10363	1577.89	151.184
10364	1578.05	151.178
10366	1578.37	151.174
10367	1578.53	151.173
10369	1578.85	151.169
10371	1579.16	151.167
10372	1579.32	151.166
10374	1579.64	151.166
10377	1580.11	151.164
10379	1580.43	151.159
10380	1580.59	151.156
10384	1581.23	151.145
10386	1581.55	151.141
10387	1581.77	151.14
10389	1582.09	151.124
10390	1582.25	151.123
10391	1582.41	151.122
10392	1582.57	151.121
10393	1582.74	151.113
10395	1583.05	151.107
10397	1583.37	151.103
10398	1583.53	151.101
10399	1583.69	151.095
10400	1583.85	151.079
10402	1584.17	151.076
10403	1584.33	151.076
10404	1584.49	151.072
10405	1584.65	151.072
10406	1584.81	151.068
10408	1585.13	151.063
10409	1585.28	151.063
10410	1585.44	151.06
10412	1585.76	151.056
10414	1586.08	151.051
10415	1586.24	151.039
10416	1586.39	151.024
10417	1586.55	151.003
10418	1586.71	151.001
10421	1587.2	151
10422	1587.36	150.999
10423	1587.52	150.996
10425	1587.87	150.989
10430	1588.66	150.986
10433	1589.14	150.976
10434	1589.31	150.976
10435	1589.46	150.975
10438	1589.94	150.971
10440	1590.26	150.964
10441	1590.41	150.958
10442	1590.57	150.953
10443	1590.73	150.947
10446	1591.21	150.937
10448	1591.53	150.936
10449	1591.69	150.934
10450	1591.85	150.934
10453	1592.33	150.93
10455	1592.66	150.927
10456	1592.82	150.927
10457	1592.98	150.918
10458	1593.14	150.902
10460	1593.45	150.901
10461	1593.61	150.896
10463	1593.93	150.886
10464	1594.09	150.881
10466	1594.41	150.865
10467	1594.57	150.862
10468	1594.73	150.857
10471	1595.21	150.852
10473	1595.53	150.852
10474	1595.69	150.852
10478	1596.32	150.85
10483	1597.12	150.833
10484	1597.33	150.831
10485	1597.49	150.67
10490	1598.27	150.67
10491	1598.43	150.658
10496	1599.23	150.635
10500	1599.87	150.635
10501	1600.02	150.633
10503	1600.35	150.63
10506	1600.82	150.629
10508	1601.14	150.621
10510	1601.46	150.621
10511	1601.62	150.593
10512	1601.78	150.593
10513	1601.94	150.59
10516	1602.41	150.59
10518	1602.73	150.57
10520	1603.05	150.568
10521	1603.2	150.568
10523	1603.52	150.568
10525	1603.85	150.565
10526	1604	150.552
10528	1604.33	150.531
10530	1604.66	150.529
10531	1604.82	150.526
10532	1604.98	150.526
10533	1605.14	150.524
10534	1605.3	150.518
10535	1605.46	150.517
10537	1605.77	150.505
10541	1606.41	150.503
10542	1606.57	150.501
10543	1606.73	150.496
10546	1607.21	150.49
10547	1607.37	150.485
10548	1607.53	150.458
10549	1607.69	150.458
10555	1606.2	150.45
10556	1606.36	150.447
10557	1606.52	150.436
10559	1606.83	150.429
10562	1607.31	150.427
10564	1607.62	150.418
10565	1607.78	150.374
10568	1608.28	150.349
10570	1608.6	150.348
10571	1608.76	150.347
10572	1608.92	150.343
10573	1609.08	150.34
10574	1609.24	150.336
10575	1609.4	150.325
10576	1609.56	150.324
10579	1610.04	150.324
10580	1610.19	150.306
10581	1610.35	150.305
10583	1610.67	150.304
10584	1610.83	150.281
10585	1610.99	150.266
10587	1611.31	150.262
10588	1611.47	150.254
10589	1611.63	150.253
10590	1611.79	150.24
10591	1611.95	150.238
10592	1612.11	150.236
10596	1612.76	150.2
10599	1613.24	150.158
10600	1613.53	150.146
10602	1613.91	150.14
10607	1614.72	150.139
10609	1615.04	150.134
10610	1615.21	150.093
10611	1615.37	150.088
10612	1615.53	150.081
10614	1615.85	150.077
10616	1616.17	150.074
10617	1616.33	150.019
10619	1616.65	150.009
10621	1616.97	150.005
10623	1617.3	149.886
10626	1617.78	149.882
10627	1617.95	149.822
10628	1618.11	149.803
10630	1618.43	149.791
10631	1618.59	149.787
10632	1618.79	149.78
10633	1618.95	149.778
10636	1619.43	149.776
10637	1619.6	149.771
10638	1619.76	149.77
10644	1620.74	149.748
10646	1621.05	149.746
10647	1621.21	149.744
10649	1621.53	149.734
10650	1621.69	149.728
10651	1621.85	149.721
10653	1622.17	149.717
10654	1622.33	149.714
10655	1622.49	149.682
10657	1622.81	149.665
10658	1622.97	149.661
10659	1623.13	149.65
10660	1623.28	149.639
10663	1623.76	149.638
10664	1623.92	149.622
10666	1624.24	149.621
10667	1624.39	149.613
10668	1624.55	149.611
10670	1624.88	149.592
10671	1625.03	149.59
10672	1625.19	149.578
10673	1625.35	149.576
10674	1625.51	149.575
10675	1625.69	149.571
10678	1626.2	149.533
10680	1626.52	149.519
10681	1626.68	149.514
10684	1627.15	149.512
10685	1627.32	149.507
10687	1627.64	149.507
10689	1627.97	149.499
10690	1628.12	149.496
10692	1628.45	149.489
10693	1628.61	149.486
10696	1629.09	149.481
10701	1629.97	149.481
10704	1630.45	149.473
10705	1630.61	149.472
10708	1631.09	149.468
10709	1631.24	149.461
10710	1631.4	149.459
10712	1631.72	149.459
10713	1631.88	149.457
10714	1632.04	149.454
10715	1632.2	149.453
10716	1632.36	149.451
10717	1632.52	149.44
10718	1632.68	149.424
10719	1632.84	149.412
10721	1633.15	149.41
10724	1633.63	149.388
10725	1633.79	149.384
10727	1634.1	149.381
10728	1634.27	149.379
10729	1634.43	149.355
10730	1634.6	149.353
10731	1634.77	149.345
10735	1635.4	149.273
10737	1635.72	149.269
10738	1635.89	149.267
10740	1636.22	149.261
10741	1636.38	149.26
10743	1636.7	149.251
10745	1637.04	149.247
10746	1637.21	149.245
10748	1637.52	149.244
10750	1635.35	149.242
10752	1635.72	149.239
10753	1635.87	149.238
10754	1636.03	149.235
10755	1636.19	149.235
10759	1636.84	149.233
10761	1637.16	149.217
10762	1637.32	149.207
10763	1637.48	149.202
10765	1637.81	149.197
10767	1638.14	149.15
10769	1638.48	149.149
10770	1638.65	149.13
10772	1638.98	149.13
10774	1639.31	149.129
10775	1639.47	149.125
10776	1639.63	149.12
10777	1639.79	149.12
10779	1640.12	149.112
10780	1640.31	149.109
10782	1640.64	149.095
10783	1640.8	149.091
10784	1640.97	149.089
10786	1641.3	149.085
10787	1641.46	149.081
10788	1641.63	149.066
10789	1641.79	149.065
10792	1642.29	149.064
10793	1642.45	149.063
10795	1642.76	149.063
10796	1642.92	149.058
10800	1643.55	149.048
10802	1643.87	149.038
10804	1644.19	149.014
10805	1644.35	149.014
10807	1644.67	149.014
10811	1645.3	149.001
10812	1645.46	148.999
10813	1645.62	148.983
10815	1645.94	148.981
10816	1646.1	148.972
10818	1646.42	148.971
10820	1646.73	148.965
10821	1646.89	148.943
10822	1647.05	148.876
10826	1647.73	148.848
10827	1647.89	148.84
10831	1648.53	148.793
10833	1648.85	148.783
10834	1649.01	148.782
10835	1649.17	148.779
10838	1649.64	148.769
10840	1649.96	148.762
10841	1650.12	148.68
10846	1650.92	148.68
10849	1651.39	148.666
10850	1651.55	148.663
10851	1651.71	148.655
10857	1652.67	148.635
10864	1653.78	148.59
10865	1653.94	148.571
10866	1654.1	148.564
10867	1654.26	148.562
10870	1654.73	148.539
10876	1655.69	148.513
10881	1656.51	148.508
10887	1657.5	148.378
10890	1657.98	148.369
10891	1658.14	148.323
10892	1658.3	148.32
10893	1658.46	148.319
10895	1658.8	148.313
10899	1659.47	148.219
10907	1660.75	148.218
10912	1661.54	148.181
10913	1661.7	148.176
10914	1661.86	148.16
10916	1662.17	148.158
10928	1664.08	148.157
10930	1664.39	148.136
10934	1665.03	148.136
10935	1665.19	148.114
10936	1665.35	148.107
10941	1666.14	148.107
10944	1666.62	148.106
10949	1667.41	148.099
10950	1667.57	148.098
10951	1665.25	148.074
10953	1665.57	148.046
10954	1665.73	148.041
10960	1666.73	148.039
10961	1666.89	148.038
10962	1667.05	148.031
10964	1667.38	148.028
10965	1667.54	148.011
10966	1667.7	148.009
10969	1668.2	148.007
10973	1668.83	148.006
10974	1668.99	148.002
10979	1669.78	147.971
10980	1669.94	147.971
10981	1670.1	147.851
10984	1670.58	147.833
10986	1670.89	147.314
10988	1671.21	147.314
10990	1671.53	147.313
10992	1671.85	147.307
10994	1672.17	147.288
10998	1672.8	147.235
11000	1673.12	147.233
11001	1673.28	147.228
11002	1673.44	147.222
11003	1673.6	147.212
11004	1673.76	147.211
11005	1673.91	147.211
11006	1674.07	147.209
11007	1674.23	147.207
11008	1674.4	147.197
11010	1674.71	147.193
11011	1674.88	147.191
11013	1675.2	147.186
11014	1675.35	147.185
11017	1675.83	147.179
11018	1675.99	147.179
11019	1676.15	147.174
11020	1676.31	147.17
11022	1676.64	147.168
11023	1676.84	147.167
11029	1677.79	147.165
11030	1677.95	147.162
11031	1678.11	147.159
11033	1678.42	147.157
11035	1678.75	147.156
11038	1679.23	147.156
11040	1679.55	147.156
11041	1679.71	147.156
11042	1679.87	147.149
11043	1680.03	147.147
11044	1680.19	147.144
11045	1680.35	147.142
11047	1680.66	147.14
11048	1680.82	147.139
11049	1680.98	147.137
11050	1681.14	147.127
11051	1681.3	147.122
11052	1681.46	147.12
11053	1681.62	147.116
11054	1681.78	147.113
11055	1681.94	147.104
11056	1682.09	147.103
11057	1682.25	147.099
11058	1682.42	147.098
11059	1682.58	147.097
11061	1682.9	147.091
11062	1683.06	147.085
11063	1683.22	147.084
11064	1683.38	147.081
11066	1683.7	147.078
11067	1683.86	147.077
11068	1684.02	147.076
11070	1684.33	147.075
11072	1684.72	147.074
11074	1685.05	147.072
11075	1685.21	147.069
11077	1685.54	147.065
11079	1685.86	147.061
11081	1686.19	147.052
11083	1686.5	147.048
11085	1686.82	147.042
11087	1687.14	147.042
11089	1687.47	147.04
11090	1687.63	147.038
11091	1687.79	147.022
11093	1688.11	147.019
11095	1688.43	147.017
11096	1688.59	147.008
11097	1688.75	147.007
11098	1688.9	147.007
11100	1689.23	146.923
11101	1689.39	146.922
11103	1689.7	146.92
11104	1689.86	146.913
11106	1690.18	146.911
11109	1690.66	146.909
11110	1690.82	146.908
11111	1690.98	146.898
11112	1691.14	146.884
11113	1691.3	146.88
11114	1691.46	146.88
11115	1691.62	146.872
11119	1692.26	146.852
11121	1692.57	146.849
11123	1692.89	146.845
11124	1693.05	146.841
11125	1693.21	146.83
11126	1693.37	146.826
11127	1693.57	146.816
11128	1693.73	146.81
11129	1693.88	146.806
11131	1694.2	146.794
11132	1694.41	146.793
11133	1694.57	146.785
11134	1694.73	146.785
11136	1695.06	146.781
11137	1695.21	146.779
11139	1695.54	146.767
11140	1695.7	146.764
11141	1695.86	146.762
11142	1696.02	146.76
11143	1696.18	146.76
11144	1696.33	146.748
11145	1696.49	146.746
11148	1696.97	146.745
11149	1697.14	146.74
11150	1697.3	146.734
11154	1695.5	146.732
11156	1695.82	146.727
11157	1695.97	146.723
11158	1696.13	146.722
11159	1696.29	146.718
11160	1696.45	146.715
11161	1696.61	146.711
11163	1696.93	146.704
11165	1697.25	146.703
11166	1697.41	146.588
11167	1697.57	146.573
11168	1697.73	146.563
11169	1697.89	146.558
11170	1698.05	146.556
11171	1698.21	146.556
11172	1698.37	146.555
11173	1698.53	146.553
11175	1698.85	146.547
11181	1699.82	146.535
11182	1699.98	146.532
11183	1700.14	146.525
11184	1700.31	146.517
11185	1700.46	146.516
11186	1700.62	146.512
11188	1700.94	146.512
11189	1701.1	146.508
11190	1701.26	146.506
11191	1701.42	146.502
11193	1701.74	146.494
11197	1702.43	146.492
11198	1702.59	146.49
11200	1702.91	146.482
11201	1703.07	146.466
11203	1703.39	146.46
11207	1704.03	146.459
11208	1704.19	146.448
11210	1704.5	146.448
11211	1704.66	146.437
11212	1704.82	146.432
11214	1705.14	146.432
11216	1705.48	146.43
11218	1705.8	146.414
11219	1705.97	146.406
11220	1706.13	146.405
11221	1706.29	146.402
11222	1706.45	146.4
11223	1706.61	146.392
11229	1707.56	146.39
11231	1707.88	146.39
11232	1708.04	146.387
11234	1708.36	146.378
11236	1708.67	146.371
11237	1708.84	146.369
11238	1709	146.365
11239	1709.16	146.364
11241	1709.48	146.362
11243	1709.79	146.354
11244	1709.95	146.354
11245	1710.11	146.351
11246	1710.27	146.349
11247	1710.43	146.341
11248	1710.59	146.337
11249	1710.75	146.333
11250	1710.91	146.329
11251	1711.08	146.329
11252	1711.23	146.322
11254	1711.55	146.321
11255	1711.71	146.319
11256	1711.87	146.319
11257	1712.03	146.315
11258	1712.2	146.309
11259	1712.36	146.306
11260	1712.52	146.302
11262	1712.84	146.299
11266	1713.48	146.289
11269	1713.95	146.288
11270	1714.11	146.285
11272	1714.44	146.285
11274	1714.77	146.277
11275	1714.93	146.274
11276	1715.09	146.271
11277	1715.25	146.256
11278	1715.41	146.254
11280	1715.73	146.252
11283	1716.2	146.244
11285	1716.52	146.239
11286	1716.68	146.239
11288	1717	146.227
11289	1717.16	146.225
11291	1717.48	146.223
11292	1717.64	146.221
11293	1717.8	146.22
11295	1718.12	146.216
11296	1718.38	146.215
11297	1718.54	146.199
11299	1718.87	146.195
11300	1719.04	146.194
11301	1719.2	146.188
11302	1719.36	146.187
11303	1719.52	146.184
11304	1719.68	146.176
11306	1720	146.172
11308	1720.33	146.169
11309	1720.49	146.166
11310	1720.65	146.165
11311	1720.81	146.165
11312	1721.02	146.164
11314	1721.42	146.162
11315	1721.61	146.161
11316	1721.78	146.157
11317	1721.94	146.157
11318	1722.11	146.156
11319	1722.27	146.153
11323	1722.94	146.151
11327	1723.6	146.132
11329	1723.92	146.131
11330	1724.08	146.13
11331	1724.24	146.129
11333	1724.56	146.126
11335	1724.89	146.124
11336	1725.05	146.115
11337	1725.22	146.111
11338	1725.38	146.106
11339	1725.54	146.1
11340	1725.7	146.096
11341	1725.87	146.094
11342	1726.03	146.088
11343	1726.24	146.086
11344	1726.41	146.075
11346	1726.73	146.074
11349	1724.74	146.07
11351	1725.06	146.066
11352	1725.22	146.058
11353	1725.38	146.057
11354	1725.55	146.042
11355	1725.71	146.039
11356	1725.87	146.034
11358	1726.2	146.025
11359	1726.36	146.024
11360	1726.52	146.013
11362	1726.84	146.011
11363	1727	146.007
11366	1727.49	146.003
11367	1727.65	146
11369	1727.98	145.999
11372	1728.47	145.999
11373	1728.64	145.983
11374	1728.8	145.983
11378	1729.45	145.974
11380	1729.77	145.974
11384	1730.41	145.961
11386	1730.73	145.944
11387	1730.9	145.942
11389	1731.22	145.926
11390	1731.38	145.924
11391	1731.54	145.919
11392	1731.7	145.916
11394	1732.02	145.914
11395	1732.18	145.91
11397	1732.5	145.91
11398	1732.67	145.838
11399	1732.83	145.832
11400	1732.99	145.822
11401	1733.15	145.821
11402	1733.31	145.82
11404	1733.63	145.817
11405	1733.79	145.812
11407	1734.11	145.811
11408	1734.27	145.809
11409	1734.43	145.806
11414	1735.24	145.805
11415	1735.4	145.762
11416	1735.56	145.758
11417	1735.72	145.731
11422	1736.54	145.73
11423	1736.7	145.728
11425	1737.03	145.726
11427	1737.35	145.725
11428	1737.51	145.721
11433	1738.31	145.714
11434	1738.48	145.713
11435	1738.64	145.712
11436	1738.8	145.71
11438	1739.12	145.709
11440	1739.45	145.709
11443	1739.95	145.694
11448	1740.76	145.693
11449	1740.93	145.692
11450	1741.09	145.691
11451	1741.25	145.645
11453	1741.57	145.643
11454	1741.74	145.64
11455	1741.9	145.638
11456	1742.06	145.638
11457	1742.22	145.635
11458	1742.39	145.634
11461	1742.87	145.628
11465	1743.52	145.627
11466	1743.68	145.613
11468	1744	145.608
11471	1744.48	145.605
11473	1744.8	145.604
11474	1744.96	145.601
11477	1745.44	145.6
11478	1745.6	145.599
11479	1745.77	145.582
11480	1745.93	145.578
11483	1746.41	145.552
11485	1746.73	145.483
11487	1747.05	145.479
11490	1747.55	145.478
11492	1747.87	145.476
11495	1748.37	145.462
11496	1748.53	145.449
11497	1748.69	145.448
11500	1749.17	145.448
11502	1749.5	145.445
11503	1749.66	145.443
11505	1749.98	145.441
11508	1750.47	145.429
11511	1750.95	145.418
11512	1751.11	145.416
11513	1751.27	145.415
11514	1751.43	145.414
11516	1751.76	145.409
11517	1751.91	145.408
11518	1752.07	145.402
11519	1752.24	145.358
11520	1752.4	145.357
11525	1753.21	145.357
11526	1753.38	145.35
11528	1753.7	145.343
11530	1754.06	145.322
11531	1754.24	145.322
11532	1754.41	145.319
11534	1754.74	145.319
11535	1754.9	145.318
11537	1755.22	145.314
11541	1755.88	145.312
11542	1756.04	145.31
11543	1756.21	145.301
11544	1756.37	145.294
11545	1756.54	145.293
11546	1756.7	145.289
11547	1756.86	145.284
11553	1755.37	145.282
11555	1755.7	145.282
11556	1755.87	145.278
11557	1756.03	145.273
11559	1756.37	145.271
11560	1756.53	145.269
11561	1756.7	145.268
11562	1756.87	145.266
11563	1757.03	145.258
11564	1757.19	145.255
11565	1757.36	145.237
11566	1757.52	145.233
11568	1757.85	145.216
11570	1758.26	145.211
11571	1758.43	145.211
11572	1758.59	145.206
11574	1758.93	145.193
11575	1759.09	145.171
11577	1759.42	145.169
11578	1759.59	145.168
11579	1759.76	145.167
11580	1759.93	145.151
11581	1760.11	145.149
11582	1760.28	145.148
11583	1760.47	145.107
11584	1760.64	145.094
11585	1760.81	145.074
11587	1761.14	145.074
11588	1761.31	145.07
11589	1761.48	145.068
11590	1761.65	145.061
11591	1761.81	145.06
11593	1762.14	145.052
11594	1762.31	145.05
11596	1762.64	145.044
11598	1762.96	145.043
11599	1763.12	145.009
11600	1763.28	144.897
11601	1763.45	144.882
11603	1763.77	144.867
11604	1763.93	144.867
11605	1764.1	144.845
11609	1764.73	144.844
11610	1764.89	144.806
11612	1765.23	144.802
11613	1765.39	144.79
11616	1765.93	144.782
11617	1766.09	144.769
11619	1766.42	144.766
11621	1766.75	144.763
11623	1767.07	144.66
11624	1767.23	144.654
11625	1767.39	144.653
11626	1767.55	144.651
11627	1767.71	144.622
11628	1767.87	144.609
11630	1768.2	144.596
11631	1768.36	144.594
11632	1768.52	144.589
11633	1768.68	144.587
11634	1768.84	144.583
11635	1769	144.581
11636	1769.17	144.576
11639	1769.65	144.575
11641	1769.97	144.568
11644	1770.44	144.55
11645	1770.61	144.548
11649	1771.25	144.545
11650	1771.41	144.542
11651	1771.57	144.54
11653	1771.89	144.524
11655	1772.21	144.503
11657	1772.53	144.494
11658	1772.69	144.49
11659	1772.85	144.485
11660	1773.02	144.479
11663	1773.51	144.476
11664	1773.66	144.471
11665	1773.82	144.47
11666	1773.98	144.47
11670	1774.63	144.464
11671	1774.79	144.462
11672	1774.95	144.461
11674	1775.27	144.459
11675	1775.43	144.454
11676	1775.59	144.452
11678	1775.91	144.449
11679	1776.07	144.448
11681	1776.39	144.444
11682	1776.55	144.436
11684	1776.88	144.436
11689	1777.68	144.432
11690	1777.84	144.43
11692	1778.15	144.42
11693	1778.32	144.414
11694	1778.48	144.411
11696	1778.84	144.409
11704	1780.12	144.402
11706	1780.44	144.401
11708	1780.77	144.392
11709	1780.93	144.386
11710	1781.09	144.385
11712	1781.41	144.38
11713	1781.57	144.378
11715	1781.89	144.378
11716	1782.06	144.374
11717	1782.22	144.372
11724	1783.36	144.354
11727	1783.84	144.353
11728	1784	144.352
11730	1784.32	144.348
11731	1784.48	144.342
11732	1784.64	144.342
11733	1784.8	144.338
11735	1785.12	144.228
11736	1785.29	144.227
11740	1785.93	144.226
11741	1786.08	144.226
11745	1784.25	144.223
11746	1784.41	144.222
11750	1785.05	144.216
11756	1786.02	144.216
11758	1786.35	144.208
11759	1786.51	144.208
11762	1787.03	144.199
11763	1787.2	144.198
11767	1787.85	144.159
11769	1788.18	144.158
11770	1788.34	144.156
11771	1788.5	144.155
11774	1788.98	144.154
11775	1789.14	144.149
11776	1789.3	144.147
11777	1789.46	144.132
11780	1789.95	144.111
11782	1790.26	144.106
11783	1790.43	144.102
11784	1790.59	144.101
11787	1791.07	144.094
11788	1791.24	143.991
11790	1791.56	143.99
11794	1792.2	143.989
11796	1792.53	143.982
11800	1793.17	143.976
11802	1793.49	143.964
11804	1793.82	143.941
11805	1793.98	143.939
11811	1794.96	143.908
11815	1795.6	143.906
11816	1795.77	143.898
11820	1796.45	143.893
11821	1796.64	143.878
11822	1796.8	143.872
11826	1797.45	143.861
11831	1798.27	143.797
11833	1798.6	143.785
11840	1799.72	143.782
11842	1800.04	143.779
11847	1800.85	143.775
11849	1801.17	143.758
11851	1801.53	143.748
11857	1802.5	143.731
11864	1803.64	143.704
11865	1803.8	143.692
11866	1803.97	143.686
11867	1804.13	143.651
11870	1804.61	143.64
11873	1805.09	143.639
11876	1805.58	143.633
11881	1806.39	143.624
11887	1807.36	143.338
11889	1807.68	143.321
11891	1808	143.305
11892	1808.16	143.294
11894	1808.51	143.294
11899	1809.32	143.162
11902	1809.79	143.057
11903	1809.95	143.054
11907	1810.59	143.053
11913	1811.56	143.049
11928	1813.97	143.049
11930	1814.29	143.046
11936	1815.26	143.041
11941	1816.07	143.031
11946	1814.38	143.03
11947	1814.54	143.029
11951	1815.18	143.019
11953	1815.5	143.002
11962	1816.99	142.999
11966	1817.71	142.997
11979	1819.78	142.993
11981	1820.1	142.844
11984	1820.58	142.837
11988	1821.22	142.835
11990	1821.54	142.831
11991	1821.7	142.829
11992	1821.86	142.828
11994	1822.18	142.779
11998	1822.82	142.743
12000	1823.14	142.721
12001	1823.3	142.71
12003	1823.62	142.693
12004	1823.78	142.692
12005	1823.94	142.692
12006	1824.1	142.687
12007	1824.27	142.686
12008	1824.43	142.684
12009	1824.59	142.679
12010	1824.75	142.678
12011	1824.91	142.675
12013	1825.23	142.67
12014	1825.39	142.661
12015	1825.55	142.661
12016	1825.71	142.661
12017	1825.87	142.653
12019	1826.2	142.652
12020	1826.36	142.651
12021	1826.52	142.65
12023	1826.84	142.65
12025	1827.16	142.648
12027	1827.48	142.647
12029	1827.8	142.646
12030	1827.96	142.644
12039	1829.4	142.641
12040	1829.56	142.64
12042	1829.88	142.632
12043	1830.04	142.629
12045	1830.36	142.628
12047	1830.69	142.628
12050	1831.17	142.628
12051	1831.33	142.624
12054	1831.81	142.622
12055	1831.98	142.617
12056	1832.13	142.617
12057	1832.29	142.615
12059	1832.62	142.613
12061	1832.94	142.599
12062	1833.1	142.594
12063	1833.26	142.588
12064	1833.42	142.586
12065	1833.58	142.585
12066	1833.74	142.582
12067	1833.9	142.574
12068	1834.06	142.573
12070	1834.38	142.573
12074	1835.02	142.57
12075	1835.19	142.568
12077	1835.5	142.566
12078	1835.66	142.564
12079	1835.82	142.563
12081	1836.14	142.508
12083	1836.46	142.505
12088	1837.28	142.485
12090	1837.6	142.484
12091	1837.76	142.478
12093	1838.08	142.478
12095	1838.4	142.476
12096	1838.56	142.465
12097	1838.72	142.464
12100	1839.2	142.464
12101	1839.36	142.451
12102	1839.52	142.451
12103	1839.68	142.449
12106	1840.16	142.448
12109	1840.64	142.438
12111	1840.96	142.433
12112	1841.12	142.424
12113	1841.28	142.421
12115	1841.6	142.419
12121	1842.57	142.414
12122	1842.73	142.414
12123	1842.89	142.412
12124	1843.05	142.409
12125	1843.21	142.405
12127	1843.53	142.398
12131	1844.17	142.389
12132	1844.33	142.388
12133	1844.49	142.382
12134	1844.65	142.381
12136	1844.98	142.377
12139	1845.46	142.368
12140	1845.62	142.367
12141	1845.77	142.363
12142	1845.93	142.347
12143	1846.09	142.347
12144	1846.25	142.33
12146	1844.09	142.329
12148	1844.42	142.328
12149	1844.57	142.326
12151	1844.89	142.325
12153	1845.22	142.324
12154	1845.38	142.319
12155	1845.54	142.318
12156	1845.7	142.31
12157	1845.89	142.305
12158	1846.05	142.295
12160	1846.37	142.294
12161	1846.53	142.285
12163	1846.86	142.275
12164	1847.02	142.274
12165	1847.17	142.271
12166	1847.33	142.269
12169	1847.82	142.264
12170	1847.98	142.262
12172	1848.31	142.262
12175	1848.79	142.259
12181	1849.75	142.251
12182	1849.91	142.25
12184	1850.23	142.238
12185	1850.39	142.237
12186	1850.55	142.236
12188	1850.88	142.233
12191	1851.36	142.229
12192	1851.53	142.225
12193	1851.69	142.223
12198	1852.48	142.222
12200	1852.8	142.216
12201	1852.96	142.21
12206	1853.76	142.207
12207	1853.97	142.203
12208	1854.13	142.195
12211	1854.61	142.186
12212	1854.77	142.185
12215	1855.25	142.183
12216	1855.41	142.181
12217	1855.58	142.18
12218	1855.75	142.174
12219	1855.92	142.138
12220	1856.08	142.133
12222	1856.41	142.13
12223	1856.57	142.121
12224	1856.74	142.121
12225	1856.9	142.12
12231	1857.87	142.119
12232	1858.03	142.113
12234	1858.35	142.039
12236	1858.69	142.036
12238	1859.01	142.033
12239	1859.17	142.031
12241	1859.49	142.029
12243	1859.81	142.017
12246	1860.29	142.016
12247	1860.45	142.01
12248	1860.61	142.007
12249	1860.77	142.003
12250	1860.93	141.992
12251	1861.09	141.991
12254	1861.65	141.988
12255	1861.81	141.987
12256	1861.98	141.984
12258	1862.31	141.97
12260	1862.64	141.964
12261	1862.81	141.964
12262	1862.98	141.961
12266	1863.65	141.957
12268	1863.97	141.957
12272	1864.63	141.956
12273	1864.8	141.948
12274	1864.96	141.943
12276	1865.28	141.938
12277	1865.44	141.931
12278	1865.6	141.927
12280	1865.93	141.927
12282	1866.25	141.926
12283	1866.41	141.901
12285	1866.73	141.898
12286	1866.89	141.895
12288	1867.21	141.888
12289	1867.36	141.884
12291	1867.71	141.882
12292	1867.87	141.878
12293	1868.03	141.875
12295	1868.35	141.871
12296	1868.51	141.869
12297	1868.67	141.862
12300	1869.15	141.83
12301	1869.31	141.827
12304	1869.79	141.821
12307	1870.27	141.819
12310	1870.75	141.816
12312	1871.07	141.814
12315	1871.54	141.813
12316	1871.7	141.812
12319	1872.18	141.811
12323	1872.83	141.811
12324	1872.99	141.808
12327	1873.47	141.794
12329	1873.79	141.791
12330	1873.95	141.791
12331	1874.11	141.789
12333	1874.43	141.787
12335	1874.75	141.784
12336	1874.91	141.779
12337	1875.07	141.765
12339	1875.39	141.723
12340	1875.55	141.72
12341	1875.7	141.719
12342	1875.86	141.713
12344	1876.18	141.703
12346	1874.04	141.702
12349	1874.52	141.698
12353	1875.19	141.697
12354	1875.35	141.686
12355	1875.51	141.683
12356	1875.67	141.678
12358	1875.98	141.672
12359	1876.15	141.671
12360	1876.31	141.67
12363	1876.79	141.663
12366	1877.27	141.662
12367	1877.43	141.662
12369	1877.75	141.662
12372	1878.23	141.661
12373	1878.39	141.646
12374	1878.55	141.645
12376	1878.87	141.643
12378	1879.19	141.624
12379	1879.35	141.617
12380	1879.51	141.617
12384	1880.15	141.606
12387	1880.63	141.603
12390	1881.11	141.603
12391	1881.27	141.601
12392	1881.43	141.599
12395	1881.91	141.596
12396	1882.07	141.594
12398	1882.39	141.586
12399	1882.55	141.581
12400	1882.71	141.576
12405	1883.5	141.568
12407	1883.83	141.568
12409	1884.14	141.566
12414	1884.95	141.508
12415	1885.1	141.501
12417	1885.42	141.485
12419	1885.74	141.483
12421	1886.06	141.482
12422	1886.22	141.481
12423	1886.39	141.48
12425	1886.71	141.479
12427	1887.03	141.479
12429	1887.35	141.471
12430	1887.51	141.47
12433	1888	141.464
12434	1888.16	141.464
12435	1888.32	141.463
12438	1888.8	141.459
12440	1889.12	141.415
12441	1889.28	141.41
12442	1889.44	141.409
12443	1889.6	141.403
12444	1889.76	141.401
12445	1889.92	141.4
12448	1890.4	141.399
12451	1890.88	141.391
12453	1891.21	141.388
12454	1891.37	141.383
12455	1891.53	141.38
12456	1891.69	141.38
12457	1891.85	141.359
12458	1892.01	141.356
12460	1892.34	141.356
12464	1893.04	141.355
12465	1893.19	141.349
12466	1893.35	141.33
12468	1893.67	141.323
12469	1893.83	141.225
12470	1893.99	141.169
12471	1894.15	141.166
12473	1894.47	141.166
12474	1894.63	141.16
12477	1895.13	141.157
12478	1895.29	141.156
12479	1895.45	141.144
12480	1895.61	141.143
12482	1895.93	141.141
12483	1896.1	141.109
12485	1896.42	141.077
12488	1896.9	141.076
12490	1897.22	141.076
12492	1897.54	141.073
12494	1897.86	141.067
12495	1898.02	141.066
12496	1898.18	141.053
12500	1898.82	141.053
12501	1898.98	141.052
12502	1899.14	141.051
12504	1899.46	141.05
12506	1899.78	141.048
12507	1899.94	141.048
12508	1900.1	141.044
12511	1900.65	141.017
12512	1900.81	141.017
12513	1900.98	141.013
12517	1901.62	141.013
12518	1901.78	140.992
12519	1901.94	140.969
12520	1902.1	140.968
12524	1902.74	140.967
12526	1903.06	140.962
12528	1903.38	140.961
12530	1903.7	140.941
12531	1903.86	140.941
12532	1904.02	140.939
12534	1904.34	140.937
12535	1904.5	140.937
12537	1904.82	140.933
12542	1905.62	140.931
12543	1905.78	140.916
12546	1903.78	140.911
12547	1903.94	140.909
12548	1904.1	140.902
12553	1904.89	140.9
12554	1905.05	140.9
12555	1905.22	140.899
12556	1905.37	140.897
12557	1905.54	140.892
12559	1905.86	140.882
12560	1906.02	140.867
12562	1906.34	140.863
12564	1906.67	140.863
12565	1906.83	140.838
12566	1906.98	140.836
12568	1907.31	140.823
12569	1907.47	140.822
12570	1907.63	140.814
12571	1907.79	140.814
12572	1907.95	140.81
12574	1908.27	140.806
12575	1908.43	140.799
12576	1908.59	140.797
12580	1909.23	140.788
12581	1909.39	140.787
12583	1909.71	140.775
12584	1909.87	140.775
12586	1910.2	140.774
12587	1910.36	140.774
12588	1910.52	140.77
12589	1910.68	140.762
12590	1910.84	140.757
12591	1911	140.757
12597	1912	140.748
12598	1912.16	140.74
12599	1912.32	140.708
12600	1912.48	140.703
12602	1912.8	140.702
12609	1913.92	140.701
12610	1914.08	140.666
12611	1914.25	140.662
12612	1914.41	140.657
12613	1914.57	140.646
12616	1915.05	140.637
12617	1915.21	140.634
12618	1915.37	140.633
12619	1915.53	140.629
12623	1916.17	140.538
12625	1916.49	140.536
12626	1916.65	140.533
12627	1916.81	140.506
12628	1916.97	140.496
12630	1917.29	140.488
12631	1917.46	140.483
12632	1917.61	140.479
12633	1917.77	140.478
12635	1918.09	140.451
12636	1918.25	140.447
12638	1918.57	140.446
12644	1919.59	140.434
12649	1920.4	140.43
12651	1920.72	140.429
12652	1920.88	140.426
12655	1921.37	140.408
12657	1921.69	140.397
12658	1921.85	140.389
12665	1923.02	140.383
12666	1923.19	140.382
12667	1923.35	140.375
12668	1923.51	140.369
12669	1923.67	140.368
12671	1923.99	140.368
12672	1924.15	140.367
12673	1924.31	140.366
12674	1924.47	140.363
12675	1924.63	140.348
12677	1924.95	140.348
12681	1925.6	140.33
12683	1925.94	140.326
12684	1926.1	140.324
12689	1926.9	140.317
12690	1927.06	140.312
12692	1927.38	140.298
12693	1927.54	140.248
12696	1928.03	140.245
12701	1928.9	140.243
12704	1929.44	140.239
12705	1929.6	140.238
12706	1929.76	140.238
12708	1930.08	140.207
12709	1930.25	140.202
12712	1930.75	140.2
12713	1930.92	140.199
12716	1931.41	140.193
12717	1931.58	140.19
12720	1932.06	140.19
12722	1932.38	140.188
12724	1932.72	140.173
12726	1933.04	140.168
12728	1933.36	140.166
12730	1933.68	140.165
12731	1933.84	140.159
12733	1934.16	140.132
12735	1934.48	140.031
12740	1935.28	140.031
12741	1935.43	140.03
12745	1933.59	140.028
12747	1933.92	140
12748	1934.08	139.995
12750	1934.4	139.992
12756	1935.36	139.992
12759	1935.83	139.988
12762	1936.3	139.979
12763	1936.46	139.978
12766	1936.93	139.972
12767	1937.09	139.958
12768	1937.25	139.957
12769	1937.41	139.957
12775	1938.4	139.954
12776	1938.56	139.954
12777	1938.72	139.93
12780	1939.19	139.909
12782	1939.51	139.905
12784	1939.83	139.904
12788	1940.47	139.883
12798	1942.09	139.731
12799	1942.28	139.693
12800	1942.45	139.687
12802	1942.78	139.677
12804	1943.1	139.657
12811	1944.24	139.631
12816	1945.04	139.624
12820	1945.69	139.621
12821	1945.85	139.604
12822	1946.02	139.603
12826	1946.66	139.593
12827	1946.87	139.583
12828	1947.03	139.571
12831	1947.51	139.522
12833	1947.83	139.514
12840	1948.96	139.508
12846	1949.92	139.507
12848	1950.24	139.502
12849	1950.41	139.488
12851	1950.72	139.481
12857	1951.68	139.465
12864	1952.81	139.442
12865	1952.98	139.438
12867	1953.3	139.4
12869	1953.62	139.398
12870	1953.78	139.391
12876	1954.74	139.389
12881	1955.55	139.383
12886	1956.42	139.381
12887	1956.58	139.375
12889	1956.9	139.367
12895	1957.87	139.363
12898	1958.34	139.363
12899	1958.51	139.296
12902	1958.99	139.28
12913	1960.77	139.276
12916	1961.31	139.272
12928	1963.29	139.271
12936	1964.61	139.271
12953	1964.94	139.263
12960	1966.07	139.26
12962	1966.39	139.259
12964	1966.71	139.256
12966	1967.04	139.254
12981	1969.5	139.148
12984	1969.98	139.14
12994	1971.57	139.139
12998	1972.27	139.126
13000	1972.59	139.112
13001	1972.82	139.106
13003	1973.14	139.1
13004	1973.3	139.099
13005	1973.46	139.099
13006	1973.62	139.096
13007	1973.78	139.092
13008	1973.94	139.092
13009	1974.1	139.088
13010	1974.26	139.087
13011	1974.42	139.083
13013	1974.74	139.073
13014	1974.9	139.073
13015	1975.06	139.07
13017	1975.38	139.06
13019	1975.71	139.06
13020	1975.87	139.058
13021	1976.03	139.055
13022	1976.19	139.054
13023	1976.35	139.054
13027	1977	139.053
13030	1977.49	139.052
13031	1977.65	139.05
13033	1977.97	139.048
13034	1978.13	139.047
13039	1978.93	139.046
13040	1979.1	139.046
13042	1979.42	139.041
13043	1979.58	139.04
13044	1979.74	139.038
13045	1979.9	139.035
13047	1980.23	139.032
13050	1980.71	139.031
13051	1980.87	139.03
13053	1981.19	139.026
13054	1981.35	139.025
13055	1981.52	139.021
13058	1982.01	139.018
13060	1982.33	139.011
13061	1982.49	139.01
13062	1982.68	139.008
13063	1982.84	139.004
13065	1983.16	139.004
13066	1983.32	139.002
13067	1983.48	138.998
13069	1983.81	138.997
13070	1983.97	138.989
13074	1984.61	138.987
13075	1984.77	138.985
13077	1985.09	138.984
13079	1985.41	138.983
13081	1985.73	138.939
13083	1986.06	138.935
13088	1986.86	138.93
13089	1987.02	138.929
13090	1987.18	138.925
13091	1987.34	138.921
13094	1987.82	138.921
13095	1987.98	138.92
13100	1988.82	138.919
13101	1988.98	138.916
13102	1989.14	138.916
13103	1989.3	138.915
13106	1989.78	138.915
13108	1990.1	138.853
13109	1990.26	138.851
13111	1990.58	138.844
13112	1990.74	138.828
13113	1990.9	138.823
13114	1991.06	138.82
13115	1991.23	138.815
13119	1991.87	138.815
13121	1992.19	138.808
13122	1992.35	138.807
13123	1992.51	138.799
13124	1992.67	138.797
13125	1992.83	138.793
13126	1993	138.788
13128	1993.32	138.783
13129	1993.48	138.78
13131	1993.8	138.773
13133	1994.12	138.768
13136	1994.61	138.758
13139	1995.09	138.755
13140	1995.26	138.754
13142	1995.58	138.753
13144	1995.91	138.752
13145	1993.56	138.749
13146	1993.72	138.748
13150	1994.36	138.746
13153	1994.84	138.733
13154	1995	138.727
13155	1995.17	138.72
13156	1995.33	138.717
13158	1995.65	138.713
13159	1995.82	138.712
13160	1995.97	138.71
13161	1996.13	138.704
13162	1996.29	138.704
13165	1996.77	138.699
13166	1996.94	138.688
13168	1997.25	138.686
13169	1997.41	138.68
13170	1997.57	138.679
13171	1997.73	138.678
13172	1997.89	138.677
13173	1998.06	138.675
13175	1998.38	138.668
13178	1998.86	138.667
13180	1999.18	138.666
13181	1999.34	138.655
13184	1999.82	138.646
13185	1999.99	138.646
13186	2000.15	138.642
13188	2000.47	138.639
13189	2000.63	138.638
13191	2000.95	138.633
13193	2001.28	138.624
13194	2001.44	138.623
13199	2002.25	138.622
13200	2002.42	138.617
13201	2002.61	138.6
13206	2003.42	138.596
13207	2003.58	138.594
13208	2003.74	138.581
13213	2004.54	138.58
13215	2004.86	138.579
13216	2005.02	138.575
13217	2005.18	138.554
13218	2005.34	138.549
13219	2005.51	138.527
13220	2005.67	138.525
13221	2005.83	138.523
13222	2005.99	138.522
13223	2006.16	138.516
13224	2006.32	138.516
13231	2007.45	138.514
13232	2007.61	138.498
13234	2007.94	138.473
13236	2008.26	138.467
13238	2008.58	138.461
13239	2008.75	138.461
13241	2009.07	138.46
13243	2009.39	138.375
13244	2009.55	138.375
13246	2009.87	138.375
13247	2010.03	138.372
13248	2010.19	138.369
13250	2010.52	138.361
13251	2010.68	138.357
13254	2011.19	138.355
13255	2011.36	138.353
13258	2011.83	138.34
13259	2012	138.337
13260	2012.15	138.33
13261	2012.31	138.33
13262	2012.47	138.327
13266	2013.11	138.326
13267	2013.28	138.322
13268	2013.44	138.32
13269	2013.6	138.32
13271	2013.93	138.315
13272	2014.09	138.314
13273	2014.25	138.314
13274	2014.41	138.31
13276	2014.74	138.298
13277	2014.89	138.287
13278	2015.05	138.284
13280	2015.37	138.283
13283	2015.86	138.277
13285	2016.17	138.274
13288	2016.66	138.269
13289	2016.82	138.267
13290	2016.98	138.266
13291	2017.14	138.264
13292	2017.31	138.258
13293	2017.46	138.257
13295	2017.78	138.256
13297	2018.1	138.25
13299	2018.42	138.247
13300	2018.58	138.241
13304	2019.22	138.235
13308	2019.86	138.233
13315	2021	138.233
13316	2021.17	138.224
13317	2021.33	138.22
13323	2022.35	138.219
13326	2022.85	138.219
13327	2023.01	138.208
13329	2023.34	138.207
13332	2023.84	138.205
13333	2024.01	138.205
13335	2024.33	138.203
13336	2024.49	138.201
13337	2024.65	138.198
13339	2024.97	138.197
13340	2025.13	138.195
13341	2025.29	138.193
13342	2025.45	138.186
13343	2025.62	138.185
13344	2023.29	138.179
13346	2023.62	138.179
13347	2023.8	138.179
13348	2023.96	138.178
13349	2024.12	138.174
13351	2024.46	138.172
13353	2024.79	138.169
13354	2024.95	138.162
13356	2025.28	138.159
13358	2025.6	138.159
13359	2025.76	138.158
13360	2025.92	138.157
13364	2026.56	138.157
13366	2026.88	138.154
13367	2027.05	138.153
13368	2027.21	138.142
13370	2027.53	138.142
13371	2027.69	138.141
13373	2028.01	138.126
13374	2028.18	138.124
13376	2028.51	138.107
13377	2028.67	138.103
13378	2028.87	138.093
13383	2029.72	138.091
13384	2029.88	138.084
13385	2030.04	138.081
13387	2030.36	138.076
13390	2030.85	138.057
13391	2031.01	138.051
13392	2031.17	138.049
13395	2031.65	138.047
13396	2031.81	138.043
13398	2032.12	138.033
13399	2032.28	138.026
13400	2032.44	138.019
13402	2032.76	138.018
13403	2032.92	138.018
13405	2033.24	137.988
13407	2033.56	137.986
13408	2033.72	137.985
13409	2033.88	137.985
13412	2034.39	137.981
13415	2034.87	137.974
13417	2035.19	137.955
13418	2035.35	137.937
13421	2035.84	137.93
13422	2036	137.929
13423	2036.16	137.927
13429	2037.12	137.921
13430	2037.28	137.921
13433	2037.77	137.914
13437	2038.42	137.913
13438	2038.58	137.91
13440	2038.9	137.898
13442	2039.22	137.896
13443	2039.38	137.893
13448	2040.21	137.893
13449	2040.38	137.892
13451	2040.7	137.887
13455	2041.35	137.884
13457	2041.68	137.867
13458	2041.84	137.844
13461	2042.32	137.838
13466	2043.14	137.826
13467	2043.3	137.814
13468	2043.46	137.81
13469	2043.63	137.779
13470	2043.79	137.77
13473	2044.27	137.76
13477	2045	137.759
13478	2045.16	137.757
13480	2045.48	137.755
13483	2045.96	137.729
13485	2046.28	137.723
13489	2046.98	137.723
13490	2047.14	137.722
13491	2047.3	137.717
13496	2048.1	137.706
13500	2048.75	137.706
13506	2049.71	137.704
13508	2050.04	137.699
13509	2050.2	137.698
13511	2050.53	137.693
13512	2050.68	137.687
13518	2051.65	137.68
13520	2051.97	137.679
13521	2052.13	137.676
13526	2052.93	137.673
13528	2053.25	137.65
13530	2053.57	137.64
13531	2053.73	137.638
13532	2053.89	137.63
13534	2054.22	137.629
13535	2054.38	137.627
13537	2054.71	137.623
13538	2054.87	137.622
13541	2055.35	137.621
13542	2053.03	137.621
13543	2053.2	137.618
13546	2053.68	137.611
13549	2054.16	137.611
13550	2054.32	137.57
13553	2054.8	137.568
13555	2055.12	137.566
13556	2055.28	137.564
13557	2055.44	137.562
13560	2055.92	137.556
13561	2056.09	137.555
13562	2056.25	137.554
13564	2056.62	137.547
13565	2056.79	137.525
13566	2056.95	137.523
13568	2057.27	137.514
13570	2057.59	137.509
13572	2057.92	137.506
13574	2058.25	137.506
13575	2058.41	137.503
13576	2058.57	137.3
13578	2058.89	137.296
13579	2059.05	137.294
13580	2059.22	137.215
13582	2059.54	137.215
13583	2059.7	137.213
13585	2060.02	137.211
13587	2060.35	137.209
13588	2060.52	137.204
13590	2060.84	137.18
13591	2061	137.179
13594	2061.48	137.178
13598	2062.12	137.163
13599	2062.28	137.139
13600	2062.44	137.138
13610	2064.05	137.108
13611	2064.21	137.103
13612	2064.37	137.102
13614	2064.7	137.1
13619	2065.51	137.097
13623	2066.14	137.002
13624	2066.31	137.001
13627	2066.78	136.971
13628	2066.94	136.956
13631	2067.42	136.951
13632	2067.58	136.948
13633	2067.74	136.948
13634	2067.9	136.945
13635	2068.06	136.944
13636	2068.22	136.941
13637	2068.38	136.925
13639	2068.7	136.925
13644	2069.5	136.904
13651	2070.67	136.903
13654	2071.16	136.902
13655	2071.32	136.888
13657	2071.64	136.878
13658	2071.8	136.87
13659	2071.96	136.861
13663	2072.6	136.859
13666	2073.08	136.858
13667	2073.24	136.856
13671	2073.89	136.855
13672	2074.05	136.855
13673	2074.21	136.853
13675	2074.54	136.848
13676	2074.7	136.843
13681	2075.49	136.84
13684	2075.98	136.84
13689	2076.78	136.834
13690	2076.95	136.823
13692	2077.3	136.818
13693	2077.46	136.803
13696	2077.94	136.801
13701	2078.74	136.8
13704	2079.22	136.799
13706	2079.55	136.795
13709	2080.03	136.789
13713	2080.69	136.788
13715	2081	136.787
13716	2081.16	136.783
13718	2081.48	136.76
13720	2081.8	136.759
13724	2082.45	136.745
13726	2082.8	136.736
13728	2083.12	136.734
13731	2083.6	136.731
13733	2083.92	136.713
13735	2084.24	136.635
13736	2084.4	136.635
13740	2085.04	136.627
13741	2085.2	136.627
13745	2083.36	136.624
13746	2083.57	136.624
13748	2083.89	136.619
13750	2084.21	136.618
13753	2084.7	136.616
13754	2084.86	136.616
13761	2086.02	136.615
13762	2086.18	136.605
13763	2086.35	136.605
13765	2086.66	136.599
13767	2086.98	136.597
13771	2087.64	136.597
13777	2088.61	136.59
13780	2089.1	136.586
13782	2089.42	136.584
13784	2089.74	136.583
13785	2089.9	136.575
13788	2090.38	136.56
13789	2090.54	136.559
13790	2090.7	136.557
13793	2091.18	136.556
13800	2092.3	136.552
13802	2092.62	136.546
13804	2092.94	136.527
13810	2093.9	136.514
13811	2094.06	136.494
13816	2094.92	136.489
13820	2095.58	136.486
13821	2095.74	136.482
13826	2096.54	136.474
13827	2096.7	136.412
13828	2096.86	136.411
13831	2097.35	136.378
13832	2097.51	136.356
13833	2097.67	136.348
13834	2097.83	136.347
13846	2099.83	136.299
13847	2099.99	136.295
13848	2100.15	136.295
13849	2100.31	136.293
13851	2100.63	136.29
13853	2100.96	136.279
13855	2101.28	136.243
13857	2101.6	136.231
13859	2101.93	136.227
13864	2102.73	136.206
13866	2103.05	136.175
13869	2103.53	136.171
13870	2103.7	136.169
13875	2104.51	136.165
13880	2105.31	136.091
13881	2105.47	136.084
13882	2105.63	136.083
13887	2106.44	136.073
13894	2107.56	136.073
13895	2107.72	136.066
13897	2108.05	136.063
13899	2108.37	136.036
13902	2108.86	136.026
13908	2109.82	136.025
13913	2110.68	136.021
13916	2111.16	136.018
13926	2112.75	136.016
13939	2114.85	135.994
13944	2113.17	135.993
13948	2113.81	135.986
13953	2114.61	135.984
13956	2115.09	135.984
13960	2115.73	135.962
13961	2115.89	135.961
13962	2116.05	135.96
13966	2116.69	135.959
13971	2117.48	135.937
13976	2118.28	135.937
13977	2118.44	135.931
13981	2119.08	135.841
13987	2120.04	135.795
13988	2120.2	135.794
13991	2120.69	135.793
14000	2122.13	135.786
14001	2122.29	135.785
14002	2122.45	135.783
14003	2122.61	135.776
14004	2122.77	135.776
14005	2122.93	135.776
14006	2123.09	135.774
14007	2123.25	135.77
14008	2123.41	135.769
14011	2123.89	135.765
14013	2124.21	135.762
14014	2124.37	135.76
14016	2124.69	135.759
14017	2124.85	135.752
14023	2125.81	135.726
14024	2125.97	135.723
14025	2126.13	135.722
14027	2126.45	135.722
14030	2126.93	135.719
14031	2127.09	135.716
14037	2128.05	135.715
14038	2128.21	135.714
14039	2128.38	135.704
14040	2128.54	135.702
14042	2128.86	135.701
14043	2129.03	135.699
14044	2129.18	135.696
14045	2129.35	135.693
14047	2129.67	135.691
14048	2129.83	135.689
14050	2130.15	135.687
14053	2130.63	135.682
14055	2130.95	135.682
14056	2131.13	135.681
14058	2131.45	135.677
14060	2131.77	135.676
14061	2131.94	135.673
14062	2132.1	135.672
14063	2132.26	135.672
14065	2132.58	135.67
14066	2132.74	135.667
14068	2133.06	135.664
14069	2133.22	135.664
14070	2133.38	135.663
14072	2133.7	135.662
14074	2134.02	135.66
14075	2134.18	135.658
14077	2134.51	135.655
14081	2135.15	135.613
14083	2135.47	135.609
14085	2135.79	135.607
14088	2136.27	135.595
14091	2136.75	135.595
14093	2137.07	135.589
14097	2137.71	135.587
14098	2137.87	135.587
14099	2138.03	135.582
14100	2138.19	135.58
14101	2138.35	135.577
14102	2138.51	135.573
14103	2138.67	135.567
14108	2139.47	135.566
14109	2139.63	135.564
14111	2139.95	135.558
14112	2140.11	135.554
14113	2140.27	135.55
14114	2140.43	135.55
14115	2140.59	135.54
14119	2141.23	135.537
14121	2141.56	135.53
14123	2141.88	135.526
14124	2142.05	135.523
14125	2142.21	135.521
14126	2142.37	135.517
14127	2142.53	135.517
14131	2143.17	135.512
14133	2143.49	135.504
14134	2143.65	135.503
14136	2143.97	135.493
14139	2144.46	135.481
14140	2144.62	135.481
14142	2142.46	135.471
14144	2142.78	135.466
14145	2142.93	135.463
14146	2143.09	135.461
14148	2143.46	135.46
14150	2143.78	135.459
14151	2143.95	135.458
14152	2144.11	135.44
14153	2144.27	135.436
14154	2144.43	135.434
14155	2144.59	135.432
14156	2144.75	135.43
14159	2145.24	135.429
14160	2145.39	135.427
14161	2145.55	135.419
14162	2145.71	135.417
14163	2145.87	135.416
14165	2146.19	135.415
14166	2146.36	135.39
14168	2146.68	135.39
14169	2146.83	135.383
14170	2147	135.383
14171	2147.16	135.379
14172	2147.32	135.376
14174	2147.64	135.375
14175	2147.8	135.359
14178	2148.29	135.358
14180	2148.62	135.358
14181	2148.78	135.355
14182	2148.94	135.354
14183	2149.1	135.353
14184	2149.26	135.349
14185	2149.42	135.349
14186	2149.59	135.342
14187	2149.75	135.341
14191	2150.38	135.322
14192	2150.54	135.304
14193	2150.7	135.301
14200	2151.83	135.298
14201	2152	135.296
14206	2152.8	135.292
14208	2153.13	135.283
14212	2153.78	135.281
14216	2154.42	135.28
14218	2154.74	135.272
14219	2154.9	135.269
14220	2155.06	135.266
14221	2155.22	135.265
14222	2155.39	135.263
14223	2155.59	135.245
14227	2156.24	135.217
14231	2156.88	135.211
14232	2157.04	135.203
14234	2157.36	135.171
14236	2157.68	135.164
14238	2158	135.162
14239	2158.16	135.158
14243	2158.8	135.134
14244	2158.96	135.129
14245	2159.12	135.106
14246	2159.29	135.105
14247	2159.45	135.104
14248	2159.61	135.102
14249	2159.77	135.095
14250	2159.93	135.092
14251	2160.09	135.09
14253	2160.41	135.083
14254	2160.57	135.081
14255	2160.73	135.08
14258	2161.21	135.075
14259	2161.37	135.071
14260	2161.53	135.067
14261	2161.68	135.066
14262	2161.84	135.064
14263	2162	135.053
14266	2162.48	135.051
14271	2163.28	135.05
14272	2163.44	135.049
14274	2163.76	134.986
14276	2164.08	134.981
14277	2164.24	134.978
14280	2164.72	134.976
14283	2165.2	134.961
14285	2165.57	134.956
14288	2166.05	134.949
14289	2166.21	134.948
14291	2166.53	134.946
14292	2166.69	134.941
14293	2166.85	134.94
14300	2167.98	134.938
14302	2168.29	134.936
14304	2168.61	134.931
14315	2170.37	134.931
14316	2170.53	134.921
14317	2170.69	134.917
14319	2171.01	134.916
14323	2171.68	134.914
14327	2172.32	134.86
14329	2172.64	134.859
14330	2172.8	134.856
14332	2173.12	134.856
14333	2173.28	134.853
14335	2173.6	134.85
14336	2173.76	134.848
14337	2173.92	134.837
14339	2174.24	134.833
14340	2174.4	134.826
14341	2174.56	134.824
14342	2172.24	134.817
14343	2172.4	134.817
14344	2172.56	134.812
14346	2172.88	134.811
14347	2173.04	134.808
14348	2173.2	134.807
14349	2173.36	134.789
14350	2173.52	134.777
14353	2174	134.772
14354	2174.17	134.766
14355	2174.32	134.765
14356	2174.48	134.762
14357	2174.65	134.753
14360	2175.13	134.749
14362	2175.45	134.746
14364	2175.77	134.741
14367	2176.25	134.728
14369	2176.57	134.716
14370	2176.73	134.715
14371	2176.89	134.713
14372	2177.05	134.712
14373	2177.21	134.697
14374	2177.37	134.695
14376	2177.69	134.683
14377	2177.85	134.682
14378	2178.01	134.662
14380	2178.33	134.657
14383	2178.8	134.657
14384	2178.96	134.65
14390	2179.92	134.638
14391	2180.08	134.636
14392	2180.24	134.636
14395	2180.72	134.631
14396	2180.88	134.63
14400	2181.52	134.626
14402	2181.84	134.625
14405	2182.32	134.618
14407	2182.64	134.614
14414	2183.76	134.613
14415	2183.92	134.606
14417	2184.25	134.593
14418	2184.4	134.584
14421	2184.89	134.58
14422	2185.1	134.578
14423	2185.26	134.577
14429	2186.23	134.574
14431	2186.55	134.573
14432	2186.71	134.572
14433	2186.87	134.567
14434	2187.03	134.567
14435	2187.19	134.566
14437	2187.52	134.56
14438	2187.68	134.558
14440	2188	134.556
14442	2188.32	134.555
14443	2188.48	134.551
14449	2189.43	134.547
14451	2189.75	134.509
14454	2190.24	134.507
14455	2190.4	134.504
14456	2190.56	134.503
14457	2190.72	134.494
14458	2190.88	134.481
14461	2191.37	134.473
14465	2192.01	134.471
14466	2192.18	134.46
14467	2192.34	134.449
14468	2192.5	134.446
14470	2192.81	134.439
14473	2193.29	134.433
14477	2193.93	134.43
14478	2194.09	134.43
14480	2194.41	134.422
14483	2194.9	134.414
14484	2195.06	134.414
14485	2195.22	134.379
14486	2195.38	134.379
14490	2196.02	134.377
14491	2196.18	134.377
14494	2196.67	134.374
14496	2196.98	134.36
14498	2197.35	134.358
14500	2197.66	134.358
14501	2197.82	134.356
14508	2198.94	134.349
14509	2199.1	134.349
14511	2199.42	134.329
14512	2199.58	134.328
14513	2199.74	134.325
14520	2200.86	134.325
14525	2201.66	134.325
14526	2201.82	134.325
14528	2202.14	134.321
14530	2202.46	134.313
14531	2202.62	134.309
14532	2202.78	134.301
14534	2203.1	134.3
14535	2203.26	134.299
14537	2203.58	134.294
14541	2204.22	134.279
14542	2201.91	134.278
14544	2202.23	134.275
14546	2202.56	134.271
14551	2203.36	134.269
14555	2204.01	134.267
14556	2204.17	134.229
14557	2204.33	134.227
14560	2204.81	134.226
14561	2204.98	134.223
14562	2205.14	134.222
14564	2205.46	134.22
14565	2205.62	134.207
14568	2206.1	134.2
14569	2206.26	134.2
14572	2206.74	134.197
14574	2207.06	134.189
14575	2207.22	134.187
14576	2207.38	134.166
14580	2208.02	134.165
14583	2208.52	134.155
14585	2208.84	134.112
14586	2209	134.11
14588	2209.32	134.108
14589	2209.49	134.106
14590	2209.65	134.096
14591	2209.81	134.095
14592	2209.96	134.094
14596	2210.61	134.083
14598	2210.93	134.07
14599	2211.08	134.046
14600	2211.25	134.046
14606	2212.21	134.044
14610	2212.85	134.024
14612	2213.17	134.023
14614	2213.49	134.022
14619	2214.3	134.021
14622	2214.78	134.018
14623	2214.94	133.951
14625	2215.26	133.951
14627	2215.59	133.946
14628	2215.75	133.938
14631	2216.23	133.934
14632	2216.4	133.926
14636	2217.06	133.923
14637	2217.22	133.92
14639	2217.55	133.917
14644	2218.34	133.888
14645	2218.5	133.883
14648	2218.99	133.875
14649	2219.15	133.873
14654	2219.95	133.871
14655	2220.11	133.861
14657	2220.43	133.853
14658	2220.59	133.846
14659	2220.75	133.835
14663	2221.41	133.832
14666	2221.89	133.831
14667	2222.06	133.827
14671	2222.71	133.826
14673	2223.04	133.823
14675	2223.36	133.817
14681	2224.33	133.807
14684	2224.85	133.806
14689	2225.66	133.802
14690	2225.82	133.799
14692	2226.14	133.799
14693	2226.3	133.789
14696	2226.79	133.787
14699	2227.27	133.787
14701	2227.59	133.783
14703	2227.92	133.781
14704	2228.08	133.78
14706	2228.4	133.772
14709	2228.89	133.771
14713	2229.54	133.77
14715	2229.86	133.769
14716	2230.02	133.766
14718	2230.35	133.764
14720	2230.67	133.764
14724	2231.31	133.748
14728	2231.96	133.747
14730	2232.32	133.744
14731	2232.47	133.739
14733	2232.79	133.736
14735	2233.11	133.684
14736	2233.27	133.683
14741	2234.08	133.683
14745	2232.23	133.681
14748	2232.72	133.679
14750	2233.04	133.676
14754	2233.68	133.673
14761	2234.81	133.664
14762	2234.96	133.654
14763	2235.13	133.652
14771	2236.41	133.649
14777	2237.4	133.645
14780	2237.9	133.643
14784	2238.61	133.642
14785	2238.77	133.637
14787	2239.1	133.635
14789	2239.43	133.635
14792	2239.93	133.634
14798	2240.9	133.633
14800	2241.22	133.621
14802	2241.53	133.62
14804	2241.86	133.608
14805	2242.01	133.589
14810	2242.81	133.464
14811	2242.97	133.462
14815	2243.61	133.459
14816	2243.77	133.453
14818	2244.14	133.451
14820	2244.46	133.449
14821	2244.62	133.448
14823	2244.94	133.445
14826	2245.42	133.437
14827	2245.59	133.431
14829	2245.91	133.423
14830	2246.07	133.421
14831	2246.23	133.361
14833	2246.55	133.358
14837	2247.19	133.355
14840	2247.67	133.351
14845	2248.47	133.35
14846	2248.64	133.321
14847	2248.79	133.316
14849	2249.11	133.308
14857	2250.39	133.294
14859	2250.71	133.259
14864	2251.52	133.235
14866	2251.84	133.212
14880	2254.09	133.2
14881	2254.25	133.193
14889	2255.54	133.187
14894	2256.34	133.186
14897	2256.82	133.151
14899	2257.14	133.136
14903	2257.79	133.132
14908	2258.59	133.128
14910	2258.96	133.127
14913	2259.44	133.122
14928	2261.85	133.122
14939	2263.64	133.11
14953	2263.48	133.106
14966	2265.57	133.106
14977	2267.34	133.051
14981	2268	132.969
15000	2271.09	132.966
15001	2271.25	132.96
15002	2271.42	132.959
15003	2271.58	132.956
15004	2271.74	132.956
15006	2272.07	132.954
15008	2272.39	132.954
15009	2272.55	132.949
15011	2272.87	132.941
15013	2273.19	132.936
15016	2273.67	132.934
15017	2273.88	132.92
15020	2274.37	132.918
15021	2274.53	132.917
15023	2274.85	132.916
15025	2275.17	132.915
15026	2275.34	132.915
15027	2275.5	132.914
15030	2275.97	132.912
15037	2277.11	132.911
15039	2277.44	132.901
15040	2277.6	132.9
15043	2278.08	132.898
15044	2278.25	132.896
15045	2278.4	132.894
15047	2278.73	132.891
15050	2279.21	132.888
15051	2279.37	132.886
15053	2279.69	132.886
15055	2280.02	132.882
15057	2280.34	132.873
15058	2280.5	132.873
15059	2280.67	132.871
15060	2280.9	132.869
15061	2281.06	132.868
15063	2281.38	132.862
15064	2281.55	132.858
15065	2281.71	132.856
15066	2281.87	132.854
15067	2282.03	132.854
15069	2282.36	132.852
15070	2282.58	132.851
15074	2283.22	132.85
15075	2283.38	132.849
15077	2283.71	132.847
15079	2284.03	132.847
15081	2284.35	132.816
15083	2284.68	132.815
15085	2285.01	132.813
15088	2285.49	132.803
15091	2285.98	132.78
15092	2286.14	132.778
15094	2286.46	132.777
15095	2286.62	132.775
15096	2286.79	132.772
15099	2287.28	132.77
15101	2287.6	132.769
15103	2287.92	132.768
15104	2288.09	132.749
15107	2288.57	132.749
15108	2288.73	132.748
15109	2288.9	132.747
15110	2289.06	132.745
15111	2289.22	132.74
15112	2289.38	132.731
15113	2289.54	132.721
15114	2289.7	132.72
15115	2289.87	132.716
15116	2290.02	132.711
15118	2290.35	132.711
15121	2290.83	132.707
15123	2291.16	132.706
15125	2291.48	132.706
15126	2291.64	132.705
15128	2291.96	132.702
15129	2292.12	132.7
15131	2292.47	132.693
15133	2292.8	132.682
15139	2293.77	132.681
15140	2293.93	132.68
15142	2294.25	132.677
15144	2294.58	132.674
15145	2294.73	132.673
15146	2294.89	132.671
15148	2295.21	132.67
15149	2295.37	132.669
15150	2295.53	132.666
15152	2295.86	132.648
15154	2296.18	132.644
15155	2296.34	132.643
15156	2296.5	132.641
15157	2296.66	132.64
15158	2296.82	132.639
15160	2297.14	132.637
15161	2297.3	132.635
15163	2297.62	132.634
15164	2297.79	132.632
15165	2297.95	132.632
15166	2298.11	132.623
15167	2298.27	132.617
15169	2298.6	132.611
15170	2298.76	132.611
15171	2298.92	132.609
15172	2299.09	132.609
15175	2299.57	132.599
15181	2300.54	132.595
15183	2300.86	132.593
15184	2301.02	132.589
15186	2301.35	132.585
15190	2301.99	132.584
15191	2302.15	132.58
15192	2302.31	132.549
15193	2302.53	132.549
15194	2302.69	132.548
15196	2303.01	132.547
15197	2303.17	132.546
15200	2303.65	132.545
15201	2303.81	132.538
15206	2304.61	132.526
15208	2304.93	132.516
15212	2305.57	132.514
15213	2305.73	132.513
15216	2306.21	132.509
15219	2306.7	132.508
15220	2306.86	132.507
15221	2307.02	132.507
15222	2307.17	132.505
15223	2307.34	132.497
15228	2308.13	132.497
15229	2308.29	132.494
15231	2308.61	132.492
15232	2308.77	132.491
15234	2309.09	132.478
15236	2305.76	132.476
15238	2306.09	132.471
15239	2306.24	132.47
15241	2306.56	132.469
15244	2307.05	132.462
15245	2307.21	132.453
15248	2307.69	132.452
15250	2308.01	132.446
15251	2308.17	132.444
15254	2308.66	132.442
15255	2308.82	132.439
15257	2309.14	132.433
15261	2309.78	132.433
15262	2309.94	132.429
15263	2310.1	132.401
15266	2310.58	132.398
15268	2310.9	132.396
15272	2311.55	132.395
15274	2311.86	132.383
15276	2312.18	132.383
15282	2313.15	132.381
15283	2313.31	132.366
15285	2313.63	132.36
15287	2313.96	132.354
15289	2314.27	132.352
15291	2314.65	132.351
15292	2314.94	132.351
15293	2315.17	132.35
15295	2315.54	132.349
15299	2316.21	132.345
15300	2316.4	132.343
15308	2317.74	132.342
15310	2318.08	132.332
15311	2318.25	132.332
15316	2319.09	132.325
15317	2319.27	132.324
15319	2319.66	132.321
15323	2320.39	132.32
15324	2320.55	132.32
15325	2320.73	132.319
15326	2320.89	132.319
15327	2321.05	132.305
15329	2321.42	132.304
15330	2321.58	132.302
15333	2322.08	132.301
15335	2322.41	132.296
15336	2322.58	132.295
15337	2322.74	132.281
15340	2323.27	132.279
15341	2323.5	132.278
15342	2323.68	132.272
15344	2324	132.27
15345	2324.17	132.27
15348	2324.68	132.269
15349	2324.84	132.233
15356	2326.05	132.231
15357	2326.23	132.227
15360	2326.77	132.227
15362	2327.14	132.226
15366	2327.9	132.225
15367	2328.08	132.219
15369	2328.42	132.218
15372	2328.94	132.217
15373	2329.13	132.202
15374	2329.3	132.201
15376	2329.72	132.194
15378	2330.09	132.185
15379	2330.33	132.184
15384	2331.73	132.174
15390	2333.09	132.165
15391	2333.26	132.162
15392	2333.43	132.16
15397	2334.28	132.158
15398	2334.44	132.156
15399	2334.62	132.153
15400	2334.8	132.149
15402	2335.14	132.148
15405	2335.63	132.137
15407	2335.96	132.132
15408	2336.13	132.13
15415	2337.29	132.083
15417	2337.62	132.07
15418	2335.3	132.063
15422	2335.97	132.063
15423	2336.14	132.062
15426	2336.65	132.057
15428	2337.02	132.054
15430	2337.51	132.053
15431	2337.83	132.053
15433	2338.51	132.044
15434	2338.84	132.04
15435	2339.04	132.036
15438	2339.87	132.036
15440	2340.28	132.034
15442	2340.67	132.033
15443	2340.83	132.029
15445	2341.2	132.028
15446	2341.4	132.016
15449	2342.2	132.011
15451	2342.62	131.999
15455	2343.34	131.998
15457	2343.69	131.983
15461	2344.46	131.975
15465	2345.24	131.97
15466	2345.43	131.959
15467	2345.59	131.955
15468	2345.76	131.949
15470	2346.13	131.948
15473	2346.69	131.944
15483	2348.38	131.938
15484	2348.54	131.937
15485	2348.7	131.932
15486	2348.87	131.925
15494	2350.17	131.922
15496	2350.5	131.91
15499	2350.98	131.907
15500	2351.14	131.907
15501	2351.37	131.902
15505	2352.03	131.898
15508	2352.51	131.891
15509	2352.68	131.891
15511	2353	131.876
15520	2354.47	131.876
15530	2356.11	131.875
15531	2356.27	131.872
15534	2356.77	131.872
15535	2356.93	131.87
15538	2357.41	131.866
15541	2357.9	131.864
15546	2358.79	131.864
15553	2359.94	131.863
15555	2360.26	131.862
15556	2360.43	131.861
15560	2361.14	131.859
15561	2361.3	131.858
15562	2361.47	131.858
15564	2361.82	131.856
15565	2362.03	131.835
15569	2362.68	131.832
15571	2363.04	131.832
15572	2363.21	131.83
15574	2363.54	131.824
15575	2363.71	131.823
15583	2365.1	131.822
15585	2365.43	131.819
15587	2365.77	131.815
15588	2365.93	131.812
15590	2366.27	131.81
15591	2366.43	131.809
15596	2367.27	131.803
15598	2365.12	131.791
15599	2365.29	131.772
15602	2365.78	131.76
15609	2366.91	131.759
15610	2367.07	131.738
15612	2367.39	131.737
15614	2367.72	131.736
15619	2368.53	131.735
15621	2368.85	131.733
15623	2369.17	131.708
15624	2369.34	131.703
15626	2369.66	131.702
15627	2369.83	131.696
15628	2369.99	131.682
15629	2370.16	131.674
15630	2370.36	131.67
15631	2370.54	131.667
15632	2370.7	131.645
15636	2371.36	131.641
15639	2371.84	131.64
15641	2372.18	131.62
15644	2372.7	131.597
15648	2373.37	131.591
15654	2374.37	131.59
15655	2374.53	131.587
15657	2374.86	131.582
15658	2375.08	131.582
15661	2375.59	131.58
15663	2375.93	131.578
15666	2376.45	131.577
15668	2376.8	131.559
15673	2377.64	131.558
15675	2377.96	131.553
15687	2379.9	131.548
15689	2380.22	131.541
15690	2380.38	131.537
15693	2380.88	131.532
15696	2381.37	131.532
15701	2382.2	131.53
15709	2383.67	131.527
15712	2384.3	131.522
15713	2384.54	131.521
15715	2385.12	131.52
15716	2385.3	131.518
15720	2386	131.517
15721	2386.2	131.517
15724	2386.71	131.505
15728	2387.85	131.503
15730	2388.57	131.503
15731	2389	131.497
15733	2389.61	131.49
15735	2390.42	131.438
15740	2391.8	131.436
15745	2393.97	131.434
15747	2394.56	131.434
15748	2394.78	131.431
15750	2395.31	131.429
15759	2395.53	131.429
15761	2395.98	131.428
15762	2396.31	131.419
15763	2396.61	131.419
15772	2398.72	131.416
15776	2400.38	131.416
15784	2403.15	131.415
15785	2403.37	131.41
15786	2403.56	131.394
15788	2403.92	131.391
15799	2406.35	131.283
15800	2406.58	131.279
15802	2406.94	131.279
15804	2407.4	131.269
15805	2407.6	131.253
15811	2408.63	131.245
15812	2408.81	131.242
15815	2409.32	131.24
15816	2409.53	131.237
15820	2410.26	131.235
15822	2410.6	131.232
15823	2410.76	131.221
15826	2411.26	131.215
15831	2412.15	131.164
15833	2412.48	131.162
15840	2413.69	131.161
15848	2415.06	131.161
15853	2415.89	131.157
15857	2416.56	131.147
15859	2416.9	131.141
15864	2417.76	131.121
15866	2418.09	131.113
15869	2418.6	131.113
15877	2420.03	131.087
15881	2420.7	131.083
15887	2421.72	131.082
15893	2422.73	131.08
15894	2422.9	131.079
15899	2423.74	131.06
15908	2425.25	131.058
15913	2426.08	131.053
15930	2426.45	131.052
15938	2427.82	131.052
15960	2431.53	131.052
15969	2433.04	131.049
15981	2435.06	130.989
16000	2438.32	130.988
16001	2438.49	130.987
16004	2438.99	130.984
16006	2439.32	130.978
16007	2439.49	130.976
16008	2439.65	130.975
16011	2440.16	130.971
16013	2440.5	130.961
16017	2441.16	130.956
16019	2441.49	130.955
16020	2441.66	130.954
16021	2441.82	130.952
16027	2442.83	130.952
16030	2443.33	130.951
16035	2444.16	130.948
16036	2444.32	130.947
16037	2444.48	130.943
16038	2444.65	130.941
16039	2444.82	130.94
16040	2444.98	130.939
16043	2445.49	130.938
16044	2445.65	130.936
16045	2445.82	130.935
16047	2446.15	130.932
16050	2446.7	130.931
16054	2447.4	130.925
16056	2447.74	130.925
16057	2447.92	130.914
16058	2448.09	130.913
16059	2448.26	130.91
16064	2449.11	130.908
16065	2449.28	130.907
16066	2449.44	130.906
16069	2449.98	130.904
16070	2450.14	130.903
16074	2450.81	130.901
16075	2450.98	130.9
16077	2451.31	130.898
16081	2451.97	130.894
16083	2452.31	130.892
16085	2452.65	130.889
16087	2452.99	130.884
16088	2453.16	130.876
16089	2453.32	130.876
16091	2453.66	130.874
16092	2453.82	130.872
16095	2454.32	130.872
16096	2454.49	130.871
16099	2455	130.87
16101	2455.33	130.87
16103	2455.69	130.868
16104	2455.86	130.867
16107	2456.41	130.866
16108	2456.57	130.864
16111	2454.59	130.861
16112	2454.76	130.857
16113	2454.92	130.854
16114	2455.08	130.853
16115	2455.24	130.848
16118	2455.75	130.847
16119	2455.92	130.846
16121	2456.25	130.846
16123	2456.58	130.845
16125	2456.92	130.839
16126	2457.09	130.838
16131	2457.93	130.834
16133	2458.27	130.828
16134	2458.43	130.827
16135	2458.59	130.826
16139	2459.26	130.822
16140	2459.43	130.82
16141	2459.6	130.816
16142	2459.76	130.816
16143	2459.93	130.815
16144	2460.09	130.812
16145	2460.26	130.81
16148	2460.75	130.809
16150	2461.07	130.804
16151	2461.24	130.799
16153	2461.57	130.799
16155	2461.9	130.794
16156	2462.06	130.791
16158	2462.41	130.79
16160	2462.75	130.788
16162	2463.08	130.788
16163	2463.25	130.787
16164	2463.42	130.782
16166	2463.81	130.778
16169	2464.46	130.77
16170	2464.67	130.77
16171	2464.91	130.769
16175	2465.68	130.767
16176	2465.85	130.766
16180	2466.83	130.764
16181	2467.1	130.754
16182	2467.33	130.752
16183	2467.54	130.751
16184	2467.77	130.743
16186	2468.18	130.74
16190	2468.89	130.739
16191	2469.07	130.735
16192	2469.3	130.728
16193	2469.53	130.727
16194	2469.75	130.724
16197	2470.28	130.724
16200	2470.8	130.722
16201	2470.96	130.713
16206	2471.88	130.712
16208	2472.25	130.707
16210	2472.86	130.706
16212	2473.63	130.705
16216	2474.78	130.704
16219	2475.33	130.701
16221	2475.71	130.698
16222	2475.92	130.698
16223	2476.09	130.692
16228	2477.31	130.692
16231	2477.96	130.691
16232	2478.14	130.691
16234	2478.52	130.68
16236	2478.93	130.672
16238	2479.29	130.671
16239	2479.48	130.668
16241	2479.83	130.666
16245	2480.58	130.662
16246	2480.75	130.662
16248	2481.1	130.66
16250	2481.56	130.657
16251	2481.9	130.655
16253	2482.35	130.647
16254	2482.59	130.645
16255	2482.83	130.644
16256	2483.1	130.644
16258	2483.58	130.643
16261	2484.27	130.642
16262	2484.43	130.639
16263	2484.6	130.63
16266	2485.14	130.626
16268	2485.51	130.625
16271	2486.02	130.623
16273	2486.36	130.623
16274	2486.53	130.618
16276	2484.39	130.617
16277	2484.56	130.616
16279	2484.9	130.615
16282	2485.41	130.614
16283	2485.58	130.6
16285	2485.97	130.598
16287	2486.31	130.597
16289	2486.65	130.594
16291	2486.99	130.592
16293	2487.33	130.591
16297	2488	130.59
16300	2488.5	130.59
16310	2490.28	130.583
16311	2490.45	130.582
16316	2491.29	130.572
16317	2491.45	130.57
16325	2492.8	130.57
16326	2492.98	130.569
16327	2493.14	130.555
16329	2493.48	130.554
16330	2493.66	130.553
16333	2494.17	130.552
16335	2494.52	130.549
16336	2494.68	130.547
16337	2494.85	130.536
16339	2495.18	130.536
16340	2495.35	130.521
16341	2495.52	130.52
16342	2495.68	130.516
16343	2495.85	130.515
16344	2496.02	130.514
16345	2496.18	130.514
16348	2496.74	130.513
16349	2496.9	130.5
16353	2497.57	130.5
16355	2497.91	130.498
16356	2498.08	130.497
16360	2498.74	130.497
16363	2499.24	130.495
16367	2499.89	130.49
16370	2500.41	130.49
16371	2500.57	130.489
16373	2500.91	130.472
16374	2501.07	130.471
16376	2501.39	130.47
16378	2501.73	130.455
16379	2501.9	130.452
16382	2502.39	130.447
16384	2502.72	130.444
16390	2503.71	130.441
16392	2504.03	130.441
16395	2504.52	130.44
16396	2504.68	130.435
16397	2504.85	130.433
16398	2505.01	130.43
16400	2505.35	130.424
16402	2505.72	130.424
16404	2506.05	130.422
16405	2506.27	130.41
16407	2506.6	130.407
16409	2506.92	130.405
16417	2508.22	130.39
16418	2508.39	130.386
16421	2508.87	130.382
16422	2509.04	130.381
16423	2509.2	130.38
16425	2509.53	130.365
16430	2510.39	130.363
16431	2510.56	130.363
16434	2511.04	130.362
16435	2511.21	130.36
16438	2511.7	130.341
16441	2512.2	130.339
16443	2512.52	130.334
16447	2513.18	130.333
16451	2513.83	130.326
16455	2514.48	130.323
16457	2514.8	130.316
16458	2514.97	130.309
16461	2515.46	130.305
16466	2516.27	130.296
16467	2513.94	130.294
16468	2514.11	130.29
16471	2514.6	130.288
16473	2514.94	130.284
16474	2515.1	130.282
16475	2515.26	130.271
16480	2516.08	130.27
16481	2516.24	130.265
16482	2516.4	130.262
16483	2516.57	130.245
16486	2517.05	130.241
16492	2518.06	130.237
16496	2518.72	130.228
16500	2519.37	130.228
16501	2519.54	130.228
16506	2520.37	130.221
16511	2521.24	130.214
16516	2522.08	130.214
16520	2522.74	130.204
16528	2524.04	130.204
16531	2524.57	130.2
16536	2525.43	130.188
16537	2525.59	130.186
16538	2525.75	130.185
16541	2526.25	130.184
16551	2527.89	130.183
16553	2528.22	130.18
16556	2528.71	130.18
16560	2529.37	130.178
16561	2529.54	130.177
16562	2529.7	130.175
16565	2530.2	130.157
16566	2530.36	130.157
16572	2531.35	130.155
16574	2531.68	130.15
16575	2531.84	130.15
16578	2532.33	130.148
16580	2532.65	130.142
16581	2532.81	130.14
16583	2533.13	130.137
16585	2533.46	130.136
16586	2533.63	130.135
16588	2533.96	130.132
16590	2534.35	130.129
16591	2534.52	130.129
16598	2535.66	130.118
16599	2535.82	130.106
16600	2535.99	130.101
16609	2537.46	130.1
16610	2537.62	130.085
16621	2539.42	130.07
16623	2539.74	130.052
16626	2540.23	130.051
16628	2540.55	130.036
16629	2540.71	130.036
16631	2541.04	130.033
16632	2541.21	130.023
16636	2541.86	130.02
16637	2542.03	130.018
16641	2542.68	130.013
16644	2543.16	129.984
16648	2543.81	129.984
16654	2544.79	129.981
16655	2544.95	129.98
16657	2545.28	129.977
16658	2545.44	129.972
16663	2543.8	129.971
16668	2544.61	129.836
16673	2545.44	129.83
16674	2545.6	129.829
16675	2545.77	129.825
16680	2546.59	129.825
16689	2548.11	129.818
16690	2548.27	129.814
16692	2548.6	129.813
16696	2549.24	129.813
16699	2549.73	129.813
16701	2550.05	129.812
16709	2551.35	129.807
16713	2552	129.806
16715	2552.33	129.805
16716	2552.49	129.802
16721	2553.31	129.787
16723	2553.64	129.78
16724	2553.81	129.77
16728	2554.46	129.769
16729	2554.62	129.739
16731	2554.94	129.735
16735	2555.6	129.69
16740	2556.42	129.682
16746	2557.4	129.679
16750	2558.06	129.678
16754	2558.71	129.677
16759	2559.53	129.677
16762	2560.02	129.67
16766	2560.69	129.666
16767	2560.85	129.66
16768	2561.02	129.659
16771	2561.5	129.654
16772	2561.66	129.644
16777	2562.48	129.639
16784	2563.63	129.639
16785	2563.79	129.635
16800	2566.28	129.634
16802	2566.61	129.632
16804	2566.95	129.614
16805	2567.18	129.606
16811	2568.18	129.595
16816	2569.02	129.593
16820	2569.71	129.59
16822	2570.11	129.589
16826	2570.78	129.583
16827	2570.95	129.569
16831	2571.62	129.531
16854	2575.46	129.52
16857	2573.47	129.511
16860	2573.96	129.507
16864	2574.62	129.497
16866	2574.95	129.495
16881	2577.56	129.492
16886	2578.4	129.492
16889	2578.93	129.47
16894	2579.78	129.467
16899	2580.62	129.457
16907	2581.98	129.457
16908	2582.14	129.456
16912	2582.8	129.456
16913	2582.97	129.452
16929	2585.72	129.451
16947	2588.76	129.45
16956	2590.26	129.449
16962	2591.28	129.448
16981	2594.45	129.379
17000	2597.63	129.379
17001	2597.85	129.378
17004	2598.36	129.377
17005	2598.53	129.375
17009	2599.19	129.374
17010	2599.36	129.373
17011	2599.53	129.37
17013	2599.87	129.364
17019	2600.87	129.363
17027	2602.2	129.363
17030	2602.69	129.363
17032	2603.02	129.362
17033	2603.19	129.359
17035	2603.52	129.358
17036	2603.69	129.353
17039	2604.2	129.353
17040	2604.36	129.352
17042	2604.71	129.345
17043	2604.88	129.343
17045	2605.22	129.342
17047	2605.55	129.341
17050	2603.58	129.341
17054	2604.27	129.341
17057	2604.78	129.327
17058	2604.95	129.327
17059	2605.13	129.325
17065	2606.27	129.325
17066	2606.44	129.32
17067	2606.61	129.32
17069	2606.94	129.32
17070	2607.1	129.317
17071	2607.26	129.314
17074	2607.76	129.313
17075	2607.93	129.312
17077	2608.26	129.311
17079	2608.6	129.309
17080	2608.79	129.309
17083	2609.27	129.306
17086	2609.77	129.305
17087	2609.94	129.302
17088	2610.1	129.3
17089	2610.26	129.299
17095	2611.25	129.298
17096	2611.41	129.296
17102	2612.41	129.295
17103	2612.57	129.293
17104	2612.73	129.285
17106	2613.06	129.282
17108	2613.39	129.281
17111	2613.89	129.276
17112	2614.06	129.274
17113	2614.22	129.271
17115	2614.56	129.264
17117	2614.89	129.262
17118	2615.05	129.258
17122	2615.7	129.253
17123	2615.87	129.253
17124	2616.04	129.251
17127	2616.53	129.248
17129	2616.86	129.242
17131	2617.18	129.239
17132	2617.35	129.239
17133	2617.51	129.234
17134	2617.68	129.233
17136	2618	129.233
17138	2618.33	129.231
17140	2618.66	129.23
17144	2619.32	129.229
17145	2619.48	129.228
17148	2619.97	129.227
17150	2620.3	129.222
17151	2620.46	129.219
17156	2621.33	129.218
17158	2621.66	129.217
17160	2621.99	129.214
17164	2622.64	129.212
17167	2623.14	129.209
17168	2623.3	129.206
17169	2623.46	129.204
17170	2623.63	129.203
17171	2623.79	129.201
17175	2624.45	129.19
17176	2624.62	129.189
17181	2625.43	129.182
17182	2625.6	129.177
17184	2625.93	129.17
17186	2626.26	129.17
17191	2627.09	129.167
17192	2627.26	129.16
17193	2627.43	129.159
17200	2628.59	129.158
17201	2628.76	129.155
17208	2629.94	129.151
17212	2630.6	129.148
17216	2631.27	129.147
17219	2631.75	129.145
17220	2631.92	129.144
17222	2632.24	129.144
17223	2632.4	129.136
17231	2633.72	129.135
17234	2634.21	129.129
17236	2634.54	129.127
17238	2634.86	129.125
17241	2635.38	129.124
17244	2633.39	129.122
17246	2633.71	129.121
17247	2633.88	129.12
17249	2634.21	129.115
17251	2634.53	129.113
17254	2635.03	129.111
17255	2635.19	129.111
17258	2635.7	129.111
17260	2636.03	129.108
17261	2636.2	129.105
17262	2636.37	129.102
17263	2636.53	129.101
17271	2637.84	129.1
17274	2638.35	129.098
17276	2638.68	129.098
17283	2639.83	129.088
17285	2640.16	129.085
17289	2640.88	129.083
17291	2641.2	129.081
17292	2641.37	129.08
17293	2641.53	129.079
17297	2642.18	129.075
17301	2642.84	129.066
17304	2643.33	129.064
17305	2643.49	129.058
17310	2644.31	129.054
17316	2645.29	129.044
17317	2645.46	129.043
17324	2646.61	129.043
17325	2646.77	129.038
17326	2646.93	129.038
17327	2647.1	129.032
17329	2647.43	129.032
17330	2647.59	129.028
17331	2647.76	129.022
17332	2647.92	129.02
17333	2648.08	129.019
17335	2648.41	129.018
17337	2648.74	129.005
17339	2649.07	128.992
17340	2649.23	128.975
17341	2649.4	128.974
17342	2649.56	128.971
17345	2650.06	128.97
17346	2650.23	128.962
17349	2650.73	128.954
17353	2651.38	128.953
17355	2651.7	128.948
17356	2651.87	128.943
17357	2652.03	128.935
17359	2652.36	128.933
17360	2652.53	128.931
17367	2653.73	128.93
17370	2654.25	128.93
17373	2654.75	128.915
17374	2654.92	128.914
17376	2655.25	128.914
17378	2655.57	128.897
17379	2655.74	128.897
17384	2656.55	128.894
17389	2657.36	128.89
17390	2657.52	128.888
17392	2657.85	128.888
17396	2658.5	128.878
17398	2658.84	128.872
17400	2659.16	128.871
17405	2660.01	128.864
17407	2660.34	128.862
17408	2660.5	128.861
17412	2661.17	128.858
17417	2662	128.839
17418	2662.19	128.835
17422	2662.85	128.833
17430	2664.15	128.826
17433	2664.68	128.823
17434	2664.9	128.817
17435	2665.06	128.814
17438	2663.07	128.814
17440	2663.4	128.813
17443	2663.92	128.808
17447	2664.6	128.808
17449	2664.95	128.799
17451	2665.29	128.795
17455	2666.05	128.792
17457	2666.39	128.781
17458	2666.56	128.778
17466	2667.96	128.77
17468	2668.32	128.767
17469	2668.49	128.762
17473	2669.24	128.759
17477	2670.06	128.757
17480	2670.6	128.752
17483	2671.3	128.747
17485	2671.74	128.7
17486	2671.91	128.699
17492	2672.92	128.692
17494	2673.35	128.692
17495	2673.55	128.684
17496	2673.74	128.679
17498	2674.27	128.664
17500	2674.75	128.664
17506	2675.87	128.662
17508	2676.2	128.66
17511	2676.72	128.659
17518	2677.88	128.657
17520	2678.2	128.643
17523	2678.69	128.643
17526	2679.18	128.642
17528	2679.5	128.641
17531	2679.98	128.639
17535	2680.63	128.639
17536	2680.79	128.609
17537	2680.95	128.609
17541	2681.63	128.609
17552	2683.48	128.602
17553	2683.65	128.601
17556	2684.14	128.597
17560	2684.8	128.596
17561	2684.96	128.595
17562	2685.16	128.594
17565	2685.65	128.583
17572	2687.22	128.582
17573	2687.51	128.582
17574	2687.74	128.578
17575	2687.94	128.574
17578	2688.7	128.574
17579	2688.91	128.573
17580	2689.09	128.57
17583	2689.62	128.568
17586	2690.16	128.563
17587	2690.35	128.563
17588	2690.56	128.562
17590	2690.96	128.552
17591	2691.12	128.552
17596	2691.97	128.548
17598	2692.3	128.543
17599	2692.46	128.533
17608	2694.28	128.529
17609	2694.48	128.529
17610	2694.66	128.517
17623	2694.45	128.48
17624	2694.64	128.477
17626	2695.35	128.471
17628	2695.88	128.463
17630	2696.32	128.46
17631	2696.63	128.458
17632	2696.86	128.454
17636	2697.71	128.451
17639	2698.56	128.447
17644	2699.65	128.437
17654	2701.8	128.436
17657	2702.37	128.432
17658	2702.58	128.421
17661	2703.16	128.421
17668	2704.46	128.392
17673	2705.34	128.39
17674	2705.52	128.376
17675	2705.69	128.374
17678	2706.23	128.372
17681	2706.76	128.363
17689	2708.54	128.361
17690	2708.86	128.36
17693	2709.7	128.358
17696	2710.34	128.358
17701	2711.64	128.356
17708	2713.01	128.354
17712	2713.74	128.354
17713	2713.91	128.353
17715	2714.26	128.353
17716	2714.43	128.352
17717	2714.6	128.349
17721	2715.32	128.253
17723	2715.67	128.249
17724	2715.84	128.24
17726	2716.23	128.234
17728	2716.91	128.232
17729	2717.08	128.169
17730	2717.26	128.168
17731	2717.44	128.166
17733	2717.8	128.166
17740	2719.05	128.163
17745	2719.94	128.159
17750	2720.84	128.159
17753	2721.36	128.157
17754	2721.55	128.153
17762	2722.98	128.15
17764	2723.36	128.148
17765	2723.53	128.143
17771	2724.58	128.143
17772	2724.76	128.135
17780	2723.68	128.134
17784	2724.39	128.133
17785	2724.57	128.132
17789	2725.27	128.13
17792	2725.81	128.127
17800	2727.23	128.126
17802	2727.58	128.125
17804	2727.93	128.115
17805	2728.11	128.108
17816	2730.1	128.106
17820	2730.82	128.105
17831	2732.84	128.081
17832	2733.02	128.075
17835	2733.55	128.074
17840	2734.43	128.073
17848	2735.83	128.066
17857	2737.44	128.053
17859	2737.8	128.051
17860	2737.98	128.035
17864	2738.7	128.028
17866	2739.07	128.025
17867	2739.24	127.995
17873	2740.34	127.99
17874	2740.55	127.989
17877	2741.17	127.975
17881	2741.93	127.973
17886	2742.83	127.964
17888	2743.18	127.962
17889	2743.36	127.958
17906	2746.87	127.957
17907	2747.05	127.956
17909	2747.41	127.947
17912	2748.03	127.947
17913	2748.21	127.943
17917	2748.96	127.94
17926	2750.65	127.936
17928	2751.01	127.934
17929	2751.2	127.93
17935	2752.29	127.916
17938	2752.83	127.916
17940	2753.19	127.913
17951	2752.74	127.913
17960	2754.39	127.909
17961	2754.58	127.903
17968	2755.91	127.901
17977	2757.54	127.895
17981	2758.29	127.832
17983	2758.65	127.829
17986	2759.29	127.822
17987	2759.48	127.821
17994	2760.83	127.82
18000	2761.91	127.82
18001	2762.09	127.82
18004	2762.63	127.82
18005	2762.8	127.819
18008	2763.35	127.818
18010	2763.7	127.815
18011	2763.88	127.812
18013	2764.24	127.805
18017	2764.96	127.802
18018	2765.14	127.802
18019	2765.32	127.799
18021	2765.69	127.798
18027	2766.78	127.797
18030	2767.31	127.796
18037	2768.59	127.796
18039	2768.96	127.794
18040	2769.14	127.793
18043	2769.7	127.791
18044	2769.88	127.79
18045	2770.07	127.789
18047	2770.45	127.786
18050	2770.99	127.786
18053	2771.54	127.784
18057	2772.26	127.778
18058	2772.49	127.777
18059	2772.71	127.776
18065	2773.78	127.774
18066	2773.95	127.772
18069	2774.48	127.771
18070	2774.65	127.769
18074	2775.46	127.768
18077	2776.03	127.766
18079	2776.4	127.765
18080	2776.65	127.764
18083	2777.21	127.762
18085	2777.58	127.76
18088	2778.13	127.757
18089	2778.3	127.757
18091	2778.67	127.757
18094	2779.21	127.756
18097	2779.8	127.755
18098	2780.17	127.752
18102	2781.27	127.751
18104	2781.64	127.75
18106	2782	127.749
18109	2782.56	127.749
18111	2782.94	127.745
18112	2783.14	127.736
18115	2783.71	127.733
18117	2784.07	127.732
18118	2784.25	127.731
18122	2782.52	127.726
18125	2783.05	127.724
18127	2783.4	127.722
18129	2783.75	127.722
18131	2784.11	127.718
18133	2784.46	127.714
18135	2784.82	127.713
18138	2785.35	127.711
18140	2785.76	127.711
18141	2785.93	127.711
18145	2786.65	127.709
18148	2787.2	127.707
18150	2787.56	127.704
18153	2788.1	127.697
18154	2788.28	127.696
18156	2788.64	127.694
18158	2789	127.693
18160	2789.36	127.691
18163	2789.93	127.69
18164	2790.11	127.687
18165	2790.29	127.686
18166	2790.47	127.685
18168	2790.83	127.684
18169	2791.01	127.677
18170	2791.19	127.676
18171	2791.37	127.669
18172	2791.55	127.669
18175	2792.09	127.667
18176	2792.27	127.666
18181	2793.3	127.657
18182	2793.5	127.656
18184	2793.85	127.655
18186	2794.21	127.649
18191	2795.09	127.647
18193	2795.45	127.646
18199	2796.52	127.643
18201	2796.87	127.642
18208	2798.1	127.635
18209	2798.27	127.632
18212	2798.8	127.627
18214	2799.17	127.627
18218	2799.88	127.625
18219	2800.07	127.623
18220	2800.24	127.621
18222	2800.69	127.619
18228	2801.78	127.618
18231	2802.31	127.616
18232	2802.49	127.616
18234	2802.85	127.611
18236	2803.2	127.608
18237	2803.37	127.607
18238	2803.55	127.602
18239	2803.74	127.601
18246	2804.96	127.6
18247	2805.14	127.596
18248	2805.36	127.591
18249	2805.57	127.59
18251	2805.95	127.589
18253	2806.32	127.589
18254	2806.5	127.588
18255	2806.67	127.586
18257	2807.02	127.586
18258	2807.2	127.578
18261	2807.74	127.577
18262	2807.91	127.575
18263	2808.1	127.575
18267	2808.82	127.575
18270	2809.36	127.57
18271	2809.54	127.568
18274	2810.13	127.567
18276	2810.49	127.566
18277	2810.67	127.566
18282	2811.62	127.564
18283	2811.8	127.555
18285	2812.15	127.554
18288	2812.67	127.548
18289	2812.85	127.546
18291	2813.22	127.545
18292	2813.4	127.545
18293	2813.58	127.544
18295	2813.94	127.543
18297	2811.86	127.542
18300	2812.45	127.541
18301	2812.64	127.515
18303	2812.98	127.514
18304	2813.16	127.509
18305	2813.33	127.502
18309	2814.1	127.501
18311	2814.45	127.5
18314	2814.97	127.499
18315	2815.14	127.498
18316	2815.32	127.492
18317	2815.51	127.492
18320	2816.05	127.491
18323	2816.58	127.49
18325	2816.92	127.489
18327	2817.26	127.484
18329	2817.62	127.484
18331	2817.98	127.48
18332	2818.15	127.48
18333	2818.33	127.479
18335	2818.69	127.479
18336	2818.86	127.474
18337	2819.04	127.472
18338	2819.21	127.471
18339	2819.39	127.468
18340	2819.57	127.466
18341	2819.75	127.465
18342	2819.93	127.461
18345	2820.47	127.459
18346	2820.64	127.457
18348	2821	127.457
18349	2821.18	127.448
18353	2821.91	127.445
18355	2822.26	127.442
18356	2822.43	127.437
18360	2823.18	127.433
18365	2824.06	127.433
18367	2824.41	127.43
18371	2825.11	127.429
18373	2825.47	127.415
18374	2825.64	127.414
18375	2825.82	127.413
18378	2826.34	127.399
18379	2826.51	127.395
18384	2827.39	127.39
18386	2827.74	127.383
18387	2827.92	127.379
18390	2828.49	127.376
18391	2828.66	127.374
18392	2828.85	127.374
18396	2829.76	127.373
18398	2830.11	127.37
18399	2830.28	127.37
18400	2830.46	127.368
18403	2831.01	127.364
18405	2831.36	127.359
18407	2831.7	127.357
18408	2831.87	127.355
18410	2832.22	127.354
18415	2833.11	127.351
18416	2833.29	127.348
18417	2833.47	127.337
18418	2833.65	127.335
18423	2834.52	127.334
18426	2835.03	127.333
18428	2835.38	127.331
18430	2835.72	127.328
18433	2836.25	127.317
18434	2836.42	127.313
18435	2836.59	127.313
18438	2837.12	127.311
18440	2837.46	127.309
18442	2837.81	127.307
18443	2837.98	127.295
18449	2839.07	127.293
18451	2839.41	127.286
18455	2840.12	127.285
18456	2840.3	127.284
18457	2840.47	127.278
18465	2841.89	127.278
18466	2842.07	127.268
18467	2842.25	127.26
18468	2842.42	127.258
18469	2842.6	127.257
18471	2842.94	127.256
18473	2843.29	127.253
18477	2841.55	127.252
18480	2842.11	127.249
18482	2842.47	127.248
18483	2842.64	127.248
18484	2842.82	127.246
18485	2843	127.21
18486	2843.19	127.21
18488	2843.54	127.209
18490	2843.91	127.207
18492	2844.26	127.204
18496	2844.97	127.203
18497	2845.14	127.201
18498	2845.33	127.198
18500	2845.67	127.198
18503	2846.45	127.196
18506	2847.08	127.189
18508	2847.43	127.186
18509	2847.63	127.186
18510	2847.83	127.185
18511	2848.02	127.181
18512	2848.2	127.18
18518	2849.26	127.174
18520	2849.61	127.165
18524	2850.31	127.164
18526	2850.72	127.163
18531	2851.63	127.162
18534	2852.18	127.161
18535	2852.35	127.161
18536	2852.53	127.116
18537	2852.71	127.113
18538	2852.89	127.113
18539	2853.07	127.111
18543	2853.77	127.109
18544	2853.94	127.106
18546	2854.44	127.104
18547	2854.62	127.102
18551	2855.34	127.102
18553	2855.69	127.1
18555	2856.04	127.1
18556	2856.22	127.1
18557	2856.4	127.099
18561	2857.16	127.093
18562	2857.33	127.092
18565	2857.86	127.087
18570	2858.73	127.086
18572	2859.08	127.085
18573	2859.26	127.085
18574	2859.44	127.084
18575	2859.61	127.083
18577	2859.97	127.082
18583	2861.02	127.079
18586	2861.57	127.076
18587	2861.74	127.074
18588	2861.92	127.071
18590	2862.27	127.066
18591	2862.44	127.063
18594	2862.97	127.063
18597	2863.51	127.062
18598	2863.68	127.059
18599	2863.86	127.057
18601	2864.21	127.055
18604	2864.73	127.05
18610	2865.78	127.045
18613	2866.31	127.045
18614	2866.48	127.043
18615	2866.66	127.043
18617	2867	127.042
18626	2868.56	127.041
18627	2868.74	127.036
18628	2868.92	127.024
18631	2869.46	127.023
18632	2869.63	127.016
18636	2870.4	127.014
18637	2870.58	127.006
18638	2870.75	127.006
18642	2871.47	127.005
18644	2871.82	126.998
18648	2872.56	126.997
18651	2873.16	126.996
18652	2873.34	126.996
18654	2873.7	126.995
18657	2871.76	126.99
18658	2871.93	126.983
18665	2873.18	126.978
18668	2873.7	126.963
18669	2873.88	126.961
18670	2874.06	126.955
18672	2874.4	126.955
18674	2874.76	126.951
18675	2874.93	126.948
18676	2875.11	126.947
18681	2876	126.947
18684	2876.55	126.946
18688	2877.28	126.94
18689	2877.45	126.938
18690	2877.65	126.936
18699	2879.33	126.936
18701	2879.68	126.936
18709	2881.33	126.933
18713	2882.12	126.932
18714	2882.3	126.93
18715	2882.48	126.929
18716	2882.66	126.928
18717	2882.85	126.926
18721	2883.56	126.903
18724	2884.12	126.895
18725	2884.34	126.894
18726	2884.51	126.892
18728	2884.87	126.892
18729	2885.04	126.852
18730	2885.21	126.85
18731	2885.39	126.841
18737	2886.45	126.84
18740	2887	126.84
18743	2887.54	126.839
18744	2887.71	126.839
18745	2887.88	126.835
18746	2888.05	126.835
18747	2888.23	126.834
18750	2888.81	126.832
18752	2889.18	126.829
18755	2889.7	126.829
18762	2891.05	126.828
18764	2891.41	126.819
18771	2892.65	126.815
18776	2893.59	126.814
18777	2893.77	126.808
18778	2893.96	126.808
18780	2894.32	126.798
18784	2895.02	126.796
18785	2895.2	126.795
18786	2895.38	126.792
18789	2895.91	126.79
18792	2896.42	126.789
18794	2896.79	126.787
18798	2897.49	126.784
18800	2897.83	126.782
18801	2898.01	126.782
18802	2898.18	126.78
18804	2898.53	126.773
18805	2898.71	126.77
18808	2899.26	126.766
18810	2899.67	126.764
18811	2899.86	126.764
18812	2900.04	126.761
18814	2900.39	126.761
18816	2900.74	126.741
18820	2901.46	126.739
18823	2901.99	126.739
18826	2902.52	126.738
18831	2903.4	126.73
18834	2901.45	126.728
18843	2903.03	126.72
18845	2903.37	126.717
18848	2903.91	126.715
18849	2904.07	126.705
18854	2904.94	126.698
18857	2905.46	126.688
18858	2905.64	126.682
18859	2905.82	126.679
18860	2905.99	126.669
18864	2906.68	126.629
18867	2907.24	126.62
18869	2907.59	126.619
18870	2907.76	126.617
18882	2909.87	126.615
18894	2912.05	126.611
18907	2914.37	126.61
18908	2914.55	126.605
18913	2915.41	126.601
18914	2915.59	126.6
18932	2919.24	126.598
18935	2919.76	126.595
18936	2919.94	126.595
18938	2920.28	126.594
18947	2921.91	126.594
18951	2922.63	126.591
18957	2923.69	126.584
18961	2924.39	126.582
18981	2927.98	126.534
18983	2928.35	126.532
18987	2929.06	126.52
18994	2930.36	126.517
19000	2931.41	126.516
19001	2931.6	126.515
19002	2931.77	126.515
19003	2931.95	126.513
19008	2932.84	126.512
19010	2933.18	126.511
19011	2930.88	126.507
19013	2931.23	126.504
19016	2931.77	126.504
19017	2931.95	126.493
19018	2932.14	126.492
19019	2932.32	126.492
19030	2934.27	126.49
19037	2935.5	126.488
19039	2935.84	126.487
19040	2936.01	126.486
19043	2936.53	126.485
19044	2936.7	126.481
19045	2936.87	126.481
19047	2937.29	126.479
19049	2937.64	126.479
19050	2937.81	126.478
19056	2938.85	126.478
19057	2939.03	126.473
19059	2939.38	126.47
19061	2939.73	126.47
19065	2940.43	126.468
19066	2940.62	126.465
19069	2941.15	126.463
19070	2941.37	126.462
19074	2942.16	126.461
19077	2942.69	126.459
19079	2943.05	126.457
19080	2943.23	126.457
19081	2943.4	126.455
19083	2943.75	126.455
19089	2944.82	126.451
19091	2945.16	126.451
19098	2946.42	126.45
19103	2947.31	126.45
19104	2947.48	126.444
19106	2947.83	126.442
19108	2948.19	126.442
19109	2948.36	126.441
19111	2948.71	126.439
19114	2949.24	126.433
19115	2949.42	126.43
19117	2949.76	126.43
19119	2950.11	126.426
19121	2950.64	126.424
19122	2950.85	126.415
19124	2951.27	126.414
19125	2951.46	126.414
19126	2951.63	126.412
19127	2951.8	126.411
19131	2952.58	126.408
19133	2952.94	126.402
19134	2953.11	126.399
19135	2953.29	126.399
19140	2954.19	126.398
19146	2955.26	126.395
19148	2955.62	126.392
19150	2955.97	126.388
19153	2956.51	126.386
19156	2957.06	126.386
19158	2957.41	126.385
19162	2958.09	126.385
19163	2958.27	126.38
19165	2958.62	126.379
19166	2958.79	126.378
19167	2958.97	126.376
19168	2959.15	126.376
19169	2959.32	126.371
19170	2959.49	126.368
19175	2960.44	126.361
19176	2960.61	126.36
19178	2960.96	126.359
19181	2961.48	126.356
19182	2961.66	126.35
19183	2961.83	126.35
19184	2962.01	126.348
19185	2962.19	126.347
19186	2962.39	126.344
19191	2960.79	126.341
19193	2961.15	126.338
19194	2961.33	126.337
19199	2962.23	126.331
19201	2962.61	126.328
19206	2963.51	126.328
19208	2963.86	126.326
19211	2964.4	126.324
19212	2964.57	126.322
19215	2965.1	126.32
19219	2965.8	126.32
19220	2965.97	126.317
19222	2966.32	126.314
19224	2966.71	126.313
19228	2967.41	126.312
19231	2967.95	126.312
19233	2968.29	126.311
19234	2968.47	126.309
19236	2968.81	126.306
19237	2968.98	126.306
19238	2969.15	126.304
19241	2969.69	126.303
19242	2969.86	126.286
19243	2970.05	126.284
19248	2970.94	126.282
19250	2971.29	126.281
19251	2971.47	126.281
19254	2972.01	126.28
19255	2972.19	126.279
19258	2972.73	126.276
19262	2973.44	126.274
19267	2974.31	126.272
19270	2974.84	126.27
19272	2975.21	126.268
19276	2975.91	126.268
19283	2977.12	126.259
19286	2977.65	126.259
19288	2978	126.258
19289	2978.17	126.257
19290	2978.35	126.255
19291	2978.52	126.255
19293	2978.86	126.254
19295	2979.22	126.254
19296	2979.39	126.253
19298	2979.73	126.253
19305	2980.95	126.249
19308	2981.48	126.246
19315	2982.78	126.246
19316	2982.97	126.243
19320	2983.81	126.239
19323	2984.34	126.238
19325	2984.7	126.237
19327	2985.2	126.234
19328	2985.38	126.231
19331	2986.34	126.229
19335	2987.11	126.229
19337	2987.55	126.224
19340	2988.09	126.223
19341	2988.27	126.222
19342	2988.45	126.219
19343	2988.63	126.219
19345	2988.97	126.217
19346	2989.15	126.216
19348	2989.5	126.216
19349	2989.68	126.207
19353	2990.4	126.206
19355	2990.75	126.204
19356	2990.93	126.203
19357	2991.1	126.196
19360	2991.63	126.195
19365	2992.52	126.195
19369	2990.75	126.195
19371	2991.09	126.193
19373	2991.45	126.179
19374	2991.63	126.179
19375	2991.81	126.173
19378	2992.33	126.157
19380	2992.68	126.153
19383	2993.2	126.152
19384	2993.38	126.142
19389	2994.28	126.141
19390	2994.46	126.139
19391	2994.65	126.136
19392	2994.83	126.136
19396	2995.52	126.136
19398	2995.87	126.125
19399	2996.04	126.124
19400	2996.22	126.123
19402	2996.58	126.123
19403	2996.76	126.123
19405	2997.11	126.116
19406	2997.28	126.116
19407	2997.46	126.114
19408	2997.66	126.114
19412	2998.4	126.11
19415	2998.94	126.107
19417	2999.29	126.098
19423	3000.35	126.098
19430	3001.64	126.097
19433	3002.18	126.095
19434	3002.36	126.092
19435	3002.54	126.091
19438	3003.07	126.089
19440	3003.42	126.086
19442	3003.79	126.086
19443	3003.97	126.085
19450	3005.22	126.084
19451	3005.4	126.081
19455	3006.12	126.08
19456	3006.3	126.08
19457	3006.48	126.073
19458	3006.67	126.073
19466	3008.06	126.068
19468	3008.44	126.066
19470	3008.78	126.064
19477	3010	126.061
19480	3010.57	126.061
19483	3011.1	126.058
19484	3011.27	126.056
19485	3011.44	126.036
19486	3011.62	126.036
19489	3012.13	126.035
19490	3012.31	126.035
19495	3013.23	126.028
19500	3014.11	126.028
19501	3014.28	126.027
19502	3014.46	126.026
19504	3014.8	126.02
19506	3015.15	126.019
19510	3015.86	126.018
19520	3017.67	126.01
19521	3017.85	126.008
19524	3018.39	126
19531	3019.61	125.999
19534	3020.32	125.999
19535	3020.6	125.997
19537	3021.04	125.993
19538	3021.28	125.992
19543	3022.16	125.988
19544	3022.33	125.988
19546	3020.2	125.987
19551	3021.09	125.985
19553	3021.45	125.984
19555	3021.8	125.983
19561	3022.84	125.981
19562	3023.02	125.98
19565	3023.54	125.97
19568	3024.06	125.962
19569	3024.24	125.962
19572	3024.78	125.959
19578	3025.84	125.959
19579	3026.02	125.955
19583	3026.75	125.952
19585	3027.1	125.952
19587	3027.46	125.951
19588	3027.66	125.95
19590	3028	125.949
19591	3028.17	125.946
19598	3029.41	125.941
19600	3029.76	125.941
19606	3030.79	125.94
19612	3031.83	125.938
19615	3032.36	125.938
19626	3034.28	125.937
19627	3034.46	125.933
19628	3034.64	125.926
19631	3035.17	125.925
19632	3035.37	125.921
19634	3035.84	125.917
19636	3036.19	125.916
19639	3036.72	125.916
19644	3037.61	125.911
19645	3037.78	125.909
19648	3038.3	125.908
19651	3038.84	125.907
19652	3039.02	125.904
19657	3039.89	125.903
19658	3040.07	125.902
19670	3042.19	125.901
19674	3042.89	125.897
19675	3043.06	125.895
19679	3043.79	125.894
19684	3044.67	125.894
19687	3045.2	125.893
19688	3045.37	125.891
19689	3045.55	125.89
19704	3048.23	125.889
19709	3049.11	125.886
19712	3049.63	125.886
19713	3049.81	125.885
19714	3050	125.879
19716	3050.39	125.877
19717	3050.57	125.877
19721	3051.26	125.869
19724	3051.8	125.862
19725	3051.97	125.86
19728	3050.03	125.859
19729	3050.21	125.834
19731	3050.55	125.828
19733	3050.9	125.827
19740	3052.29	125.826
19745	3053.32	125.823
19750	3054.25	125.823
19751	3054.44	125.82
19755	3055.15	125.82
19762	3056.41	125.817
19771	3058.05	125.811
19777	3059.12	125.804
19780	3059.64	125.799
19784	3060.34	125.799
19800	3063.27	125.798
19801	3063.45	125.798
19802	3063.62	125.796
19804	3063.96	125.79
19816	3066.07	125.788
19820	3066.77	125.787
19821	3066.95	125.786
19823	3067.3	125.786
19828	3068.19	125.786
19831	3068.7	125.771
19833	3069.06	125.769
19834	3069.25	125.765
19845	3071.15	125.756
19848	3071.67	125.754
19854	3072.76	125.75
19857	3073.32	125.743
19858	3073.49	125.742
19864	3074.55	125.721
19872	3075.98	125.709
19886	3078.5	125.706
19894	3079.89	125.701
19904	3081.62	125.7
19910	3080.22	125.696
19913	3080.74	125.692
19922	3082.32	125.69
19932	3084.29	125.677
19936	3085	125.664
19981	3094.05	125.619
19983	3094.5	125.618
19995	3097.79	125.614
20000	3098.78	125.614
20001	3098.98	125.613
20002	3099.15	125.611
20003	3099.33	125.611
20006	3099.96	125.608
20008	3100.36	125.606
20009	3100.53	125.605
20011	3100.89	125.602
20013	3101.24	125.598
20017	3101.94	125.597
20018	3102.14	125.596
20027	3103.8	125.589
20030	3104.33	125.586
20033	3104.88	125.586
20039	3105.92	125.585
20040	3106.09	125.585
20044	3106.82	125.584
20059	3109.72	125.578
20060	3109.91	125.577
20064	3110.67	125.577
20065	3110.84	125.575
20066	3111.03	125.572
20074	3109.96	125.569
20075	3110.14	125.568
20079	3110.84	125.568
20083	3111.57	125.567
20089	3112.71	125.567
20091	3113.08	125.566
20096	3114	125.565
20098	3114.37	125.564
20102	3115.07	125.563
20104	3115.42	125.562
20106	3115.81	125.561
20111	3117.01	125.557
20112	3117.29	125.555
20114	3117.77	125.552
20117	3118.32	125.55
20119	3118.68	125.547
20122	3119.22	125.54
20123	3119.41	125.539
20124	3119.57	125.537
20127	3120.09	125.532
20131	3120.84	125.525
20133	3121.22	125.522
20138	3122.12	125.516
20140	3122.45	125.516
20148	3123.88	125.515
20150	3124.21	125.509
20152	3124.62	125.502
20158	3125.7	125.501
20159	3125.86	125.501
20162	3126.4	125.5
20165	3126.9	125.499
20166	3127.1	125.498
20167	3127.28	125.493
20168	3127.44	125.491
20169	3127.6	125.49
20170	3127.76	125.489
20175	3128.6	125.486
20178	3129.09	125.484
20181	3129.59	125.478
20182	3129.76	125.477
20185	3130.27	125.476
20186	3130.43	125.473
20190	3131.11	125.473
20192	3131.48	125.472
20195	3132.05	125.438
20197	3132.39	125.437
20201	3133.25	125.436
20212	3135.28	125.435
20219	3136.54	125.433
20222	3137.08	125.431
20231	3138.66	125.43
20234	3139.19	125.428
20236	3139.55	125.425
20237	3139.72	125.416
20238	3139.9	125.414
20241	3140.43	125.406
20242	3140.6	125.385
20246	3141.31	125.384
20248	3141.67	125.38
20249	3139.38	125.38
20250	3139.56	125.379
20251	3139.74	125.378
20255	3140.47	125.377
20257	3140.84	125.376
20262	3141.84	125.375
20272	3143.67	125.375
20273	3143.86	125.374
20275	3144.21	125.373
20276	3144.4	125.372
20283	3145.78	125.369
20289	3146.88	125.368
20291	3147.24	125.367
20293	3147.61	125.366
20297	3148.34	125.363
20300	3148.88	125.363
20304	3149.58	125.35
20305	3149.75	125.347
20315	3151.52	125.347
20316	3151.7	125.345
20317	3151.88	125.344
20319	3152.27	125.34
20320	3152.46	125.338
20323	3153.01	125.337
20325	3153.38	125.333
20326	3153.55	125.331
20327	3153.74	125.33
20332	3154.63	125.329
20337	3155.53	125.328
20340	3156.06	125.325
20341	3156.27	125.324
20342	3156.44	125.322
20345	3156.96	125.321
20346	3157.14	125.319
20348	3157.49	125.318
20349	3157.66	125.313
20353	3158.37	125.31
20355	3158.71	125.307
20356	3158.89	125.306
20357	3159.06	125.296
20360	3159.59	125.295
20364	3160.29	125.291
20366	3160.64	125.289
20369	3161.16	125.288
20371	3161.51	125.287
20374	3162.05	125.287
20377	3162.56	125.284
20379	3162.91	125.283
20380	3163.09	125.277
20384	3163.85	125.27
20390	3164.99	125.268
20392	3165.35	125.267
20396	3166.06	125.264
20398	3166.44	125.26
20403	3167.47	125.259
20405	3167.82	125.244
20407	3168.17	125.243
20408	3168.35	125.242
20409	3168.52	125.24
20412	3169.04	125.24
20415	3169.57	125.239
20417	3169.92	125.23
20418	3170.1	125.23
20430	3169.71	125.226
20433	3170.23	125.222
20438	3171.09	125.219
20448	3172.86	125.219
20449	3173.03	125.218
20450	3173.21	125.218
20451	3173.38	125.215
20455	3174.11	125.214
20456	3174.29	125.213
20457	3174.47	125.199
20465	3175.95	125.197
20466	3176.13	125.189
20468	3176.5	125.187
20470	3176.88	125.186
20473	3177.43	125.186
20477	3178.23	125.185
20480	3178.74	125.181
20483	3179.29	125.18
20485	3179.63	125.175
20486	3179.8	125.175
20489	3180.3	125.174
20500	3182.2	125.174
20501	3182.37	125.172
20502	3182.54	125.171
20511	3184.08	125.17
20518	3185.24	125.143
20519	3185.4	125.131
20520	3185.58	125.127
20524	3186.26	125.079
20531	3187.43	125.079
20535	3188.09	125.077
20537	3188.42	125.073
20538	3188.58	125.071
20543	3189.42	125.071
20544	3189.58	125.068
20551	3190.73	125.06
20553	3191.05	125.059
20557	3191.71	125.059
20561	3192.38	125.058
20562	3192.57	125.057
20565	3193.1	125.053
20568	3193.63	125.045
20572	3194.34	125.044
20575	3194.89	125.042
20581	3195.93	125.04
20583	3196.27	125.038
20588	3197.17	125.038
20589	3197.36	125.037
20590	3197.56	125.035
20591	3197.76	125.034
20598	3198.99	125.031
20603	3199.88	125.029
20616	3199.61	125.027
20623	3201.07	125.004
20626	3201.66	125.001
20628	3202.01	124.991
20630	3202.37	124.99
20632	3202.75	124.984
20636	3203.52	124.981
20639	3204.34	124.98
20641	3204.69	124.976
20644	3205.22	124.961
20652	3206.56	124.961
20657	3207.38	124.96
20658	3207.54	124.949
20659	3207.7	124.948
20660	3207.87	124.946
20668	3209.2	124.946
20674	3210.2	124.945
20675	3210.37	124.943
20681	3211.35	124.939
20684	3211.84	124.938
20689	3212.75	124.936
20708	3215.98	124.914
20709	3216.14	124.913
20712	3216.68	124.912
20713	3216.85	124.912
20714	3217.02	124.908
20716	3217.37	124.907
20717	3217.54	124.896
20721	3218.21	124.893
20724	3218.71	124.887
20728	3219.4	124.886
20729	3219.57	124.866
20731	3219.91	124.864
20735	3220.59	124.854
20746	3222.54	124.853
20754	3223.92	124.852
20775	3227.9	124.852
20780	3228.87	124.844
20784	3229.86	124.844
20798	3230.32	124.843
20801	3230.82	124.841
20804	3231.32	124.839
20811	3232.56	124.836
20816	3233.41	124.835
20820	3234.2	124.834
20826	3235.38	124.831
20831	3236.37	124.826
20834	3236.89	124.824
20842	3238.22	124.821
20845	3238.71	124.821
20848	3239.19	124.821
20857	3240.66	124.814
20859	3240.98	124.813
20864	3241.8	124.783
20869	3242.62	124.779
20881	3244.65	124.776
20886	3245.55	124.775
20893	3246.72	124.774
20894	3246.89	124.771
20897	3247.38	124.77
20906	3248.88	124.77
20912	3249.87	124.768
20913	3250.04	124.765
20916	3250.53	124.764
20936	3253.9	124.761
20944	3255.23	124.76
20945	3255.4	124.757
20946	3255.57	124.757
20981	3258.93	124.741
21000	3262.03	124.741
21001	3262.2	124.73
21005	3262.85	124.729
21011	3263.82	124.722
21013	3264.15	124.712
21017	3264.79	124.712
21018	3264.96	124.712
21027	3266.42	124.71
21030	3266.9	124.709
21038	3268.19	124.709
21039	3268.36	124.709
21040	3268.52	124.709
21041	3268.68	124.709
21058	3271.43	124.706
21059	3271.6	124.701
21060	3271.76	124.701
21061	3271.92	124.701
21065	3272.56	124.699
21066	3272.72	124.698
21069	3273.2	124.695
21074	3274.05	124.693
21075	3274.21	124.692
21086	3276	124.692
21088	3276.32	124.69
21089	3276.48	124.689
21091	3276.8	124.689
21102	3278.58	124.687
21104	3278.9	124.679
21105	3279.07	124.679
21106	3279.23	124.678
21111	3280.03	124.678
21112	3280.19	124.677
21114	3280.51	124.675
21115	3280.67	124.674
21122	3281.81	124.667
21125	3282.3	124.661
21127	3282.62	124.658
21131	3283.28	124.656
21132	3283.44	124.655
21133	3283.6	124.653
21135	3283.92	124.652
21138	3284.43	124.651
21140	3284.75	124.65
21142	3285.08	124.649
21143	3285.24	124.647
21148	3286.06	124.647
21150	3286.4	124.643
21152	3286.72	124.637
21154	3287.04	124.63
21156	3287.36	124.63
21158	3287.7	124.629
21167	3289.21	124.624
21168	3289.37	124.616
21169	3289.54	124.594
21170	3289.7	124.593
21178	3288.54	124.592
21181	3289.03	124.59
21182	3289.22	124.589
21185	3289.71	124.588
21186	3289.87	124.585
21192	3290.85	124.583
21193	3291.01	124.583
21195	3291.33	124.581
21197	3291.65	124.579
21201	3292.29	124.579
21206	3293.1	124.576
21212	3294.07	124.574
21219	3295.28	124.573
21222	3295.77	124.572
21228	3296.74	124.572
21231	3297.22	124.57
21234	3297.71	124.564
21236	3298.03	124.561
21237	3298.19	124.56
21238	3298.36	124.559
21241	3298.86	124.559
21242	3299.02	124.524
21243	3299.19	124.523
21244	3299.35	124.523
21246	3299.68	124.522
21248	3300	124.519
21250	3300.32	124.517
21251	3300.49	124.517
21255	3301.13	124.515
21258	3301.62	124.512
21262	3302.31	124.511
21272	3303.94	124.511
21276	3304.62	124.509
21277	3304.78	124.507
21283	3305.82	124.503
21285	3306.15	124.503
21288	3306.64	124.501
21289	3306.8	124.5
21291	3307.13	124.5
21293	3307.45	124.498
21295	3307.77	124.497
21298	3308.25	124.497
21304	3309.23	124.496
21305	3309.39	124.495
21312	3310.52	124.494
21315	3311	124.494
21316	3311.16	124.492
21324	3312.47	124.489
21325	3312.63	124.487
21327	3312.96	124.486
21328	3313.12	124.484
21331	3313.6	124.479
21335	3314.27	124.479
21337	3314.6	124.475
21338	3314.76	124.466
21340	3315.09	124.461
21341	3315.26	124.461
21342	3315.42	124.459
21346	3316.23	124.458
21349	3316.75	124.456
21354	3317.64	124.453
21355	3317.88	124.451
21357	3318.26	124.45
21360	3318.86	124.45
21364	3319.61	124.448
21373	3318.7	124.447
21374	3318.86	124.447
21378	3319.51	124.436
21379	3319.67	124.435
21380	3319.83	124.43
21384	3320.47	124.425
21390	3321.45	124.423
21392	3321.77	124.421
21396	3322.41	124.419
21403	3323.53	124.416
21407	3324.17	124.415
21409	3324.49	124.409
21415	3325.45	124.408
21417	3325.78	124.399
21418	3325.94	124.394
21430	3327.92	124.394
21433	3328.4	124.388
21438	3329.2	124.375
21440	3329.52	124.374
21441	3329.67	124.374
21447	3330.64	124.373
21449	3330.96	124.367
21454	3331.75	124.365
21455	3331.91	124.365
21456	3332.07	124.365
21457	3332.23	124.361
21458	3332.39	124.361
21465	3333.51	124.359
21466	3333.67	124.351
21468	3333.99	124.349
21469	3334.15	124.34
21470	3334.31	124.338
21473	3334.79	124.337
21477	3335.44	124.336
21480	3335.97	124.335
21489	3337.48	124.334
21494	3338.28	124.334
21500	3339.24	124.334
21501	3339.4	124.331
21512	3341.18	124.33
21524	3343.11	124.329
21526	3343.43	124.325
21531	3344.24	124.324
21532	3344.39	124.324
21535	3344.88	124.324
21537	3345.2	124.32
21553	3347.77	124.319
21562	3349.22	124.318
21565	3349.79	124.317
21572	3348.72	124.315
21581	3350.3	124.314
21583	3350.64	124.312
21591	3352.04	124.311
21593	3352.37	124.311
21594	3352.53	124.307
21598	3353.18	124.306
21616	3356.17	124.305
21623	3357.96	124.302
21628	3358.86	124.296
21632	3359.53	124.294
21636	3360.18	124.292
21639	3360.67	124.291
21644	3361.49	124.271
21657	3363.6	124.271
21658	3363.76	124.266
21659	3363.92	124.243
21674	3366.35	124.243
21675	3366.52	124.241
21681	3367.6	124.239
21684	3368.16	124.237
21689	3369.03	124.237
21693	3369.67	124.232
21701	3370.97	124.23
21710	3372.42	124.227
21713	3373.08	124.227
21714	3373.47	124.225
21716	3374.35	124.225
21724	3375.98	124.22
21726	3376.31	124.216
21728	3376.64	124.215
21729	3376.81	124.2
21731	3377.14	124.194
21735	3377.79	124.129
21745	3379.45	124.127
21747	3379.8	124.122
21759	3379.29	124.121
21775	3381.86	124.118
21777	3382.2	124.115
21780	3382.68	124.106
21784	3383.34	124.106
21809	3387.42	124.105
21816	3388.54	124.104
21820	3389.3	124.104
21821	3389.47	124.096
21826	3390.38	124.095
21828	3390.71	124.094
21834	3391.69	124.09
21845	3394	124.089
21855	3395.68	124.089
21856	3395.84	124.087
21857	3396.01	124.08
21864	3397.14	124.054
21869	3397.94	124.054
21881	3399.87	124.05
21888	3401.01	124.049
21891	3401.5	124.044
21893	3401.85	124.038
21894	3402.02	124.034
21913	3405.13	124.031
21916	3405.62	124.025
21918	3405.96	124.02
21946	3408.06	124.017
21981	3414.35	124.005
22000	3417.43	124.005
22001	3417.59	124.003
22002	3417.76	124
22004	3418.08	123.999
22005	3418.24	123.999
22011	3419.26	123.997
22013	3419.61	123.993
22017	3420.27	123.992
22018	3420.43	123.989
22021	3420.94	123.988
22027	3421.95	123.987
22030	3422.44	123.985
22032	3422.77	123.983
22039	3423.95	123.983
22040	3424.12	123.983
22050	3425.86	123.982
22058	3427.18	123.982
22059	3427.35	123.981
22065	3429.07	123.981
22066	3429.52	123.98
22069	3430.87	123.977
22070	3431.31	123.976
22075	3433.6	123.976
22088	3438.2	123.97
22090	3438.69	123.969
22091	3438.89	123.965
22098	3438.13	123.965
22102	3439.03	123.964
22106	3439.81	123.963
22109	3440.34	123.96
22112	3440.87	123.96
22115	3441.47	123.95
22119	3442.3	123.947
22122	3442.93	123.939
22127	3443.84	123.939
22131	3444.59	123.93
22133	3444.94	123.924
22140	3446.28	123.923
22142	3446.62	123.918
22148	3447.75	123.913
22150	3448.13	123.908
22156	3450.01	123.902
22158	3450.7	123.902
22159	3450.92	123.902
22167	3452.74	123.894
22168	3453.01	123.893
22169	3453.44	123.879
22170	3453.75	123.876
22175	3454.65	123.875
22178	3455.2	123.875
22181	3455.74	123.871
22182	3455.93	123.869
22185	3456.48	123.868
22186	3456.65	123.867
22195	3458.31	123.853
22201	3459.63	123.852
22206	3460.57	123.851
22212	3461.63	123.85
22217	3462.5	123.848
22219	3462.84	123.845
22222	3463.39	123.844
22228	3464.47	123.843
22231	3464.98	123.842
22232	3465.16	123.839
22234	3465.5	123.831
22236	3465.85	123.831
22241	3466.71	123.83
22242	3466.88	123.802
22243	3467.06	123.802
22246	3467.57	123.801
22248	3467.93	123.793
22250	3468.28	123.789
22255	3466.7	123.788
22258	3467.25	123.784
22262	3468.19	123.783
22276	3471.05	123.783
22277	3471.27	123.78
22283	3472.59	123.778
22289	3473.8	123.777
22291	3474.14	123.776
22293	3474.5	123.775
22304	3476.46	123.774
22305	3476.65	123.773
22306	3476.84	123.767
22315	3478.5	123.766
22316	3478.68	123.76
22320	3479.45	123.759
22325	3480.46	123.758
22329	3481.2	123.758
22331	3481.57	123.746
22336	3482.58	123.741
22337	3482.77	123.736
22340	3483.34	123.731
22342	3483.71	123.723
22345	3484.26	123.721
22349	3484.99	123.72
22355	3486.15	123.717
22357	3486.55	123.712
22360	3487.09	123.712
22367	3488.37	123.71
22371	3489.11	123.708
22373	3489.47	123.707
22374	3489.66	123.707
22375	3489.85	123.703
22378	3490.41	123.689
22380	3490.85	123.682
22383	3491.4	123.68
22384	3491.6	123.673
22390	3492.78	123.673
22392	3493.16	123.673
22396	3493.91	123.67
22403	3495.27	123.664
22407	3496.01	123.663
22409	3496.42	123.662
22410	3496.6	123.66
22415	3497.55	123.657
22417	3497.9	123.646
22430	3497.79	123.644
22435	3498.7	123.643
22438	3499.27	123.642
22440	3499.62	123.636
22449	3501.21	123.632
22455	3502.28	123.631
22457	3502.67	123.628
22466	3504.32	123.622
22477	3506.37	123.621
22480	3506.9	123.619
22490	3508.73	123.617
22497	3509.98	123.615
22500	3510.5	123.615
22501	3510.68	123.613
22502	3510.85	123.613
22503	3511.02	123.612
22508	3511.92	123.596
22509	3512.1	123.592
22512	3512.62	123.59
22516	3513.37	123.59
22518	3513.79	123.572
22524	3514.85	123.572
22526	3515.2	123.565
22535	3516.77	123.565
22537	3517.1	123.562
22540	3517.63	123.559
22541	3517.8	123.545
22548	3519.01	123.52
22549	3519.19	123.519
22553	3519.9	123.518
22554	3520.08	123.515
22562	3521.47	123.509
22565	3522	123.508
22566	3522.17	123.503
22569	3522.7	123.503
22572	3523.27	123.503
22575	3523.79	123.502
22577	3524.14	123.499
22583	3525.19	123.497
22591	3526.59	123.497
22614	3528.26	123.496
22615	3528.45	123.491
22623	3529.91	123.439
22628	3530.79	123.433
22632	3531.51	123.43
22636	3532.2	123.428
22644	3533.62	123.422
22656	3535.77	123.417
22657	3535.95	123.416
22658	3536.12	123.415
22659	3536.3	123.396
22660	3536.47	123.396
22662	3536.83	123.394
22672	3538.57	123.39
22674	3538.92	123.389
22675	3539.13	123.387
22681	3540.27	123.381
22684	3540.81	123.381
22689	3541.69	123.378
22701	3543.8	123.375
22704	3544.33	123.374
22709	3545.21	123.362
22714	3546.09	123.36
22716	3546.44	123.36
22724	3547.91	123.355
22726	3548.26	123.354
22728	3548.6	123.353
22729	3548.79	123.346
22731	3549.14	123.336
22735	3549.91	123.296
22745	3551.7	123.293
22747	3552.05	123.289
22750	3552.58	123.286
22754	3553.3	123.285
22775	3557.09	123.283
22777	3557.45	123.282
22789	3557.44	123.28
22800	3559.52	123.28
22802	3559.9	123.278
22810	3561.4	123.175
22811	3561.58	123.168
22816	3562.51	123.167
22821	3563.48	123.162
22822	3563.69	123.16
22830	3565.2	123.153
22838	3566.57	123.126
22845	3567.82	123.123
22847	3568.17	123.122
22856	3569.79	123.122
22857	3569.96	123.115
22863	3571.03	123.115
22864	3571.2	123.101
22866	3571.55	123.101
22874	3572.93	123.101
22881	3574.16	123.098
22886	3575.08	123.037
22892	3576.15	123.033
22893	3576.32	123.029
22894	3576.5	123.026
22907	3579.01	123.022
22910	3579.52	123.021
22913	3580.03	123.014
22916	3580.53	123.011
22926	3582.29	122.991
22941	3584.96	122.961
22944	3585.49	122.959
22945	3585.67	122.942
22948	3586.21	122.937
22954	3587.28	122.925
22959	3588.18	122.898
22964	3586.59	122.896
22976	3588.92	122.841
22979	3589.44	122.834
22981	3589.78	122.831
23000	3593.19	122.831
23001	3593.38	122.83
23008	3594.6	122.829
23010	3594.95	122.828
23011	3595.13	122.824
23013	3595.49	122.82
23017	3596.2	122.816
23023	3597.29	122.815
23027	3597.99	122.815
23030	3598.58	122.813
23045	3601.36	122.806
23048	3601.89	122.805
23055	3603.14	122.799
23056	3603.4	122.798
23058	3603.83	122.798
23059	3604	122.795
23060	3604.17	122.795
23061	3604.35	122.791
23063	3604.7	122.791
23066	3605.23	122.79
23069	3605.76	122.785
23070	3605.93	122.784
23074	3606.64	122.782
23075	3606.81	122.782
23077	3607.16	122.78
23078	3607.34	122.779
23086	3608.74	122.778
23090	3609.44	122.776
23091	3609.62	122.776
23095	3610.39	122.775
23097	3610.74	122.77
23098	3610.91	122.769
23099	3611.08	122.769
23101	3611.43	122.769
23102	3611.6	122.766
23103	3611.78	122.764
23105	3612.13	122.761
23109	3612.91	122.76
23111	3613.26	122.759
23113	3613.64	122.756
23114	3613.81	122.756
23115	3613.98	122.755
23122	3615.24	122.75
23124	3615.6	122.748
23131	3616.83	122.743
23133	3617.19	122.742
23140	3615.95	122.742
23142	3616.3	122.74
23150	3617.74	122.734
23151	3617.91	122.734
23155	3618.66	122.733
23156	3618.84	122.726
23157	3619.02	122.725
23158	3619.2	122.722
23165	3620.52	122.718
23167	3620.86	122.715
23168	3621.04	122.713
23169	3621.21	122.7
23170	3621.38	122.699
23172	3621.75	122.699
23175	3622.28	122.694
23178	3622.81	122.694
23181	3623.32	122.69
23182	3623.49	122.689
23185	3624.01	122.689
23186	3624.19	122.686
23195	3625.76	122.683
23199	3626.44	122.672
23201	3626.83	122.672
23206	3627.7	122.67
23212	3628.76	122.668
23219	3629.99	122.667
23222	3630.52	122.665
23228	3631.59	122.664
23232	3632.28	122.662
23234	3632.62	122.651
23239	3633.49	122.65
23241	3633.83	122.649
23242	3634.02	122.628
23243	3634.2	122.627
23246	3634.73	122.626
23247	3634.91	122.623
23248	3635.08	122.619
23255	3636.29	122.614
23262	3637.55	122.613
23270	3638.99	122.612
23272	3639.35	122.611
23273	3639.52	122.599
23274	3639.69	122.598
23276	3640.03	122.596
23277	3640.2	122.589
23280	3640.72	122.589
23289	3642.3	122.588
23293	3643	122.587
23295	3643.34	122.584
23299	3644.04	122.571
23304	3644.96	122.561
23305	3645.13	122.558
23308	3645.69	122.556
23311	3646.35	122.556
23315	3647.03	122.556
23316	3647.2	122.552
23317	3647.37	122.55
23319	3647.72	122.55
23324	3646.12	122.549
23325	3646.29	122.547
23329	3647.02	122.546
23330	3647.21	122.544
23331	3647.39	122.539
23332	3647.6	122.539
23333	3647.78	122.538
23337	3648.54	122.531
23340	3649.05	122.522
23342	3649.4	122.519
23348	3650.43	122.518
23349	3650.61	122.512
23353	3651.32	122.51
23355	3651.69	122.506
23360	3652.57	122.502
23362	3652.92	122.5
23366	3653.67	122.498
23367	3653.86	122.496
23373	3654.93	122.493
23374	3655.11	122.492
23378	3655.82	122.487
23380	3656.2	122.483
23384	3656.89	122.481
23389	3657.76	122.481
23392	3658.31	122.481
23399	3659.55	122.478
23403	3660.25	122.478
23407	3660.95	122.478
23408	3661.13	122.475
23417	3662.72	122.466
23421	3663.43	122.465
23430	3665.06	122.462
23433	3665.61	122.461
23438	3666.49	122.457
23439	3666.66	122.454
23440	3666.84	122.451
23442	3667.21	122.451
23452	3668.98	122.449
23455	3669.51	122.448
23457	3669.86	122.445
23461	3670.57	122.442
23465	3671.28	122.435
23466	3671.46	122.431
23480	3673.93	122.43
23482	3674.29	122.428
23483	3674.46	122.427
23484	3674.64	122.425
23485	3674.89	122.414
23486	3675.07	122.413
23487	3675.25	122.412
23490	3675.78	122.412
23497	3676.98	122.41
23500	3677.51	122.41
23501	3675.21	122.41
23503	3675.58	122.408
23508	3676.45	122.395
23509	3676.62	122.39
23512	3677.13	122.389
23518	3678.2	122.385
23526	3679.58	122.383
23531	3680.45	122.383
23537	3681.53	122.382
23543	3682.61	122.38
23547	3683.3	122.378
23549	3683.65	122.377
23553	3684.35	122.376
23554	3684.53	122.374
23562	3685.94	122.373
23565	3686.46	122.368
23566	3686.63	122.36
23569	3687.16	122.354
23572	3687.69	122.354
23573	3687.86	122.352
23575	3688.21	122.351
23583	3689.61	122.35
23584	3689.78	122.344
23585	3689.95	122.338
23586	3690.12	122.335
23587	3690.28	122.335
23591	3691	122.335
23610	3694.25	122.333
23614	3694.93	122.327
23615	3695.11	122.317
23622	3696.29	122.317
23623	3696.46	122.264
23624	3696.63	122.264
23628	3697.3	122.257
23635	3698.49	122.256
23636	3698.66	122.255
23639	3699.19	122.252
23641	3699.68	122.251
23644	3700.23	122.242
23656	3702.38	122.241
23658	3702.72	122.238
23659	3702.9	122.229
23660	3703.07	122.225
23668	3704.49	122.224
23672	3705.18	122.223
23674	3705.56	122.222
23675	3705.74	122.22
23681	3706.84	122.213
23689	3705.77	122.21
23693	3706.48	122.207
23701	3708.03	122.205
23704	3708.69	122.201
23712	3710.11	122.2
23714	3710.46	122.197
23724	3712.22	122.192
23726	3712.57	122.191
23728	3712.92	122.189
23729	3713.11	122.178
23730	3713.35	122.176
23735	3714.23	122.168
23740	3715.08	122.167
23745	3715.99	122.164
23755	3717.76	122.163
23762	3719.03	122.161
23775	3721.32	122.16
23780	3722.27	122.159
23784	3723.04	122.156
23787	3723.55	122.149
23810	3727.66	122.143
23811	3727.86	122.138
23828	3731	122.137
23843	3733.59	122.136
23845	3733.96	122.133
23851	3735.16	122.133
23854	3735.71	122.128
23857	3736.23	122.123
23863	3734.81	122.107
23864	3734.98	122.1
23869	3735.88	122.089
23881	3740.27	122.088
23886	3741.42	121.987
23894	3743.03	121.984
23895	3743.27	121.983
23896	3743.47	121.978
23897	3743.82	121.978
23903	3745.31	121.972
23907	3746.21	121.972
23913	3747.61	121.969
23916	3748.35	121.965
23936	3752.43	121.959
23945	3754.05	121.534
23948	3754.62	121.532
23954	3755.76	121.53
23957	3756.38	121.525
23964	3757.7	121.524
23979	3760.48	121.52
23981	3760.84	121.513
24000	3764.32	121.513
24001	3764.5	121.51
24002	3764.67	121.509
24004	3765.03	121.509
24005	3765.2	121.508
24008	3765.75	121.506
24010	3766.11	121.504
24011	3766.29	121.5
24013	3766.68	121.494
24014	3764.39	121.489
24023	3766.03	121.489
24024	3766.23	121.489
24030	3767.33	121.488
24035	3768.37	121.487
24039	3769.23	121.484
24040	3769.41	121.484
24045	3770.29	121.483
24055	3772.09	121.477
24058	3772.67	121.477
24059	3772.84	121.474
24060	3773.07	121.474
24061	3773.26	121.473
24069	3774.86	121.471
24070	3775.03	121.47
24074	3775.73	121.468
24077	3776.28	121.466
24079	3776.65	121.465
24090	3778.7	121.463
24091	3778.88	121.462
24093	3779.27	121.461
24095	3779.62	121.46
24098	3780.18	121.459
24099	3780.37	121.454
24103	3781.09	121.454
24105	3781.45	121.453
24114	3783.07	121.452
24118	3783.83	121.448
24122	3784.7	121.443
24123	3784.88	121.44
24124	3785.06	121.435
24131	3786.35	121.428
24133	3786.71	121.428
24134	3786.88	121.428
24137	3787.41	121.427
24140	3787.96	121.427
24142	3788.33	121.424
24145	3788.87	121.421
24150	3789.74	121.418
24153	3790.27	121.415
24156	3790.86	121.415
24158	3791.22	121.415
24160	3791.57	121.413
24164	3792.29	121.407
24165	3792.47	121.401
24168	3793.02	121.4
24169	3793.2	121.38
24171	3793.56	121.375
24175	3794.27	121.37
24181	3795.36	121.365
24182	3795.59	121.364
24183	3795.77	121.364
24184	3795.95	121.363
24186	3796.32	121.359
24187	3796.51	121.358
24188	3794.22	121.357
24193	3795.2	121.356
24201	3796.69	121.338
24206	3797.6	121.338
24207	3797.77	121.328
24210	3798.33	121.327
24217	3799.59	121.326
24219	3799.98	121.323
24224	3800.85	121.322
24225	3801.04	121.318
24228	3801.57	121.317
24232	3802.26	121.316
24234	3802.61	121.307
24236	3802.96	121.307
24238	3803.31	121.292
24239	3803.48	121.292
24240	3803.65	121.29
24241	3803.82	121.286
24242	3804	121.281
24243	3804.17	121.277
24244	3804.35	121.275
24246	3804.7	121.274
24248	3805.07	121.271
24249	3805.25	121.268
24250	3805.43	121.268
24255	3806.32	121.265
24262	3807.57	121.265
24272	3809.37	121.263
24273	3809.54	121.262
24281	3810.93	121.258
24282	3811.1	121.257
24283	3811.28	121.252
24286	3811.8	121.252
24289	3812.34	121.251
24293	3813.05	121.251
24295	3813.39	121.246
24299	3814.08	121.246
24304	3814.97	121.241
24315	3816.87	121.24
24316	3817.04	121.239
24319	3817.56	121.237
24320	3817.73	121.236
24322	3818.1	121.235
24325	3818.64	121.234
24330	3819.51	121.233
24331	3819.68	121.232
24333	3820.03	121.232
24335	3820.4	121.227
24337	3820.75	121.224
24340	3821.26	121.217
24342	3821.61	121.215
24345	3822.17	121.212
24347	3822.52	121.212
24349	3822.87	121.201
24355	3823.91	121.199
24357	3824.28	121.194
24360	3824.87	121.19
24362	3825.22	121.188
24364	3825.57	121.185
24372	3824.48	121.183
24373	3824.65	121.176
24374	3824.82	121.175
24377	3825.34	121.174
24378	3825.51	121.16
24380	3825.86	121.155
24384	3826.55	121.134
24391	3827.77	121.131
24396	3828.74	121.129
24399	3829.27	121.124
24403	3830	121.124
24408	3830.88	121.122
24417	3832.48	121.115
24418	3832.65	121.114
24423	3833.52	121.114
24430	3834.84	121.112
24433	3835.37	121.108
24435	3835.72	121.107
24440	3836.57	121.105
24446	3837.61	121.105
24450	3838.32	121.105
24452	3838.66	121.103
24454	3839	121.101
24455	3839.17	121.099
24457	3839.51	121.092
24459	3839.86	121.091
24461	3840.23	121.088
24466	3841.1	121.083
24471	3841.97	121.083
24474	3842.49	121.082
24485	3844.48	121.061
24486	3844.64	121.06
24487	3844.81	121.06
24490	3845.33	121.059
24500	3847.15	121.059
24507	3848.41	121.059
24508	3848.59	121.059
24512	3849.27	121.057
24518	3850.38	121.053
24521	3850.89	121.053
24526	3851.73	121.052
24535	3853.3	121.052
24537	3853.63	121.051
24549	3855.76	121.05
24553	3854	121.05
24554	3854.17	121.048
24562	3855.65	121.048
24566	3856.35	121.045
24570	3857.03	121.044
24572	3857.37	121.044
24583	3859.31	121.043
24586	3859.85	121.041
24587	3860.02	121.039
24591	3860.76	121.038
24593	3861.11	121.038
24609	3863.96	121.036
24615	3865.06	121.034
24617	3865.41	121.033
24623	3866.46	121.004
24626	3866.99	121.003
24628	3867.34	120.992
24634	3868.44	120.985
24636	3868.85	120.923
24644	3870.25	120.917
24651	3871.51	120.916
24656	3872.38	120.913
24657	3872.55	120.91
24658	3872.73	120.91
24659	3872.9	120.9
24672	3875.18	120.898
24674	3875.53	120.898
24675	3875.7	120.896
24684	3877.35	120.896
24688	3878.04	120.89
24689	3878.2	120.887
24690	3878.38	120.885
24701	3880.3	120.879
24704	3880.83	120.878
24712	3882.24	120.878
24714	3882.61	120.876
24716	3882.98	120.876
24724	3884.42	120.871
24728	3885.11	120.87
24729	3885.28	120.847
24738	3884.39	120.846
24745	3885.62	120.845
24762	3888.8	120.843
24777	3891.5	120.842
24784	3892.71	120.841
24787	3893.26	120.839
24802	3895.89	120.837
24810	3897.33	120.835
24811	3897.5	120.834
24816	3898.38	120.828
24826	3900.19	120.824
24833	3901.42	120.824
24845	3903.7	120.823
24857	3905.81	120.818
24863	3906.89	120.801
24869	3907.95	120.799
24880	3909.89	120.798
24881	3910.07	120.795
24884	3910.58	120.793
24886	3910.92	120.767
24887	3911.15	120.765
24891	3911.85	120.763
24894	3912.39	120.763
24895	3912.56	120.761
24913	3913.31	120.758
24916	3913.83	120.755
24950	3919.8	120.754
24964	3922.28	120.753
24981	3925.2	120.734
25000	3928.4	120.734
25001	3928.57	120.734
25005	3929.25	120.734
25008	3929.77	120.733
25010	3930.13	120.733
25013	3930.69	120.732
25014	3930.86	120.724
25017	3931.38	120.723
25019	3931.73	120.722
25020	3931.9	120.722
25023	3932.42	120.72
25024	3932.59	120.719
25030	3933.67	120.713
25031	3933.86	120.713
25039	3935.31	120.712
25040	3935.49	120.712
25042	3935.85	120.711
25045	3936.41	120.71
25047	3936.76	120.708
25051	3937.44	120.708
25055	3938.12	120.707
25058	3938.63	120.706
25060	3938.97	120.706
25061	3939.14	120.706
25063	3939.48	120.705
25069	3940.54	120.702
25070	3940.71	120.702
25072	3941.06	120.701
25074	3941.41	120.697
25077	3941.96	120.693
25078	3942.14	120.693
25079	3942.33	120.691
25080	3942.51	120.691
25087	3943.74	120.69
25088	3943.92	120.688
25090	3944.26	120.687
25091	3944.46	120.686
25093	3944.8	120.685
25095	3945.15	120.685
25098	3943.22	120.685
25099	3943.39	120.682
25101	3943.75	120.679
25109	3945.15	120.678
25114	3946.06	120.676
25115	3946.25	120.675
25118	3946.77	120.674
25122	3947.46	120.671
25123	3947.63	120.671
25124	3947.83	120.67
25127	3948.41	120.666
25132	3949.29	120.665
25133	3949.47	120.661
25140	3950.69	120.661
25142	3951.04	120.659
25143	3951.22	120.658
25145	3951.59	120.653
25150	3952.51	120.65
25153	3953.1	120.648
25157	3953.79	120.646
25158	3953.97	120.645
25162	3954.72	120.645
25163	3954.94	120.638
25164	3955.19	120.631
25165	3955.37	120.629
25166	3955.54	120.629
25168	3955.88	120.628
25169	3956.06	120.616
25170	3956.23	120.616
25172	3956.58	120.613
25175	3957.11	120.611
25181	3958.19	120.609
25182	3958.36	120.608
25186	3959.06	120.603
25188	3959.44	120.602
25193	3960.38	120.601
25194	3960.55	120.601
25199	3961.43	120.597
25200	3961.6	120.597
25201	3961.77	120.596
25207	3962.81	120.593
25212	3963.66	120.593
25219	3964.89	120.592
25222	3965.41	120.592
25225	3965.93	120.59
25226	3966.1	120.59
25228	3966.44	120.59
25231	3966.96	120.59
25234	3967.49	120.582
25236	3967.83	120.581
25238	3968.17	120.577
25239	3968.34	120.576
25240	3968.51	120.576
25241	3968.69	120.574
25242	3968.86	120.569
25247	3969.75	120.568
25248	3969.92	120.565
25249	3970.12	120.56
25255	3971.24	120.559
25257	3971.58	120.558
25258	3971.76	120.557
25260	3972.11	120.556
25262	3972.46	120.555
25264	3972.81	120.555
25266	3973.16	120.554
25272	3974.21	120.553
25274	3974.6	120.553
25276	3974.94	120.551
25281	3973.32	120.551
25282	3973.5	120.548
25283	3973.72	120.541
25285	3974.16	120.538
25286	3974.34	120.537
25289	3974.86	120.536
25298	3976.43	120.535
25303	3977.33	120.531
25304	3977.5	120.528
25305	3977.67	120.527
25310	3978.56	120.525
25315	3979.53	120.525
25316	3979.71	120.522
25320	3980.43	120.522
25323	3980.96	120.522
25325	3981.33	120.52
25329	3982.02	120.519
25330	3982.19	120.518
25331	3982.39	120.516
25332	3982.57	120.513
25333	3982.74	120.513
25335	3983.09	120.511
25336	3983.26	120.508
25337	3983.44	120.505
25340	3983.97	120.498
25342	3984.32	120.497
25345	3984.85	120.495
25347	3985.21	120.493
25348	3985.38	120.493
25349	3985.56	120.488
25351	3985.91	120.487
25353	3986.29	120.487
25355	3986.65	120.483
25357	3987	120.482
25360	3987.54	120.479
25362	3987.89	120.478
25367	3988.78	120.478
25369	3989.13	120.477
25373	3989.84	120.472
25378	3990.71	120.462
25383	3991.6	120.461
25384	3991.8	120.452
25389	3992.71	120.45
25392	3993.26	120.45
25395	3993.82	120.449
25397	3994.16	120.449
25398	3994.33	120.445
25399	3994.5	120.443
25408	3996.18	120.443
25410	3996.53	120.44
25417	3997.79	120.393
25428	3999.73	120.391
25430	4000.07	120.39
25433	4000.6	120.39
25435	4000.95	120.39
25440	4001.82	120.389
25446	4002.91	120.388
25450	4003.62	120.388
25451	4003.79	120.386
25452	4003.96	120.386
25455	4004.5	120.384
25457	4004.86	120.379
25460	4002.91	120.379
25463	4003.43	120.378
25466	4003.95	120.374
25468	4004.31	120.374
25473	4005.23	120.373
25482	4006.8	120.369
25483	4006.97	120.367
25484	4007.14	120.366
25485	4007.33	120.365
25486	4007.5	120.364
25489	4008.04	120.363
25498	4009.73	120.363
25500	4010.08	120.362
25502	4010.43	120.362
25508	4011.47	120.361
25509	4011.65	120.361
25510	4011.82	120.359
25511	4011.99	120.357
25512	4012.16	120.354
25518	4013.22	120.353
25522	4013.92	120.349
25528	4015.04	120.334
25532	4015.73	120.332
25544	4017.84	120.331
25549	4018.72	120.331
25552	4019.25	120.327
25553	4019.42	120.326
25557	4020.13	120.324
25558	4020.32	120.32
25560	4020.68	120.32
25561	4020.86	120.319
25562	4021.04	120.319
25565	4021.56	120.318
25566	4021.74	120.317
25570	4022.43	120.316
25572	4022.81	120.316
25573	4022.99	120.316
25578	4023.87	120.315
25583	4024.74	120.315
25586	4025.25	120.313
25589	4025.78	120.312
25590	4025.96	120.312
25593	4026.5	120.312
25599	4027.6	120.312
25600	4027.78	120.311
25610	4029.56	120.31
25613	4030.09	120.308
25615	4030.43	120.307
25616	4030.6	120.306
25617	4030.77	120.303
25619	4031.12	120.302
25620	4031.31	120.301
25621	4031.49	120.299
25623	4031.83	120.29
25624	4032	120.289
25626	4032.36	120.289
25628	4032.8	120.283
25629	4032.98	120.281
25632	4033.5	120.28
25636	4034.2	120.278
25641	4032.62	120.276
25642	4032.8	120.276
25651	4034.39	120.276
25652	4034.56	120.275
25656	4035.26	120.273
25657	4035.44	120.271
25658	4035.61	120.269
25659	4035.78	120.265
25667	4037.25	120.264
25669	4037.61	120.263
25672	4038.14	120.262
25673	4038.32	120.26
25674	4038.51	120.259
25675	4038.69	120.256
25681	4039.77	120.256
25684	4040.3	120.256
25688	4041.08	120.255
25689	4041.25	120.254
25691	4041.6	120.252
25692	4041.78	120.251
25693	4041.96	120.25
25697	4042.7	120.249
25699	4043.06	120.228
25701	4043.42	120.226
25703	4043.77	120.222
25704	4043.96	120.222
25711	4045.28	120.22
25712	4045.57	120.22
25716	4046.82	120.219
25720	4047.8	120.218
25724	4048.58	120.214
25725	4048.76	120.213
25728	4049.32	120.213
25729	4049.49	120.193
25730	4049.67	120.193
25733	4050.19	120.185
25740	4051.46	120.183
25741	4051.65	120.183
25746	4052.57	120.181
25748	4052.93	120.179
25751	4053.47	120.175
25758	4054.83	120.175
25762	4055.56	120.172
25772	4057.33	120.172
25776	4058.04	120.167
25777	4058.21	120.162
25784	4059.45	120.162
25789	4060.32	120.16
25794	4061.25	120.158
25804	4063.12	120.151
25806	4063.46	120.148
25807	4063.63	120.144
25808	4063.8	120.144
25809	4063.97	120.142
25811	4064.32	120.14
25812	4064.5	120.139
25814	4062.36	120.137
25816	4062.71	120.135
25817	4062.88	120.134
25823	4063.92	120.133
25826	4064.45	120.132
25830	4065.17	120.131
25831	4065.35	120.128
25833	4065.7	120.126
25836	4066.22	120.124
25845	4067.83	120.123
25847	4068.22	120.121
25853	4069.33	120.121
25857	4070.04	120.116
25863	4071.1	120.107
25866	4071.62	120.105
25868	4071.97	120.104
25876	4073.39	120.103
25879	4073.91	120.103
25881	4074.31	120.101
25884	4074.84	120.1
25891	4076.11	120.097
25894	4076.66	120.097
25897	4077.19	120.095
25907	4078.94	120.094
25909	4079.31	120.093
25910	4079.48	120.092
25913	4080	120.089
25916	4080.52	120.086
25936	4084.07	120.079
25942	4085.12	120.078
25945	4085.67	120.076
25947	4086.02	120.076
25950	4086.54	120.075
25960	4088.27	120.073
25961	4088.45	120.071
25967	4089.47	120.069
25969	4089.81	120.066
25971	4090.17	120.065
25979	4091.58	120.055
25980	4091.76	120.053
25981	4091.92	120.036
25984	4092.43	120.036
25987	4092.94	120.013
25991	4093.62	120.013
26000	4092.87	120.013
26001	4093.05	120.011
26002	4093.25	120.009
26003	4093.43	120.009
26005	4093.78	120.009
26007	4094.13	120.008
26008	4094.3	120.008
26013	4095.18	120.007
26014	4095.35	119.997
26016	4095.7	119.996
26020	4096.4	119.996
26025	4097.27	119.995
26030	4098.17	119.994
26031	4098.35	119.992
26034	4098.92	119.991
26042	4100.37	119.984
26045	4100.91	119.981
26047	4101.26	119.977
26055	4102.77	119.969
26059	4103.48	119.969
26063	4104.21	119.967
26064	4104.39	119.966
26069	4105.28	119.964
26070	4105.45	119.963
26071	4105.63	119.963
26074	4106.16	119.961
26077	4106.77	119.959
26078	4106.95	119.958
26088	4108.73	119.958
26090	4109.08	119.957
26093	4109.61	119.957
26095	4109.95	119.956
26099	4110.66	119.956
26105	4111.67	119.954
26107	4112	119.953
26108	4112.17	119.952
26109	4112.34	119.951
26115	4113.38	119.95
26118	4113.9	119.947
26122	4114.57	119.945
26127	4115.47	119.945
26133	4116.53	119.943
26134	4116.7	119.943
26140	4117.73	119.942
26142	4118.06	119.94
26150	4119.44	119.938
26158	4120.87	119.938
26164	4121.91	119.934
26165	4122.08	119.931
26168	4122.69	119.929
26169	4122.86	119.919
26170	4123.04	119.918
26172	4123.39	119.918
26175	4123.9	119.912
26178	4121.94	119.912
26180	4122.32	119.912
26181	4122.5	119.911
26182	4122.67	119.911
26186	4123.37	119.908
26192	4124.42	119.907
26193	4124.6	119.906
26197	4125.31	119.906
26201	4126.01	119.905
26204	4126.53	119.904
26210	4127.56	119.904
26211	4127.72	119.902
26214	4128.26	119.902
26218	4128.94	119.899
26219	4129.11	119.898
26220	4129.29	119.896
26222	4129.64	119.896
26224	4129.98	119.895
26234	4131.7	119.89
26236	4132.1	119.889
26238	4132.45	119.885
26241	4133	119.884
26242	4133.17	119.881
26243	4133.34	119.88
26246	4133.84	119.879
26248	4134.21	119.877
26249	4134.38	119.874
26251	4134.71	119.873
26255	4135.39	119.871
26258	4135.9	119.87
26274	4138.74	119.87
26276	4139.11	119.87
26277	4139.28	119.87
26281	4139.98	119.87
26283	4140.33	119.867
26286	4140.85	119.866
26289	4141.38	119.866
26293	4142.09	119.865
26296	4142.62	119.865
26298	4142.99	119.864
26304	4144.07	119.864
26305	4144.25	119.862
26308	4144.77	119.861
26310	4145.11	119.846
26316	4146.17	119.845
26317	4146.34	119.843
26319	4146.75	119.842
26321	4147.1	119.842
26324	4147.62	119.839
26325	4147.79	119.839
26329	4148.52	119.838
26330	4148.69	119.836
26331	4148.87	119.835
26333	4149.22	119.835
26335	4149.56	119.835
26337	4149.92	119.834
26339	4150.29	119.834
26340	4150.47	119.83
26342	4150.81	119.828
26343	4150.99	119.828
26345	4151.37	119.827
26348	4151.88	119.827
26349	4152.06	119.826
26360	4151.5	119.824
26373	4153.82	119.811
26378	4154.7	119.81
26380	4155.05	119.81
26384	4155.77	119.796
26385	4155.94	119.79
26386	4156.12	119.788
26392	4157.18	119.788
26396	4157.88	119.787
26397	4158.07	119.786
26398	4158.27	119.778
26405	4159.52	119.778
26408	4160.08	119.776
26410	4160.51	119.776
26415	4161.5	119.774
26417	4161.87	119.765
26422	4162.75	119.762
26430	4164.16	119.761
26433	4164.68	119.758
26440	4165.92	119.756
26448	4167.33	119.756
26455	4168.54	119.754
26457	4168.89	119.753
26459	4169.23	119.749
26460	4169.4	119.748
26463	4169.93	119.747
26465	4170.29	119.744
26466	4170.47	119.739
26473	4171.77	119.738
26477	4172.46	119.732
26484	4173.69	119.731
26485	4173.88	119.73
26491	4174.9	119.728
26500	4176.5	119.728
26502	4176.83	119.728
26511	4178.41	119.728
26512	4178.59	119.727
26524	4180.63	119.725
26526	4180.98	119.724
26534	4182.41	119.724
26546	4182.06	119.723
26549	4182.58	119.722
26560	4184.51	119.722
26561	4184.68	119.722
26562	4184.85	119.718
26565	4185.37	119.716
26569	4186.06	119.716
26572	4186.61	119.716
26577	4187.65	119.713
26583	4188.77	119.712
26600	4191.7	119.709
26609	4193.29	119.706
26612	4193.84	119.705
26619	4195.08	119.701
26621	4195.42	119.701
26623	4195.76	119.698
26624	4195.94	119.697
26628	4196.63	119.692
26629	4196.8	119.691
26632	4197.39	119.69
26636	4198.08	119.688
26644	4199.49	119.684
26656	4201.61	119.68
26657	4201.79	119.679
26658	4201.96	119.678
26659	4202.13	119.674
26673	4204.61	119.672
26674	4204.79	119.671
26675	4204.97	119.669
26679	4205.69	119.659
26682	4206.24	119.657
26689	4207.51	119.656
26691	4207.86	119.654
26693	4208.21	119.653
26699	4209.31	119.645
26701	4209.65	119.642
26720	4213.12	119.641
26724	4211.35	119.638
26728	4212.07	119.638
26729	4212.24	119.63
26730	4212.41	119.63
26733	4212.96	119.618
26740	4214.2	119.614
26746	4215.29	119.614
26762	4218.15	119.611
26767	4219.04	119.603
26772	4219.92	119.602
26777	4220.84	119.6
26781	4221.55	119.584
26784	4222.11	119.583
26786	4222.45	119.582
26787	4222.62	119.58
26794	4223.87	119.58
26800	4224.96	119.579
26802	4225.32	119.578
26804	4225.66	119.577
26807	4226.19	119.577
26809	4226.56	119.576
26817	4227.97	119.576
26830	4230.33	119.572
26833	4230.9	119.572
26834	4231.09	119.571
26835	4231.27	119.569
26857	4235.38	119.565
26863	4236.41	119.56
26866	4237.06	119.56
26881	4239.7	119.558
26886	4240.57	119.549
26891	4241.46	119.545
26894	4241.97	119.543
26913	4242.91	119.54
26916	4243.45	119.539
26933	4246.45	119.539
26945	4248.73	119.539
26947	4249.1	119.539
26948	4249.27	119.537
26950	4249.62	119.537
26961	4251.56	119.536
26967	4252.67	119.534
26969	4253.01	119.533
27000	4258.57	119.533
27001	4258.75	119.532
27006	4259.62	119.53
27007	4259.79	119.527
27010	4260.36	119.526
27013	4260.91	119.524
27014	4261.1	119.524
27015	4261.29	119.524
27018	4261.84	119.523
27025	4263.06	119.523
27027	4263.41	119.523
27030	4263.93	119.522
27037	4265.16	119.521
27045	4266.58	119.521
27047	4266.95	119.52
27050	4267.49	119.519
27053	4268.02	119.516
27055	4268.43	119.508
27069	4270.88	119.506
27070	4271.04	119.506
27074	4271.73	119.505
27077	4272.25	119.503
27088	4271.79	119.497
27090	4272.16	119.493
27099	4273.81	119.493
27107	4275.27	119.492
27109	4275.63	119.491
27112	4276.17	119.488
27118	4277.25	119.485
27122	4277.95	119.483
27124	4278.3	119.48
27129	4279.16	119.479
27131	4279.55	119.478
27133	4279.91	119.477
27140	4281.19	119.477
27141	4281.37	119.475
27142	4281.56	119.473
27150	4283.06	119.47
27157	4284.34	119.47
27164	4285.59	119.466
27165	4285.77	119.464
27166	4285.94	119.463
27168	4286.29	119.462
27169	4286.47	119.453
27175	4287.55	119.446
27176	4287.73	119.445
27178	4288.08	119.444
27182	4288.79	119.443
27186	4289.5	119.44
27192	4290.63	119.438
27201	4292.21	119.424
27210	4293.8	119.423
27212	4294.14	119.421
27216	4294.87	119.42
27218	4295.23	119.419
27219	4295.41	119.419
27220	4295.59	119.418
27222	4295.94	119.417
27224	4296.28	119.416
27225	4296.46	119.413
27234	4298.03	119.41
27238	4298.75	119.407
27241	4299.27	119.407
27242	4299.46	119.403
27243	4299.64	119.403
27248	4300.5	119.399
27249	4300.68	119.399
27255	4301.75	119.397
27258	4302.29	119.397
27273	4302.43	119.395
27276	4302.93	119.387
27277	4303.1	119.379
27283	4304.15	119.374
27289	4305.2	119.373
27293	4305.89	119.373
27296	4306.4	119.372
27304	4307.78	119.371
27312	4309.3	119.369
27316	4310.01	119.367
27331	4312.64	119.366
27335	4313.32	119.365
27337	4313.66	119.363
27340	4314.19	119.36
27342	4314.54	119.357
27343	4314.72	119.356
27345	4315.06	119.355
27346	4315.25	119.355
27348	4315.6	119.354
27349	4315.77	119.353
27353	4316.55	119.349
27357	4317.31	119.349
27360	4317.82	119.348
27364	4318.49	119.344
27373	4320.08	119.336
27378	4320.96	119.332
27384	4322.02	119.323
27396	4324.16	119.321
27405	4325.74	119.316
27406	4325.93	119.315
27408	4326.31	119.315
27410	4326.66	119.289
27417	4327.87	119.28
27422	4328.77	119.28
27429	4330.05	119.278
27435	4331.09	119.276
27440	4331.97	119.276
27455	4332.14	119.272
27457	4332.59	119.135
27459	4332.98	119.133
27460	4333.16	119.132
27461	4333.37	119.131
27463	4333.71	119.13
27466	4334.22	119.127
27477	4336.16	119.118
27484	4337.38	119.116
27491	4338.64	119.116
27500	4340.23	119.116
27501	4340.41	119.115
27502	4340.58	119.114
27507	4341.45	119.114
27512	4342.33	119.113
27513	4342.52	119.113
27522	4344.27	119.11
27523	4344.46	119.11
27524	4344.64	119.11
27526	4345.01	119.11
27549	4349.11	119.109
27553	4349.89	119.109
27561	4351.29	119.108
27562	4351.46	119.108
27569	4352.65	119.107
27572	4353.17	119.107
27585	4355.45	119.106
27598	4357.77	119.102
27600	4358.12	119.101
27609	4359.71	119.1
27619	4361.58	119.095
27628	4360.69	119.086
27632	4361.39	119.084
27636	4362.1	119.082
27646	4363.86	119.082
27654	4365.34	119.081
27656	4365.7	119.081
27657	4365.87	119.081
27658	4366.05	119.08
27659	4366.24	119.071
27666	4367.56	119.069
27669	4368.18	119.065
27674	4369.25	119.065
27675	4369.42	119.063
27679	4370.13	119.058
27689	4371.94	119.055
27699	4373.73	119.053
27701	4374.08	119.05
27706	4374.95	119.05
27708	4375.33	119.048
27722	4377.8	119.047
27724	4378.15	119.044
27728	4378.88	119.044
27729	4379.06	119.042
27733	4379.76	119.031
27759	4384.38	119.031
27762	4384.92	119.03
27764	4385.3	119.019
27784	4388.85	119.019
27802	4392.08	119.017
27804	4389.96	119.017
27809	4390.89	119.016
27826	4393.94	119.015
27827	4394.11	119.014
27833	4395.3	119.013
27834	4395.49	119.013
27857	4399.54	119.01
27863	4400.61	119.006
27881	4403.73	119.005
27886	4404.59	119.002
27897	4406.58	118.998
27913	4409.38	118.995
27914	4409.56	118.993
27945	4414.96	118.993
27947	4415.31	118.992
27986	4419.95	118.992
28000	4422.53	118.992
28001	4422.72	118.991
28004	4423.23	118.99
28005	4423.4	118.989
28010	4424.29	118.989
28011	4424.46	118.989
28013	4424.82	118.988
28018	4425.69	118.988
28021	4426.23	118.987
28030	4427.83	118.986
28032	4428.18	118.984
28037	4429.19	118.983
28042	4430.07	118.979
28044	4430.42	118.977
28045	4430.59	118.976
28047	4430.94	118.974
28048	4431.11	118.973
28050	4431.47	118.973
28055	4432.34	118.968
28058	4432.88	118.967
28069	4435.16	118.965
28070	4435.36	118.965
28077	4436.73	118.964
28088	4438.65	118.961
28093	4439.53	118.955
28097	4440.25	118.95
28118	4443.98	118.949
28122	4444.72	118.948
28129	4445.99	118.948
28131	4446.35	118.948
28133	4446.7	118.944
28142	4448.3	118.944
28145	4448.83	118.944
28150	4449.7	118.942
28152	4450.06	118.941
28157	4450.94	118.94
28162	4449.35	118.94
28164	4449.71	118.939
28165	4449.89	118.937
28166	4450.07	118.935
28168	4450.42	118.935
28169	4450.6	118.925
28170	4450.78	118.925
28176	4451.83	118.925
28180	4452.57	118.924
28186	4453.6	118.922
28201	4456.24	118.921
28210	4457.86	118.921
28219	4459.47	118.918
28222	4460.04	118.917
28234	4462.22	118.911
28238	4462.93	118.909
28241	4463.45	118.908
28243	4463.8	118.908
28246	4464.35	118.907
28248	4464.69	118.907
28255	4465.91	118.905
28269	4468.52	118.905
28283	4471	118.904
28289	4472.06	118.904
28293	4472.75	118.903
28304	4474.73	118.902
28308	4475.43	118.902
28331	4479.52	118.901
28335	4480.22	118.899
28337	4480.62	118.898
28340	4481.18	118.894
28342	4481.54	118.893
28346	4479.74	118.892
28348	4480.1	118.891
28353	4480.99	118.888
28357	4481.69	118.885
28360	4482.21	118.882
28361	4482.42	118.88
28367	4483.48	118.878
28373	4484.61	118.873
28378	4485.45	118.85
28384	4486.54	118.842
28387	4487.06	118.84
28392	4487.93	118.84
28406	4490.5	118.832
28408	4490.85	118.827
28410	4491.21	118.816
28417	4492.41	118.809
28435	4495.64	118.808
28442	4496.89	118.808
28451	4498.43	118.802
28455	4499.13	118.799
28457	4499.55	118.785
28458	4499.72	118.785
28463	4500.61	118.783
28466	4501.2	118.779
28477	4503.23	118.777
28479	4503.58	118.775
28500	4507.48	118.775
28501	4507.65	118.775
28511	4509.5	118.773
28512	4509.69	118.772
28518	4510.86	118.77
28522	4509.06	118.766
28525	4509.6	118.765
28544	4513.08	118.761
28549	4513.98	118.761
28553	4514.69	118.76
28562	4516.28	118.76
28594	4522.03	118.759
28598	4522.73	118.757
28619	4526.49	118.756
28620	4526.66	118.756
28628	4528.13	118.75
28629	4528.32	118.75
28632	4528.87	118.749
28636	4529.58	118.744
28639	4530.1	118.743
28650	4532.03	118.712
28656	4533.07	118.702
28659	4533.59	118.698
28666	4534.84	118.697
28675	4536.46	118.694
28689	4538.97	118.693
28693	4539.69	118.689
28699	4540.78	118.683
28701	4538.66	118.681
28724	4542.98	118.679
28729	4543.87	118.678
28733	4544.59	118.586
28762	4549.8	118.586
28775	4552.11	118.586
28777	4552.52	118.583
28804	4557.21	118.469
28809	4558.1	118.467
28833	4562.39	118.463
28857	4566.52	118.46
28893	4570.26	118.46
28897	4570.99	118.457
28913	4573.9	118.455
28942	4579.21	118.444
28962	4582.91	118.443
28981	4586.32	118.424
29000	4589.71	118.424
29001	4589.89	118.419
29003	4590.32	118.419
29005	4590.69	118.419
29010	4591.58	118.418
29011	4591.76	118.415
29012	4591.94	118.415
29013	4592.12	118.413
29025	4594.27	118.413
29030	4595.18	118.413
29037	4596.42	118.41
29039	4596.81	118.408
29042	4597.35	118.407
29047	4598.26	118.406
29055	4599.69	118.39
29067	4599.35	118.389
29069	4599.7	118.387
29093	4603.95	118.387
29097	4604.66	118.386
29118	4608.42	118.385
29122	4609.17	118.385
29131	4610.76	118.378
29133	4611.1	118.374
29146	4613.35	118.37
29150	4614.08	118.368
29153	4614.62	118.368
29159	4615.71	118.366
29165	4616.78	118.364
29169	4617.52	118.338
29170	4617.7	118.331
29172	4618.05	118.331
29192	4621.77	118.327
29193	4621.95	118.326
29196	4622.47	118.326
29215	4625.88	118.325
29219	4626.59	118.323
29222	4627.14	118.321
29232	4628.88	118.32
29234	4629.24	118.314
29238	4629.93	118.303
29243	4628.34	118.302
29248	4629.27	118.302
29255	4630.54	118.301
29272	4633.52	118.299
29288	4636.44	118.299
29289	4636.62	118.298
29293	4637.33	118.297
29299	4638.4	118.297
29308	4640	118.293
29309	4640.17	118.293
29310	4640.34	118.292
29319	4641.94	118.292
29331	4644.05	118.291
29335	4644.75	118.29
29337	4645.09	118.29
29340	4645.62	118.286
29342	4645.96	118.286
29346	4646.64	118.284
29353	4647.86	118.28
29357	4648.6	118.278
29360	4649.13	118.278
29373	4651.54	118.274
29378	4652.42	118.274
29384	4653.53	118.267
29392	4654.96	118.266
29408	4657.9	118.265
29410	4658.25	118.263
29417	4659.47	118.259
29442	4661.42	118.256
29449	4662.66	118.254
29451	4663	118.252
29455	4663.74	118.25
29457	4664.09	118.238
29460	4664.61	118.238
29463	4665.13	118.234
29466	4665.65	118.232
29477	4667.58	118.231
29497	4671.32	118.216
29500	4671.84	118.216
29511	4673.8	118.211
29519	4675.28	118.21
29545	4679.93	118.209
29553	4681.33	118.209
29555	4681.7	118.207
29562	4682.96	118.206
29569	4684.22	118.205
29589	4687.79	118.203
29594	4688.71	118.202
29598	4689.41	118.199
29608	4688.68	118.197
29619	4690.61	118.194
29628	4692.36	118.185
29631	4692.88	118.184
29636	4693.78	118.182
29648	4695.82	118.182
29650	4696.16	118.174
29656	4697.25	118.173
29659	4697.78	118.173
29666	4699.01	118.172
29675	4700.6	118.17
29689	4703.09	118.169
29699	4704.97	118.163
29701	4705.34	118.163
29706	4706.21	118.149
29712	4707.26	118.148
29724	4709.39	118.146
29733	4710.98	118.142
29762	4716.02	118.141
29788	4718.22	118.132
29802	4720.74	118.131
29804	4721.08	118.095
29811	4722.28	118.094
29817	4723.29	118.094
29833	4726.12	118.082
29857	4730.46	118.08
29888	4736.18	118.077
29891	4736.73	118.076
29913	4740.74	118.074
29924	4742.73	118.072
29969	4748.36	118.071
30000	4753.78	118.071
30001	4753.96	118.07
30008	4755.17	118.069
30013	4756.03	118.069
30024	4757.92	118.065
30029	4758.86	118.065
30030	4759.03	118.064
30037	4760.3	118.063
30053	4763.14	118.062
30055	4763.49	118.062
30069	4765.91	118.061
30070	4766.08	118.061
30075	4766.94	118.053
30097	4770.77	118.053
30109	4772.89	118.051
30118	4774.43	118.05
30122	4775.14	118.049
30131	4776.69	118.042
30150	4777.52	118.04
30159	4779.11	118.04
30165	4780.16	118.037
30169	4780.86	118.021
30170	4781.03	118.021
30172	4781.46	118.018
30173	4781.72	118.016
30192	4785.26	118.009
30196	4785.96	118.009
30232	4794.89	118.008
30234	4795.33	118.002
30238	4796.07	118
30248	4797.92	118
30255	4799.23	118
30299	4807.39	117.997
30300	4807.57	117.997
30302	4807.91	117.997
30304	4808.26	117.995
30307	4808.8	117.995
30315	4807.74	117.994
30331	4810.59	117.993
30337	4811.69	117.993
30340	4812.21	117.989
30342	4812.56	117.988
30355	4814.95	117.986
30360	4815.84	117.985
30363	4816.35	117.985
30373	4818.12	117.979
30374	4818.29	117.978
30384	4820.47	117.973
30394	4822.48	117.972
30408	4825.29	117.971
30416	4826.71	117.969
30417	4826.89	117.966
30448	4832.39	117.966
30455	4833.69	117.964
30457	4834.03	117.947
30460	4834.61	117.944
30463	4835.18	117.944
30466	4835.7	117.941
30485	4836.57	117.94
30497	4838.66	117.938
30500	4839.25	117.938
30511	4841.24	117.933
30513	4841.6	117.932
30536	4845.69	117.888
30553	4848.76	117.888
30557	4849.52	117.885
30562	4850.42	117.884
30570	4851.97	117.883
30598	4856.99	117.882
30606	4858.44	117.882
30628	4862.3	117.874
30631	4862.82	117.873
30636	4863.72	117.872
30642	4864.76	117.869
30649	4866.03	117.868
30650	4866.21	117.863
30675	4868.18	117.862
30684	4869.74	117.861
30689	4870.61	117.858
30699	4872.36	117.857
30706	4873.66	117.855
30713	4874.86	117.855
30724	4876.78	117.852
30733	4878.39	117.848
30804	4891.01	117.832
30833	4896.08	117.83
30834	4896.26	117.828
30857	4897.82	117.826
30859	4898.16	117.823
30887	4903.09	117.821
30913	4907.72	117.819
31000	4923.54	117.819
31001	4923.72	117.819
31009	4925.1	117.819
31024	4927.82	117.817
31027	4925.86	117.816
31030	4926.41	117.816
31069	4933.36	117.815
31075	4934.48	117.814
31113	4941.24	117.807
31118	4942.11	117.806
31122	4942.86	117.783
31123	4943.04	117.782
31131	4944.42	117.774
31142	4946.33	117.774
31165	4950.4	117.773
31169	4951.09	117.76
31192	4955.12	117.753
31197	4955.97	117.751
31232	4959.57	117.751
31234	4959.91	117.746
31246	4961.96	117.743
31248	4962.3	117.741
31260	4964.39	117.741
31262	4964.72	117.74
31302	4971.61	117.737
31305	4972.11	117.737
31314	4973.75	117.736
31315	4973.92	117.736
31318	4974.43	117.735
31325	4975.65	117.724
31331	4976.68	117.723
31332	4976.85	117.722
31337	4977.69	117.722
31340	4978.21	117.712
31342	4978.55	117.708
31355	4980.76	117.706
31357	4981.16	117.705
31373	4983.89	117.703
31384	4985.79	117.701
31393	4987.36	117.699
31394	4987.55	117.688
31400	4986.17	117.682
31408	4987.67	117.682
31410	4988.04	117.679
31415	4988.93	117.678
31417	4989.27	117.667
31455	4996.07	117.664
31457	4996.4	117.65
31458	4996.57	117.649
31459	4996.75	117.649
31466	4998.03	117.647
31467	4998.2	117.647
31469	4998.55	117.619
31472	4999.09	117.619
31473	4999.27	117.619
31489	5002.12	117.618
31492	5002.64	117.617
31500	5004.12	117.617
31511	5006.09	117.614
31516	5007.05	117.599
31517	5007.23	117.599
31521	5007.98	117.589
31536	5010.65	117.559
31538	5011.01	117.557
31553	5013.7	117.556
31557	5014.4	117.552
31565	5015.82	117.552
31589	5017.61	117.551
31593	5018.3	117.548
31607	5020.83	117.546
31613	5021.88	117.546
31614	5022.06	117.545
31628	5024.55	117.54
31636	5025.96	117.539
31640	5026.68	117.537
31642	5027.03	117.536
31650	5028.44	117.533
31652	5028.8	117.526
31658	5029.88	117.524
31660	5030.23	117.519
31661	5030.39	117.518
31674	5032.69	117.511
31675	5032.86	117.509
31678	5033.41	117.509
31684	5034.46	117.508
31685	5034.64	117.494
31699	5037.28	117.493
31706	5038.58	117.493
31711	5039.46	117.377
31717	5040.54	117.377
31724	5041.87	117.376
31728	5042.59	117.376
31731	5043.15	117.373
31733	5043.51	117.372
31746	5045.85	117.371
31751	5046.74	117.338
31753	5047.09	117.337
31760	5045.83	117.331
31762	5046.22	117.33
31770	5047.76	117.313
31802	5053.48	117.311
31804	5053.84	117.303
31809	5054.72	117.301
31811	5055.08	117.245
31812	5055.25	117.244
31833	5058.9	117.242
31834	5059.09	117.241
31841	5060.32	117.239
31857	5063.46	117.237
31861	5064.14	117.235
31862	5064.3	117.211
31872	5066.79	117.21
31873	5067.09	117.19
31876	5067.84	117.189
31877	5068.13	117.071
31882	5069.74	117.06
31893	5072.84	117.059
31897	5073.95	117.058
31900	5074.55	117.044
31908	5076.06	117.043
31913	5074.51	117.042
31944	5080.45	117.041
31951	5081.82	116.94
31961	5083.59	116.938
31962	5083.84	116.937
31964	5084.2	116.937
31974	5085.87	116.883
31979	5086.76	116.854
31981	5087.2	116.85
31986	5088.06	116.846
31994	5089.82	116.571
32000	5090.99	116.571
32006	5092.04	116.569
32008	5092.43	116.569
32020	5094.47	116.568
32023	5094.96	116.563
32025	5095.34	116.563
32027	5095.67	116.561
32030	5096.19	116.561
32033	5096.7	116.558
32035	5097.03	116.557
32038	5097.52	116.557
32045	5098.81	116.556
32050	5099.65	116.555
32053	5100.18	116.554
32054	5100.38	116.553
32057	5101.1	116.551
32059	5101.61	116.55
32066	5103.03	116.548
32069	5103.9	116.547
32075	5104.92	116.547
32079	5105.6	116.547
32081	5105.94	116.543
32083	5106.29	116.541
32098	5106.36	116.539
32099	5106.53	116.537
32103	5107.21	116.53
32104	5107.37	116.504
32106	5107.69	116.503
32110	5108.39	116.5
32111	5108.55	116.5
32112	5108.72	116.499
32113	5108.9	116.498
32114	5109.06	116.498
32119	5109.94	116.491
32120	5110.09	116.491
32122	5110.43	116.474
32126	5111.13	116.472
32129	5111.67	116.456
32133	5112.34	116.455
32135	5112.67	116.424
32141	5113.72	116.424
32158	5116.62	116.424
32160	5116.97	116.423
32165	5117.95	116.42
32169	5118.73	116.407
32170	5118.97	116.406
32175	5119.99	116.401
32182	5121.39	116.401
32183	5121.55	116.4
32187	5122.21	116.4
32192	5123.05	116.395
32197	5124.07	116.395
32202	5124.89	116.393
32207	5125.71	116.391
32216	5127.25	116.39
32217	5127.42	116.389
32229	5129.4	116.387
32233	5130.05	116.387
32234	5130.21	116.382
32238	5130.86	116.382
32242	5131.7	116.379
32246	5132.66	116.376
32247	5132.86	116.371
32254	5134.06	116.369
32255	5134.25	116.368
32262	5135.45	116.368
32263	5135.61	116.367
32264	5135.77	116.366
32283	5136.43	116.365
32284	5136.59	116.347
32291	5137.8	116.347
32295	5138.47	116.344
32305	5140.11	116.344
32310	5140.98	116.34
32315	5141.91	116.339
32316	5142.08	116.329
32325	5143.55	116.312
32331	5144.53	116.312
32339	5145.83	116.308
32340	5146.02	116.307
32341	5146.22	116.306
32342	5146.38	116.303
32346	5147.1	116.303
32355	5148.56	116.3
32356	5148.72	116.298
32371	5151.41	116.297
32373	5151.74	116.296
32374	5151.91	116.296
32378	5152.58	116.293
32384	5153.6	116.293
32398	5156.01	116.292
32399	5156.17	116.29
32410	5158.01	116.29
32413	5158.51	116.288
32415	5158.85	116.288
32416	5159.02	116.288
32421	5159.89	116.287
32426	5160.98	116.286
32432	5162.17	116.285
32435	5162.69	116.285
32448	5165.06	116.284
32451	5165.59	116.28
32455	5163.86	116.279
32457	5164.25	116.267
32465	5165.74	116.26
32466	5165.93	116.257
32467	5166.13	116.255
32472	5167.01	116.255
32473	5167.19	116.253
32487	5169.72	116.248
32489	5170.07	116.248
32490	5170.25	116.248
32498	5171.69	116.247
32500	5172.04	116.237
32511	5173.98	116.234
32516	5174.86	116.233
32517	5175.03	116.232
32521	5175.74	116.232
32535	5178.16	116.231
32536	5178.34	116.228
32540	5179.04	116.226
32543	5179.57	116.226
32554	5181.53	116.226
32564	5183.28	116.226
32568	5184	116.224
32571	5184.54	116.224
32583	5186.63	116.222
32589	5187.68	116.216
32591	5188.07	116.216
32604	5190.51	116.213
32613	5192.1	116.207
32614	5192.26	116.201
32619	5193.14	116.198
32628	5194.73	116.193
32636	5193.66	116.192
32642	5194.73	116.192
32647	5195.59	116.19
32648	5195.77	116.176
32652	5196.48	116.176
32654	5196.82	116.176
32658	5197.53	116.174
32661	5198.05	116.174
32666	5198.93	116.173
32667	5199.1	116.172
32669	5199.47	116.158
32674	5200.65	116.157
32675	5200.83	116.156
32684	5202.51	116.155
32687	5203.08	116.153
32690	5203.61	116.149
32703	5206.01	116.148
32706	5206.53	116.147
32711	5207.4	116.141
32712	5207.57	116.139
32717	5208.46	116.136
32724	5209.79	116.134
32733	5211.37	116.123
32746	5213.72	116.123
32753	5214.95	116.123
32762	5216.54	116.118
32767	5217.4	116.118
32770	5217.92	116.118
32781	5219.82	116.118
32784	5220.34	116.118
32794	5222.15	116.117
32795	5222.33	116.113
32797	5222.69	116.111
32804	5223.92	116.104
32809	5224.78	116.088
32810	5224.96	116.084
32812	5225.31	116.084
32820	5224.25	116.083
32833	5226.51	116.073
32836	5227.02	116.069
32837	5227.2	116.066
32840	5227.72	116.066
32849	5229.39	116.064
32857	5230.81	116.061
32859	5231.16	116.041
32870	5233.1	116.039
32871	5233.28	116.035
32873	5233.62	116.03
32877	5234.32	116.025
32880	5234.85	116.023
32882	5235.2	116.021
32910	5240.18	116.018
32926	5243.01	116.014
32927	5243.18	116.013
32935	5244.59	116.008
32951	5247.38	115.987
32961	5249.11	115.986
32979	5252.24	115.971
32981	5252.59	115.97
32994	5254.87	115.968
33000	5253.45	115.968
33009	5255.08	115.966
33013	5255.78	115.965
33016	5256.3	115.965
33020	5257.01	115.964
33023	5257.53	115.964
33027	5258.22	115.963
33030	5258.75	115.963
33035	5259.73	115.962
33040	5260.64	115.962
33044	5261.34	115.959
33049	5262.24	115.936
33050	5262.41	115.935
33053	5262.94	115.933
33054	5263.11	115.931
33058	5263.83	115.928
33066	5265.25	115.928
33069	5265.87	115.927
33070	5266.04	115.927
33079	5267.61	115.926
33083	5268.31	115.925
33091	5269.75	115.924
33093	5270.09	115.923
33097	5270.8	115.92
33099	5271.15	115.919
33101	5271.49	115.917
33103	5271.84	115.915
33104	5272.02	115.909
33106	5272.37	115.908
33119	5274.68	115.907
33122	5275.21	115.895
33125	5275.75	115.894
33126	5275.94	115.893
33129	5276.46	115.879
33133	5277.17	115.879
33141	5278.56	115.878
33142	5278.74	115.878
33146	5279.49	115.878
33160	5281.93	115.876
33162	5282.28	115.876
33165	5282.8	115.874
33166	5282.98	115.872
33169	5283.54	115.857
33171	5283.89	115.855
33173	5284.24	115.854
33183	5283.54	115.853
33184	5283.71	115.853
33191	5284.94	115.852
33192	5285.12	115.848
33193	5285.31	115.848
33196	5285.9	115.843
33197	5286.07	115.84
33207	5287.91	115.839
33214	5289.12	115.839
33217	5289.65	115.834
33218	5289.83	115.833
33220	5290.17	115.832
33223	5290.73	115.829
33228	5291.63	115.828
33230	5292	115.827
33231	5292.18	115.826
33234	5292.72	115.821
33238	5293.42	115.818
33241	5293.95	115.817
33246	5294.83	115.816
33247	5295	115.815
33249	5295.34	115.815
33254	5296.23	115.814
33255	5296.41	115.812
33256	5296.58	115.811
33269	5298.87	115.81
33278	5300.44	115.81
33284	5301.6	115.8
33291	5302.85	115.798
33305	5305.33	115.798
33308	5305.86	115.798
33310	5306.21	115.793
33315	5307.1	115.793
33316	5307.29	115.79
33323	5308.65	115.789
33325	5309	115.769
33331	5310.23	115.769
33332	5310.42	115.768
33340	5311.78	115.763
33355	5314.56	115.761
33357	5314.91	115.757
33361	5313.17	115.754
33371	5314.87	115.749
33378	5316.11	115.746
33384	5317.12	115.738
33395	5319.01	115.738
33398	5319.51	115.733
33399	5319.69	115.732
33402	5320.18	115.732
33403	5320.35	115.732
33406	5320.85	115.721
33408	5321.18	115.719
33410	5321.6	115.718
33416	5322.63	115.714
33421	5323.48	115.714
33422	5323.65	115.714
33435	5325.81	115.711
33440	5326.69	115.711
33446	5327.77	115.708
33448	5328.11	115.706
33449	5328.28	115.705
33451	5328.61	115.702
33457	5329.62	115.688
33465	5330.97	115.686
33466	5331.14	115.685
33473	5332.31	115.683
33474	5332.51	115.682
33486	5334.51	115.682
33487	5334.68	115.681
33500	5336.93	115.68
33504	5337.63	115.677
33511	5338.8	115.67
33516	5339.74	115.664
33531	5342.41	115.664
33537	5343.45	115.663
33564	5345.67	115.66
33565	5345.84	115.659
33568	5346.35	115.653
33591	5350.46	115.653
33592	5350.63	115.652
33598	5351.64	115.651
33612	5354.03	115.65
33619	5355.24	115.647
33628	5356.82	115.642
33629	5356.99	115.634
33644	5359.58	115.626
33648	5360.24	115.615
33652	5360.93	115.615
33658	5362.11	115.607
33666	5363.52	115.607
33667	5363.7	115.606
33669	5364.03	115.588
33674	5364.89	115.588
33675	5365.07	115.587
33690	5367.74	115.584
33693	5368.24	115.584
33700	5369.42	115.581
33711	5371.26	115.579
33713	5371.59	115.579
33717	5372.34	115.578
33724	5373.56	115.578
33733	5372.7	115.563
33746	5375.01	115.561
33784	5381.27	115.561
33794	5382.99	115.559
33795	5383.16	115.559
33800	5383.99	115.557
33802	5384.32	115.555
33804	5384.66	115.552
33807	5385.16	115.549
33809	5385.49	115.546
33820	5387.29	115.545
33828	5388.61	115.543
33833	5389.52	115.536
33837	5390.18	115.53
33857	5393.54	115.527
33859	5393.87	115.498
33864	5394.69	115.497
33867	5395.18	115.493
33869	5395.51	115.49
33891	5399.75	115.488
33894	5400.25	115.486
33895	5400.42	115.485
33897	5400.75	115.484
33944	5406.22	115.483
33951	5407.44	115.483
33961	5409.33	115.482
33974	5411.71	115.482
33975	5411.88	115.48
34000	5416.53	115.479
34001	5416.74	115.479
34013	5418.89	115.474
34015	5419.22	115.474
34020	5420.06	115.474
34025	5420.96	115.47
34027	5421.28	115.47
34030	5421.79	115.47
34040	5423.41	115.47
34044	5424.05	115.467
34045	5424.23	115.465
34050	5425.05	115.465
34053	5425.55	115.464
34054	5425.72	115.464
34066	5427.66	115.46
34069	5428.15	115.459
34070	5428.31	115.458
34072	5428.64	115.456
34074	5428.96	115.453
34079	5429.83	115.452
34080	5429.99	115.451
34091	5431.94	115.451
34093	5432.42	115.45
34098	5433.28	115.45
34099	5433.45	115.45
34100	5433.61	115.447
34103	5434.11	115.445
34104	5431.8	115.445
34106	5432.15	115.444
34113	5433.34	115.443
34114	5433.5	115.442
34115	5433.66	115.442
34120	5434.5	115.441
34122	5434.82	115.427
34129	5435.97	115.421
34138	5437.52	115.416
34141	5438.03	115.414
34145	5438.68	115.414
34158	5440.89	115.413
34160	5441.21	115.413
34165	5442.09	115.41
34169	5442.76	115.401
34179	5444.39	115.396
34181	5444.72	115.395
34191	5446.36	115.395
34192	5446.52	115.39
34194	5446.85	115.389
34195	5447.02	115.388
34196	5447.2	115.387
34202	5448.32	115.385
34210	5449.82	115.384
34214	5450.53	115.384
34228	5452.82	115.381
34230	5453.14	115.379
34231	5453.3	115.377
34233	5453.63	115.377
34234	5453.79	115.372
34238	5454.44	115.371
34246	5455.83	115.369
34247	5456.02	115.361
34254	5457.19	115.36
34255	5457.35	115.359
34260	5458.26	115.359
34261	5458.43	115.358
34269	5459.83	115.357
34278	5461.32	115.349
34284	5462.33	115.339
34291	5463.57	115.339
34293	5461.44	115.338
34297	5462.17	115.337
34308	5464.04	115.336
34309	5464.22	115.335
34312	5464.72	115.335
34315	5465.22	115.335
34316	5465.38	115.328
34325	5466.92	115.32
34331	5467.95	115.319
34332	5468.12	115.317
34340	5469.52	115.316
34341	5469.7	115.315
34355	5472.2	115.31
34357	5472.53	115.31
34375	5475.6	115.309
34379	5476.27	115.308
34382	5476.78	115.304
34384	5477.11	115.302
34386	5477.46	115.3
34395	5479.02	115.299
34398	5479.53	115.299
34399	5479.69	115.298
34402	5480.19	115.297
34406	5480.87	115.295
34408	5481.21	115.293
34415	5482.48	115.289
34416	5482.66	115.285
34419	5483.17	115.282
34423	5483.83	115.219
34435	5485.92	115.219
34440	5486.74	115.218
34448	5488.05	115.217
34457	5489.59	115.206
34458	5489.76	115.205
34466	5491.07	115.203
34471	5491.88	115.202
34473	5492.21	115.2
34486	5491.84	115.2
34487	5492	115.199
34490	5492.52	115.198
34492	5492.87	115.198
34496	5493.61	115.198
34500	5494.27	115.198
34503	5494.77	115.197
34511	5496.09	115.192
34553	5503.01	115.192
34575	5506.68	115.191
34579	5507.33	115.191
34591	5509.39	115.19
34592	5509.55	115.19
34598	5510.54	115.189
34600	5510.86	115.188
34628	5515.67	115.184
34643	5518.25	115.183
34644	5518.42	115.177
34648	5519.09	115.174
34669	5522.6	115.167
34674	5523.42	115.166
34675	5521.09	115.165
34690	5523.54	115.162
34693	5524.04	115.161
34717	5528.13	115.16
34733	5530.74	115.151
34746	5532.93	115.149
34774	5537.64	115.149
34800	5541.92	115.148
34802	5542.32	115.147
34804	5542.65	115.143
34833	5547.37	115.135
34847	5549.67	115.135
34857	5551.32	115.134
34859	5551.71	115.132
34872	5551.34	115.131
34881	5552.82	115.13
34897	5555.45	115.13
34951	5564.5	115.129
35000	5572.61	115.129
35001	5572.78	115.128
35008	5573.92	115.127
35012	5574.57	115.126
35013	5574.74	115.122
35015	5575.13	115.122
35020	5576.02	115.121
35027	5577.16	115.118
35044	5580.1	115.116
35050	5581.08	115.114
35066	5581.2	115.113
35069	5581.69	115.113
35072	5582.18	115.113
35083	5583.99	115.112
35091	5585.3	115.112
35093	5585.71	115.111
35098	5586.53	115.111
35100	5586.86	115.108
35103	5587.35	115.106
35104	5587.51	115.099
35115	5589.33	115.097
35120	5590.15	115.089
35122	5590.49	115.08
35129	5591.67	115.078
35141	5593.63	115.075
35146	5594.45	115.075
35165	5597.55	115.073
35169	5598.2	115.067
35178	5599.72	115.067
35181	5600.2	115.065
35183	5600.53	115.064
35185	5600.86	115.064
35192	5602	115.063
35194	5602.33	115.063
35196	5602.65	115.06
35220	5606.57	115.059
35228	5607.87	115.059
35234	5608.85	115.055
35240	5609.87	115.054
35246	5610.86	115.054
35254	5612.16	115.053
35255	5612.33	115.052
35256	5612.49	115.052
35269	5612.12	115.051
35276	5613.28	115.05
35284	5614.6	115.048
35291	5615.82	115.047
35299	5617.13	115.047
35308	5618.58	115.047
35310	5618.91	115.044
35316	5619.88	115.04
35325	5621.35	115.036
35331	5622.33	115.035
35332	5622.51	115.034
35340	5623.98	115.031
35371	5629.1	115.027
35384	5631.26	115.025
35402	5634.17	115.024
35403	5634.34	115.024
35406	5634.82	115.021
35412	5635.79	115.018
35415	5636.27	115.015
35421	5637.31	115.012
35423	5637.64	115.011
35433	5639.28	115.01
35448	5641.72	115.009
35449	5641.88	114.988
35457	5643.19	114.969
35466	5642.26	114.968
35473	5643.41	114.967
35486	5645.57	114.967
35487	5645.74	114.966
35500	5648.12	114.966
35511	5650	114.965
35553	5657.73	114.962
35591	5666.27	114.961
35628	5670.63	114.951
35644	5673.75	114.942
35648	5674.4	114.94
35669	5677.93	114.934
35675	5678.97	114.934
35690	5681.55	114.931
35713	5685.67	114.93
35717	5686.54	114.929
35733	5692.83	114.924
35746	5697.42	114.923
35770	5701.63	114.922
35799	5704.07	114.92
35800	5704.24	114.92
35804	5704.9	114.913
35832	5710.09	114.912
35833	5710.25	114.906
35857	5714.3	114.904
35858	5714.48	114.904
35951	5732.54	114.901
36000	5743.6	114.901
36001	5743.87	114.9
36044	5754.23	114.895
36058	5756.82	114.895
36066	5758.54	114.893
36069	5759.83	114.893
36080	5759.83	114.893
36093	5762.2	114.892
36098	5763.08	114.891
36103	5764.04	114.89
36104	5764.27	114.889
36122	5767.58	114.882
36127	5768.53	114.88
36129	5768.89	114.879
36140	5770.79	114.879
36141	5770.96	114.879
36164	5774.98	114.878
36165	5775.2	114.875
36169	5775.91	114.859
36175	5776.96	114.859
36183	5778.41	114.857
36192	5780.04	114.842
36196	5780.72	114.836
36228	5786.41	114.836
36230	5786.75	114.834
36234	5787.44	114.829
36246	5789.54	114.829
36254	5790.95	114.828
36255	5791.12	114.828
36310	5798.27	114.812
36316	5799.33	114.804
36331	5802.07	114.804
36332	5802.24	114.803
36340	5803.72	114.796
36342	5804.09	114.794
36357	5806.81	114.794
36379	5810.79	114.787
36384	5811.64	114.787
36402	5815.26	114.786
36423	5819.32	114.786
36446	5821.19	114.769
36448	5821.55	114.768
36457	5823.17	114.76
36466	5824.81	114.759
36468	5825.15	114.759
36473	5826	114.758
36489	5828.96	114.758
36500	5830.99	114.758
36511	5832.92	114.756
36537	5837.56	114.754
36553	5840.41	114.753
36591	5847.07	114.753
36593	5847.42	114.753
36598	5848.29	114.752
36603	5849.33	114.749
36628	5851.29	114.746
36646	5854.52	114.744
36648	5854.87	114.742
36657	5856.43	114.739
36675	5859.63	114.737
36690	5862.25	114.735
36733	5870.08	114.735
36746	5872.35	114.733
36784	5879.42	114.731
36800	5879.75	114.731
36832	5885.44	114.719
36833	5885.61	114.715
36835	5885.96	114.713
36870	5892.17	114.712
36873	5892.68	114.706
36962	5908.39	114.701
37000	5912.62	114.701
37019	5915.96	114.699
37030	5917.9	114.698
37044	5920.31	114.696
37066	5924.25	114.696
37069	5924.79	114.696
37080	5926.76	114.695
37103	5930.82	114.694
37122	5934.2	114.691
37124	5934.54	114.684
37127	5935.06	114.683
37129	5935.4	114.68
37135	5936.5	114.678
37156	5940.23	114.677
37165	5939.33	114.675
37169	5940.02	114.663
37175	5941.09	114.661
37180	5941.96	114.661
37192	5944.06	114.659
37222	5949.39	114.659
37226	5950.08	114.657
37228	5950.43	114.657
37230	5950.79	114.654
37234	5951.49	114.65
37276	5959.08	114.649
37304	5964.25	114.647
37310	5965.32	114.638
37316	5966.35	114.635
37331	5968.96	114.634
37332	5969.15	114.634
37340	5970.63	114.632
37342	5968.51	114.631
37357	5971.44	114.63
37360	5971.97	114.63
37371	5975	114.629
37379	5976.84	114.625
37416	5984.11	114.625
37423	5985.42	114.624
37433	5987.61	114.623
37446	5990.23	114.608
37448	5990.58	114.608
37451	5991.09	114.607
37457	5992.22	114.599
37459	5992.68	114.598
37466	5994.49	114.598
37468	5995.06	114.597
37473	5996.79	114.596
37500	5999.82	114.596
37511	6001.88	114.593
37537	6006.71	114.592
37549	6008.85	114.591
37564	6011.78	114.591
37591	6017.24	114.591
37593	6017.62	114.589
37598	6018.56	114.588
37616	6022.26	114.587
37628	6024.75	114.584
37646	6028.21	114.583
37648	6028.68	114.58
37675	6031.96	114.58
37687	6034.58	114.577
37690	6035.18	114.576
37746	6045.87	114.575
37788	6053.86	114.57
37800	6056.16	114.57
37804	6056.88	114.567
37833	6059.84	114.565
37939	6079.86	114.563
37962	6084.01	114.562
38000	6088.57	114.562
38019	6092.02	114.561
38025	6093.14	114.559
38044	6096.49	114.556
38066	6100.47	114.556
38069	6101	114.556
38086	6104.3	114.555
38103	6107.34	114.555
38122	6110.83	114.554
38129	6112.08	114.553
38133	6112.78	114.552
38140	6114.02	114.552
38165	6118.56	114.55
38169	6119.26	114.539
38180	6118.89	114.539
38192	6121.01	114.53
38196	6121.72	114.529
38215	6125.16	114.527
38222	6126.52	114.524
38226	6127.24	114.522
38228	6127.59	114.522
38232	6128.3	114.52
38234	6128.64	114.514
38254	6132.17	114.512
38255	6132.34	114.512
38261	6133.41	114.511
38269	6134.78	114.511
38295	6139.39	114.511
38299	6140.08	114.51
38310	6142.05	114.503
38316	6143.12	114.502
38331	6145.72	114.502
38371	6150.34	114.501
38379	6151.82	114.497
38395	6154.7	114.497
38408	6157.05	114.496
38423	6159.75	114.496
38433	6161.58	114.493
38440	6162.88	114.493
38446	6163.94	114.492
38451	6164.87	114.492
38457	6165.94	114.483
38466	6167.52	114.483
38468	6167.88	114.483
38500	6173.76	114.483
38511	6175.75	114.482
38537	6177.87	114.481
38628	6194.14	114.477
38675	6202.52	114.476
38690	6205.17	114.476
38718	6207.74	114.472
38788	6220.26	114.465
38800	6222.43	114.465
38804	6223.14	114.465
38805	6223.32	114.464
38833	6228.36	114.462
38847	6230.87	114.458
38887	6238.05	114.457
39000	6256.15	114.457
39044	6264.15	114.452
39058	6266.54	114.451
39066	6267.96	114.45
39080	6267.96	114.449
39101	6271.91	114.448
39122	6275.69	114.447
39129	6277.04	114.444
39133	6278	114.44
39135	6278.35	114.439
39140	6279.21	114.439
39142	6279.55	114.439
39165	6284.84	114.438
39169	6285.75	114.422
39175	6287.55	114.42
39192	6290.9	114.416
39194	6291.33	114.415
39215	6296.62	114.415
39220	6297.81	114.412
39228	6296.8	114.411
39232	6297.51	114.411
39234	6297.87	114.396
39254	6301.63	114.396
39269	6304.27	114.395
39310	6311.74	114.39
39316	6312.84	114.386
39331	6315.71	114.386
39362	6321.38	114.386
39379	6324.45	114.384
39421	6329.63	114.38
39423	6329.97	114.38
39433	6331.77	114.376
39457	6336.01	114.367
39458	6336.18	114.365
39468	6337.99	114.361
39500	6343.7	114.361
39511	6345.69	114.354
39553	6353.22	114.351
39564	6355.18	114.35
39583	6356.44	114.35
39628	6365.34	114.346
39629	6365.66	114.342
39690	6376.83	114.339
39746	6386.91	114.338
39788	6392.08	114.329
39797	6393.78	114.328
39799	6394.13	114.323
39804	6394.99	114.323
39873	6407.3	114.32
39926	6416.95	114.319
40000	6427.65	114.319
40044	6435.69	114.314
40066	6439.64	114.314
40101	6445.96	114.312
40122	6447.19	114.311
40140	6450.27	114.311
40164	6454.58	114.308
40165	6454.75	114.306
40169	6455.45	114.303
40175	6456.49	114.302
40183	6457.9	114.301
40192	6459.51	114.295
40222	6464.92	114.295
40230	6466.34	114.295
40232	6466.69	114.293
40234	6467.04	114.287
40249	6469.85	114.286
40254	6470.74	114.285
40261	6471.97	114.285
40269	6473.35	114.284
40286	6476.35	114.284
40290	6477.05	114.283
40310	6478.17	114.279
40316	6479.21	114.279
40331	6481.94	114.278
40357	6486.57	114.277
40385	6491.71	114.274
40400	6494.44	114.273
40415	6497.19	114.272
40423	6498.58	114.272
40433	6500.43	114.271
40440	6501.67	114.271
40448	6503.11	114.271
40449	6503.32	114.265
40457	6504.75	114.252
40458	6504.93	114.251
40500	6509.99	114.251
40511	6511.99	114.247
40535	6516.32	114.247
40553	6519.47	114.24
40564	6521.42	114.238
40583	6524.87	114.237
40593	6526.64	114.234
40628	6533.12	114.228
40629	6533.3	114.226
40657	6535.84	114.226
40690	6541.8	114.225
40732	6549.35	114.223
40784	6558.77	114.223
40799	6561.47	114.22
41000	6597.22	114.22
41014	6599.77	114.219
41044	6605.36	114.217
41066	6609.6	114.217
41114	6620.04	114.216
41140	6624.9	114.216
41142	6625.3	114.216
41146	6626.03	114.214
41164	6626.79	114.212
41165	6626.97	114.211
41169	6627.69	114.199
41175	6628.74	114.195
41183	6630.16	114.195
41187	6630.91	114.194
41222	6637.25	114.194
41234	6639.42	114.192
41246	6641.64	114.19
41249	6642.17	114.189
41254	6643.06	114.188
41261	6644.36	114.187
41269	6645.79	114.186
41286	6648.96	114.186
41290	6649.72	114.184
41310	6653.33	114.183
41316	6654.41	114.181
41331	6654.76	114.18
41353	6658.72	114.179
41423	6671.34	114.179
41440	6674.39	114.178
41457	6677.56	114.17
41500	6685.3	114.17
41511	6684.78	114.167
41535	6689.44	114.166
41591	6699.5	114.165
41628	6706.23	114.162
41690	6715.04	114.159
41784	6732.04	114.158
41877	6747.91	114.148
42000	6770.41	114.148
42044	6775.76	114.146
42065	6779.54	114.145
42066	6779.72	114.145
42127	6790.73	114.144
42142	6793.48	114.144
42146	6794.22	114.144
42156	6796.01	114.144
42164	6797.43	114.142
42165	6797.61	114.141
42169	6798.31	114.134
42187	6801.47	114.134
42196	6803.07	114.13
42222	6805.15	114.129
42234	6807.39	114.127
42254	6810.97	114.126
42261	6812.26	114.126
42269	6813.64	114.124
42276	6814.88	114.12
42290	6817.34	114.119
42310	6820.86	114.115
42316	6821.9	114.115
42331	6824.7	114.114
42457	6845.27	114.108
42500	6853.09	114.108
42503	6853.65	114.107
42511	6855.09	114.105
42515	6855.82	114.104
42553	6862.64	114.102
42624	6872.94	114.097
42628	6873.69	114.093
42640	6875.99	114.093
42690	6885.21	114.092
42788	6900.41	114.088
42873	6915.31	114.087
43000	6935.92	114.087
43016	6938.86	114.087
43044	6944.04	114.083
43067	6948.39	114.078
43079	6950.67	114.078
43083	6951.38	114.075
43090	6952.65	114.075
43101	6952.22	114.074
43124	6956.33	114.073
43129	6957.23	114.035
43135	6958.3	114.028
43142	6959.54	114.026
43158	6962.55	114.026
43165	6963.8	114.026
43169	6964.51	114.02
43187	6967.69	114.019
43192	6968.59	114.019
43207	6971.26	114.018
43232	6975.89	114.018
43234	6976.24	114.013
43254	6979.91	114.011
43261	6981.18	114.011
43266	6982.07	114.01
43269	6982.61	114.01
43276	6981.47	114.005
43310	6987.59	113.997
43331	6991.36	113.996
43353	6995.35	113.996
43357	6996.05	113.993
43379	6999.95	113.992
43395	7002.81	113.99
43433	7009.83	113.988
43457	7011.73	113.979
43485	7016.87	113.977
43500	7019.62	113.977
43511	7021.57	113.976
43515	7022.35	113.976
43524	7024.02	113.964
43535	7025.93	113.963
43583	7034.61	113.963
43586	7035.14	113.96
43624	7041.94	113.959
43628	7042.66	113.953
43640	7042.35	113.951
43648	7043.78	113.95
43674	7048.57	113.95
43743	7061.05	113.948
43800	7071.71	113.948
43804	7072.41	113.945
43873	7082.29	113.939
43990	7100.87	113.939
44000	7102.62	113.939
44001	7102.79	113.939
44020	7106.18	113.938
44044	7110.36	113.935
44059	7113.05	113.934
44083	7117.5	113.932
44101	7120.76	113.931
44129	7125.9	113.905
44135	7127	113.903
44140	7127.88	113.903
44142	7128.26	113.902
44165	7132.52	113.901
44169	7130.74	113.894
44182	7133.17	113.893
44192	7134.92	113.891
44225	7140.86	113.889
44226	7141.06	113.889
44234	7142.76	113.884
44244	7144.63	113.88
44254	7146.43	113.879
44276	7150.55	113.876
44286	7152.31	113.876
44293	7153.55	113.875
44310	7156.7	113.87
44331	7160.59	113.869
44369	7165.03	113.868
44373	7165.72	113.864
44446	7178.87	113.863
44457	7180.88	113.853
44500	7188.7	113.853
44503	7189.25	113.852
44511	7190.74	113.85
44524	7190.59	113.843
44553	7195.88	113.842
44583	7201.26	113.841
44628	7209.42	113.836
44674	7217.79	113.835
45000	7272.84	113.835
45001	7273	113.835
45058	7279.92	113.835
45059	7280.09	113.834
45067	7281.38	113.834
45083	7283.96	113.832
45129	7291.45	113.809
45165	7297.29	113.809
45169	7297.99	113.807
45192	7301.75	113.806
45198	7302.71	113.805
45225	7307.5	113.802
45234	7309.21	113.798
45254	7310.36	113.798
45261	7311.61	113.795
45267	7312.7	113.794
45276	7314.21	113.792
45331	7323.45	113.792
45371	7330.19	113.789
45373	7330.54	113.784
45395	7334.24	113.783
45457	7341.97	113.775
45465	7343.27	113.773
45500	7348.94	113.773
45524	7352.8	113.768
45583	7362.41	113.768
45628	7369.71	113.764
45777	7394.22	113.723
45849	7404.84	113.716
46000	7430.06	113.716
46017	7435.53	113.715
46019	7435.87	113.714
46020	7436.06	113.714
46044	7440.33	113.712
46059	7443.07	113.71
46081	7449.06	113.707
46083	7449.89	113.706
46119	7457.4	113.702
46129	7459.15	113.681
46165	7464.42	113.681
46169	7465.92	113.671
46192	7469.94	113.67
46198	7471.04	113.669
46234	7477.91	113.666
46254	7481.14	113.665
46260	7482.13	113.664
46261	7482.29	113.659
46276	7484.85	113.657
46283	7485.99	113.655
46331	7491.51	113.655
46371	7498.36	113.654
46373	7498.69	113.65
46378	7499.64	113.639
46379	7499.82	113.638
46395	7502.95	113.632
46457	7513.72	113.626
46465	7515.01	113.623
46500	7518.25	113.623
46511	7520.16	113.621
46524	7522.27	113.617
46583	7532.36	113.617
46777	7563.77	113.606
46788	7565.82	113.601
47000	7600.61	113.601
47002	7600.95	113.601
47017	7603.51	113.596
47020	7604.06	113.595
47044	7608.19	113.594
47053	7607.22	113.59
47059	7608.25	113.587
47083	7612.32	113.586
47100	7615.19	113.584
47119	7618.68	113.58
47129	7620.32	113.567
47135	7621.31	113.567
47169	7627.15	113.565
47170	7627.32	113.563
47192	7630.98	113.561
47217	7635.4	113.558
47225	7636.75	113.557
47232	7638	113.554
47234	7638.33	113.552
47261	7640.39	113.549
47276	7642.93	113.541
47283	7644.08	113.541
47293	7645.83	113.541
47331	7652.2	113.54
47371	7659.02	113.539
47373	7659.55	113.537
47378	7660.37	113.534
47433	7667.08	113.534
47457	7671.11	113.526
47500	7678.18	113.526
47524	7682.19	113.525
47583	7692.25	113.525
47766	7719.37	113.524
47777	7721.18	113.514
47818	7728.18	113.514
47953	7749.27	113.51
47981	7754.17	113.507
48000	7757.24	113.507
48002	7757.56	113.503
48017	7760.04	113.498
48044	7764.38	113.497
48053	7765.82	113.494
48059	7766.78	113.493
48083	7770.66	113.493
48091	7769.52	113.493
48112	7772.94	113.492
48119	7774.06	113.48
48129	7775.66	113.47
48135	7776.64	113.469
48161	7780.82	113.468
48169	7782.28	113.453
48170	7782.54	113.453
48192	7787.54	113.449
48222	7796.86	113.446
48230	7798.3	113.444
48234	7798.96	113.44
48238	7799.84	113.439
48261	7802.57	113.437
48276	7805.04	113.435
48285	7806.51	113.43
48331	7814.28	113.429
48371	7821.22	113.427
48378	7822.39	113.423
48379	7822.56	113.422
48399	7825.92	113.422
48417	7828.96	113.42
48433	7829.4	113.418
48457	7833.67	113.415
48465	7835.45	113.414
48500	7841.62	113.414
48511	7843.6	113.412
48524	7845.94	113.409
48528	7846.68	113.404
48553	7851.35	113.403
48777	7887.9	113.394
48788	7890.45	113.391
49000	7923.11	113.391
49008	7924.43	113.39
49044	7930.43	113.388
49059	7932.92	113.385
49067	7934.24	113.385
49069	7934.57	113.384
49100	7939.79	113.382
49101	7939.96	113.382
49119	7942.92	113.381
49129	7944.55	113.38
49140	7946.35	113.379
49161	7949.86	113.377
49167	7950.85	113.372
49169	7948.68	113.368
49182	7950.85	113.367
49196	7953.25	113.366
49234	7959.59	113.365
49254	7962.89	113.364
49270	7965.55	113.364
49276	7966.59	113.359
49283	7967.74	113.357
49284	7967.9	113.354
49331	7975.68	113.354
49371	7980.02	113.352
49379	7981.42	113.351
49417	7987.68	113.347
49446	7992.56	113.337
49453	7993.72	113.335
49457	7994.36	113.329
49462	7995.18	113.32
49480	7998.2	113.32
49500	8001.5	113.32
49583	8012.78	113.319
49777	8043.7	113.313
49990	8083.98	113.313
50000	8086.23	113.313
# FIN	8086.23	113.313

